ISO-10303-21;
HEADER;
/* Generated by software containing ST-Developer
 * from STEP Tools, Inc. (www.steptools.com) 
 */
/* OPTION: strings as raw bytes, not using required /X/ escapes */

FILE_DESCRIPTION(
/* description */ ('Unknown'),
/* implementation_level */ '2;1');

FILE_NAME(
/* name */ 'CaseServi',
/* time_stamp */ '2024-01-05T19:13:28+01:00',
/* author */ ('Unknown'),
/* organization */ ('Unknown'),
/* preprocessor_version */ 'ST-DEVELOPER v18.102',
/* originating_system */ 'Solid Edge',
/* authorisation */ 'Unknown');

FILE_SCHEMA (('AUTOMOTIVE_DESIGN {1 0 10303 214 3 1 1}'));
ENDSEC;

DATA;
#10=PROPERTY_DEFINITION_REPRESENTATION(#14,#12);
#11=PROPERTY_DEFINITION_REPRESENTATION(#15,#13);
#12=REPRESENTATION('',(#16),#2060);
#13=REPRESENTATION('',(#17),#2060);
#14=PROPERTY_DEFINITION('pmi validation property','',#2065);
#15=PROPERTY_DEFINITION('pmi validation property','',#2065);
#16=VALUE_REPRESENTATION_ITEM('number of annotations',COUNT_MEASURE(0.));
#17=VALUE_REPRESENTATION_ITEM('number of views',COUNT_MEASURE(0.));
#18=SHAPE_REPRESENTATION_RELATIONSHIP('','',#1040,#19);
#19=ADVANCED_BREP_SHAPE_REPRESENTATION('',(#1038),#2060);
#20=TOROIDAL_SURFACE('',#1148,18.,1.);
#21=TOROIDAL_SURFACE('',#1149,18.,1.);
#22=(
BOUNDED_SURFACE()
B_SPLINE_SURFACE(1,3,((#1934,#1935,#1936,#1937),(#1938,#1939,#1940,#1941)),
 .SURF_OF_REVOLUTION.,.F.,.F.,.F.)
B_SPLINE_SURFACE_WITH_KNOTS((2,2),(4,4),(0.,1.),(0.,1.),
 .PIECEWISE_BEZIER_KNOTS.)
GEOMETRIC_REPRESENTATION_ITEM()
RATIONAL_B_SPLINE_SURFACE(((1.,0.983673984693039,0.983673984693039,1.),
(1.,0.983673984693039,0.983673984693039,1.)))
REPRESENTATION_ITEM('')
SURFACE()
);
#23=(
BOUNDED_SURFACE()
B_SPLINE_SURFACE(3,2,((#2002,#2003,#2004),(#2005,#2006,#2007),(#2008,#2009,
#2010),(#2011,#2012,#2013),(#2014,#2015,#2016),(#2017,#2018,#2019),(#2020,
#2021,#2022),(#2023,#2024,#2025),(#2026,#2027,#2028),(#2029,#2030,#2031),
(#2032,#2033,#2034),(#2035,#2036,#2037),(#2038,#2039,#2040),(#2041,#2042,
#2043),(#2044,#2045,#2046),(#2047,#2048,#2049),(#2050,#2051,#2052),(#2053,
#2054,#2055),(#2056,#2057,#2058)),.UNSPECIFIED.,.F.,.F.,.F.)
B_SPLINE_SURFACE_WITH_KNOTS((4,1,1,1,1,1,1,1,1,1,1,1,1,1,1,1,4),(3,3),(0.00468596400299081,
0.00923548771280341,0.0115102495677097,0.013785011422616,0.0160597732775223,
0.0183345351324286,0.0206092969873349,0.0217466779147881,0.0228840588422412,
0.0240214397696944,0.0251588206971475,0.0274335825520538,0.0297083444069601,
0.0319831062618664,0.0342578681167727,0.036532629971679,0.0410821536814916),
(0.,1.),.UNSPECIFIED.)
GEOMETRIC_REPRESENTATION_ITEM()
RATIONAL_B_SPLINE_SURFACE(((1.,0.987806492450935,1.),(1.,0.988686193372518,
1.),(1.,0.990065498198171,1.),(1.,0.992028226158617,1.),(1.,0.993558968693922,
1.),(1.,0.995126294034347,1.),(1.,0.996708717709903,1.),(1.,0.997948926075498,
1.),(1.,0.99867762750874,1.),(1.,0.998892759215771,1.),(1.,0.998637486475917,
1.),(1.,0.997887728339675,1.),(1.,0.99664402063103,1.),(1.,0.995063202774916,
1.),(1.,0.993505084459872,1.),(1.,0.991992700001708,1.),(1.,0.990049989913327,
1.),(1.,0.988681181895666,1.),(1.,0.987807333486443,1.)))
REPRESENTATION_ITEM('')
SURFACE()
);
#24=CYLINDRICAL_SURFACE('',#1054,1.335);
#25=CYLINDRICAL_SURFACE('',#1056,1.335);
#26=CYLINDRICAL_SURFACE('',#1066,4.99553961996593);
#27=CYLINDRICAL_SURFACE('',#1069,19.);
#28=CYLINDRICAL_SURFACE('',#1073,26.2238549118873);
#29=CYLINDRICAL_SURFACE('',#1075,19.);
#30=CYLINDRICAL_SURFACE('',#1079,4.99553961996525);
#31=CYLINDRICAL_SURFACE('',#1082,21.25);
#32=CYLINDRICAL_SURFACE('',#1112,1.5);
#33=CYLINDRICAL_SURFACE('',#1113,1.5);
#34=CYLINDRICAL_SURFACE('',#1114,1.5);
#35=CYLINDRICAL_SURFACE('',#1115,1.5);
#36=CYLINDRICAL_SURFACE('',#1116,1.23);
#37=CYLINDRICAL_SURFACE('',#1117,1.23);
#38=CYLINDRICAL_SURFACE('',#1134,1.);
#39=CYLINDRICAL_SURFACE('',#1135,1.);
#40=CYLINDRICAL_SURFACE('',#1136,1.);
#41=CYLINDRICAL_SURFACE('',#1137,1.);
#42=CYLINDRICAL_SURFACE('',#1138,0.785000000000001);
#43=CYLINDRICAL_SURFACE('',#1141,0.785);
#44=CYLINDRICAL_SURFACE('',#1144,1.23);
#45=CYLINDRICAL_SURFACE('',#1152,2.);
#46=CYLINDRICAL_SURFACE('',#1155,2.);
#47=LINE('',#1588,#99);
#48=LINE('',#1592,#100);
#49=LINE('',#1597,#101);
#50=LINE('',#1691,#102);
#51=LINE('',#1696,#103);
#52=LINE('',#1702,#104);
#53=LINE('',#1736,#105);
#54=LINE('',#1743,#106);
#55=LINE('',#1749,#107);
#56=LINE('',#1764,#108);
#57=LINE('',#1768,#109);
#58=LINE('',#1772,#110);
#59=LINE('',#1776,#111);
#60=LINE('',#1786,#112);
#61=LINE('',#1788,#113);
#62=LINE('',#1790,#114);
#63=LINE('',#1793,#115);
#64=LINE('',#1798,#116);
#65=LINE('',#1802,#117);
#66=LINE('',#1804,#118);
#67=LINE('',#1812,#119);
#68=LINE('',#1817,#120);
#69=LINE('',#1821,#121);
#70=LINE('',#1825,#122);
#71=LINE('',#1829,#123);
#72=LINE('',#1830,#124);
#73=LINE('',#1832,#125);
#74=LINE('',#1833,#126);
#75=LINE('',#1835,#127);
#76=LINE('',#1836,#128);
#77=LINE('',#1838,#129);
#78=LINE('',#1839,#130);
#79=LINE('',#1847,#131);
#80=LINE('',#1850,#132);
#81=LINE('',#1851,#133);
#82=LINE('',#1853,#134);
#83=LINE('',#1855,#135);
#84=LINE('',#1857,#136);
#85=LINE('',#1859,#137);
#86=LINE('',#1861,#138);
#87=LINE('',#1872,#139);
#88=LINE('',#1874,#140);
#89=LINE('',#1881,#141);
#90=LINE('',#1883,#142);
#91=LINE('',#1885,#143);
#92=LINE('',#1887,#144);
#93=LINE('',#1889,#145);
#94=LINE('',#1891,#146);
#95=LINE('',#1893,#147);
#96=LINE('',#1895,#148);
#97=LINE('',#1897,#149);
#98=LINE('',#1899,#150);
#99=VECTOR('',#1179,1000.);
#100=VECTOR('',#1182,1000.);
#101=VECTOR('',#1187,1000.);
#102=VECTOR('',#1214,1000.);
#103=VECTOR('',#1217,1000.);
#104=VECTOR('',#1224,1000.);
#105=VECTOR('',#1231,1000.);
#106=VECTOR('',#1240,1000.);
#107=VECTOR('',#1247,1000.);
#108=VECTOR('',#1266,1000.);
#109=VECTOR('',#1269,1000.);
#110=VECTOR('',#1272,1000.);
#111=VECTOR('',#1275,1000.);
#112=VECTOR('',#1284,1000.);
#113=VECTOR('',#1285,1000.);
#114=VECTOR('',#1286,1000.);
#115=VECTOR('',#1289,1000.);
#116=VECTOR('',#1292,1000.);
#117=VECTOR('',#1295,1000.);
#118=VECTOR('',#1296,1000.);
#119=VECTOR('',#1305,1000.);
#120=VECTOR('',#1308,1000.);
#121=VECTOR('',#1311,1000.);
#122=VECTOR('',#1314,1000.);
#123=VECTOR('',#1319,1000.);
#124=VECTOR('',#1320,1000.);
#125=VECTOR('',#1323,1000.);
#126=VECTOR('',#1324,1000.);
#127=VECTOR('',#1327,1000.);
#128=VECTOR('',#1328,1000.);
#129=VECTOR('',#1331,1000.);
#130=VECTOR('',#1332,1000.);
#131=VECTOR('',#1347,1000.);
#132=VECTOR('',#1348,1000.);
#133=VECTOR('',#1349,1000.);
#134=VECTOR('',#1352,1000.);
#135=VECTOR('',#1353,1000.);
#136=VECTOR('',#1356,1000.);
#137=VECTOR('',#1357,1000.);
#138=VECTOR('',#1360,1000.);
#139=VECTOR('',#1361,1000.);
#140=VECTOR('',#1362,1000.);
#141=VECTOR('',#1373,1000.);
#142=VECTOR('',#1374,1000.);
#143=VECTOR('',#1375,1000.);
#144=VECTOR('',#1378,1000.);
#145=VECTOR('',#1379,1000.);
#146=VECTOR('',#1382,1000.);
#147=VECTOR('',#1383,1000.);
#148=VECTOR('',#1384,1000.);
#149=VECTOR('',#1387,1000.);
#150=VECTOR('',#1388,1000.);
#151=PLANE('',#1049);
#152=PLANE('',#1062);
#153=PLANE('',#1064);
#154=PLANE('',#1086);
#155=PLANE('',#1100);
#156=PLANE('',#1108);
#157=PLANE('',#1109);
#158=PLANE('',#1110);
#159=PLANE('',#1111);
#160=PLANE('',#1118);
#161=PLANE('',#1119);
#162=PLANE('',#1120);
#163=PLANE('',#1121);
#164=PLANE('',#1122);
#165=PLANE('',#1126);
#166=PLANE('',#1127);
#167=PLANE('',#1128);
#168=PLANE('',#1129);
#169=PLANE('',#1130);
#170=PLANE('',#1140);
#171=PLANE('',#1143);
#172=PLANE('',#1145);
#173=PLANE('',#1146);
#174=PLANE('',#1150);
#175=PLANE('',#1151);
#176=PLANE('',#1154);
#177=PLANE('',#1157);
#178=PLANE('',#1158);
#179=CIRCLE('',#1043,22.5608027975693);
#180=CIRCLE('',#1044,26.2238549118873);
#181=CIRCLE('',#1045,22.5608027975693);
#182=CIRCLE('',#1046,22.0135720955886);
#183=CIRCLE('',#1047,22.0135720955886);
#184=CIRCLE('',#1048,33.);
#185=CIRCLE('',#1050,30.);
#186=CIRCLE('',#1051,30.);
#187=CIRCLE('',#1052,1.335);
#188=CIRCLE('',#1053,1.335);
#189=CIRCLE('',#1055,1.335);
#190=CIRCLE('',#1057,1.335);
#191=CIRCLE('',#1059,23.4895303113189);
#192=CIRCLE('',#1061,23.4895303113189);
#193=CIRCLE('',#1063,18.);
#194=CIRCLE('',#1065,18.);
#195=CIRCLE('',#1067,4.99553961996593);
#196=CIRCLE('',#1068,4.99553961996593);
#197=CIRCLE('',#1070,19.);
#198=CIRCLE('',#1071,19.);
#199=CIRCLE('',#1072,19.);
#200=CIRCLE('',#1074,26.2238549118873);
#201=CIRCLE('',#1076,19.);
#202=CIRCLE('',#1077,19.);
#203=CIRCLE('',#1078,19.);
#204=CIRCLE('',#1080,4.99553961996525);
#205=CIRCLE('',#1081,4.99553961996525);
#206=CIRCLE('',#1083,21.25);
#207=CIRCLE('',#1084,21.25);
#208=CIRCLE('',#1085,21.25);
#209=CIRCLE('',#1087,21.0135720955886);
#210=CIRCLE('',#1088,1.23);
#211=CIRCLE('',#1089,1.5);
#212=CIRCLE('',#1090,1.5);
#213=CIRCLE('',#1091,1.5);
#214=CIRCLE('',#1092,1.5);
#215=CIRCLE('',#1093,1.23);
#216=CIRCLE('',#1094,1.23);
#217=CIRCLE('',#1095,19.0135720955886);
#218=CIRCLE('',#1096,1.);
#219=CIRCLE('',#1097,1.);
#220=CIRCLE('',#1098,1.);
#221=CIRCLE('',#1099,1.);
#222=CIRCLE('',#1101,1.23);
#223=CIRCLE('',#1102,1.23);
#224=CIRCLE('',#1103,1.23);
#225=CIRCLE('',#1104,1.5);
#226=CIRCLE('',#1105,1.5);
#227=CIRCLE('',#1106,1.5);
#228=CIRCLE('',#1107,1.5);
#229=CIRCLE('',#1123,0.785000000000001);
#230=CIRCLE('',#1124,1.);
#231=CIRCLE('',#1125,1.);
#232=CIRCLE('',#1131,0.785);
#233=CIRCLE('',#1132,1.);
#234=CIRCLE('',#1133,1.);
#235=CIRCLE('',#1139,0.785000000000001);
#236=CIRCLE('',#1142,0.785);
#237=CIRCLE('',#1153,2.);
#238=CIRCLE('',#1156,2.);
#239=ORIENTED_EDGE('',*,*,#519,.F.);
#240=ORIENTED_EDGE('',*,*,#520,.T.);
#241=ORIENTED_EDGE('',*,*,#521,.T.);
#242=ORIENTED_EDGE('',*,*,#522,.F.);
#243=ORIENTED_EDGE('',*,*,#523,.F.);
#244=ORIENTED_EDGE('',*,*,#524,.T.);
#245=ORIENTED_EDGE('',*,*,#525,.T.);
#246=ORIENTED_EDGE('',*,*,#526,.T.);
#247=ORIENTED_EDGE('',*,*,#527,.F.);
#248=ORIENTED_EDGE('',*,*,#528,.F.);
#249=ORIENTED_EDGE('',*,*,#529,.F.);
#250=ORIENTED_EDGE('',*,*,#530,.F.);
#251=ORIENTED_EDGE('',*,*,#531,.T.);
#252=ORIENTED_EDGE('',*,*,#532,.F.);
#253=ORIENTED_EDGE('',*,*,#533,.T.);
#254=ORIENTED_EDGE('',*,*,#534,.T.);
#255=ORIENTED_EDGE('',*,*,#535,.T.);
#256=ORIENTED_EDGE('',*,*,#536,.T.);
#257=ORIENTED_EDGE('',*,*,#537,.T.);
#258=ORIENTED_EDGE('',*,*,#538,.T.);
#259=ORIENTED_EDGE('',*,*,#539,.T.);
#260=ORIENTED_EDGE('',*,*,#540,.T.);
#261=ORIENTED_EDGE('',*,*,#541,.F.);
#262=ORIENTED_EDGE('',*,*,#542,.T.);
#263=ORIENTED_EDGE('',*,*,#533,.F.);
#264=ORIENTED_EDGE('',*,*,#543,.T.);
#265=ORIENTED_EDGE('',*,*,#540,.F.);
#266=ORIENTED_EDGE('',*,*,#544,.T.);
#267=ORIENTED_EDGE('',*,*,#539,.F.);
#268=ORIENTED_EDGE('',*,*,#545,.T.);
#269=ORIENTED_EDGE('',*,*,#546,.F.);
#270=ORIENTED_EDGE('',*,*,#547,.T.);
#271=ORIENTED_EDGE('',*,*,#548,.T.);
#272=ORIENTED_EDGE('',*,*,#520,.F.);
#273=ORIENTED_EDGE('',*,*,#549,.T.);
#274=ORIENTED_EDGE('',*,*,#550,.T.);
#275=ORIENTED_EDGE('',*,*,#551,.F.);
#276=ORIENTED_EDGE('',*,*,#552,.T.);
#277=ORIENTED_EDGE('',*,*,#553,.T.);
#278=ORIENTED_EDGE('',*,*,#525,.F.);
#279=ORIENTED_EDGE('',*,*,#554,.T.);
#280=ORIENTED_EDGE('',*,*,#555,.T.);
#281=ORIENTED_EDGE('',*,*,#551,.T.);
#282=ORIENTED_EDGE('',*,*,#556,.T.);
#283=ORIENTED_EDGE('',*,*,#546,.T.);
#284=ORIENTED_EDGE('',*,*,#557,.T.);
#285=ORIENTED_EDGE('',*,*,#558,.F.);
#286=ORIENTED_EDGE('',*,*,#559,.T.);
#287=ORIENTED_EDGE('',*,*,#560,.T.);
#288=ORIENTED_EDGE('',*,*,#561,.F.);
#289=ORIENTED_EDGE('',*,*,#553,.F.);
#290=ORIENTED_EDGE('',*,*,#562,.T.);
#291=ORIENTED_EDGE('',*,*,#563,.T.);
#292=ORIENTED_EDGE('',*,*,#564,.F.);
#293=ORIENTED_EDGE('',*,*,#560,.F.);
#294=ORIENTED_EDGE('',*,*,#565,.T.);
#295=ORIENTED_EDGE('',*,*,#526,.F.);
#296=ORIENTED_EDGE('',*,*,#566,.T.);
#297=ORIENTED_EDGE('',*,*,#554,.F.);
#298=ORIENTED_EDGE('',*,*,#524,.F.);
#299=ORIENTED_EDGE('',*,*,#523,.T.);
#300=ORIENTED_EDGE('',*,*,#522,.T.);
#301=ORIENTED_EDGE('',*,*,#521,.F.);
#302=ORIENTED_EDGE('',*,*,#548,.F.);
#303=ORIENTED_EDGE('',*,*,#567,.T.);
#304=ORIENTED_EDGE('',*,*,#568,.T.);
#305=ORIENTED_EDGE('',*,*,#569,.F.);
#306=ORIENTED_EDGE('',*,*,#563,.F.);
#307=ORIENTED_EDGE('',*,*,#568,.F.);
#308=ORIENTED_EDGE('',*,*,#570,.T.);
#309=ORIENTED_EDGE('',*,*,#549,.F.);
#310=ORIENTED_EDGE('',*,*,#531,.F.);
#311=ORIENTED_EDGE('',*,*,#571,.T.);
#312=ORIENTED_EDGE('',*,*,#572,.T.);
#313=ORIENTED_EDGE('',*,*,#573,.F.);
#314=ORIENTED_EDGE('',*,*,#572,.F.);
#315=ORIENTED_EDGE('',*,*,#574,.T.);
#316=ORIENTED_EDGE('',*,*,#575,.T.);
#317=ORIENTED_EDGE('',*,*,#576,.F.);
#318=ORIENTED_EDGE('',*,*,#575,.F.);
#319=ORIENTED_EDGE('',*,*,#577,.T.);
#320=ORIENTED_EDGE('',*,*,#529,.T.);
#321=ORIENTED_EDGE('',*,*,#528,.T.);
#322=ORIENTED_EDGE('',*,*,#578,.T.);
#323=ORIENTED_EDGE('',*,*,#558,.T.);
#324=ORIENTED_EDGE('',*,*,#579,.F.);
#325=ORIENTED_EDGE('',*,*,#580,.F.);
#326=ORIENTED_EDGE('',*,*,#581,.T.);
#327=ORIENTED_EDGE('',*,*,#582,.T.);
#328=ORIENTED_EDGE('',*,*,#583,.F.);
#329=ORIENTED_EDGE('',*,*,#584,.T.);
#330=ORIENTED_EDGE('',*,*,#585,.F.);
#331=ORIENTED_EDGE('',*,*,#586,.T.);
#332=ORIENTED_EDGE('',*,*,#587,.F.);
#333=ORIENTED_EDGE('',*,*,#588,.T.);
#334=ORIENTED_EDGE('',*,*,#589,.F.);
#335=ORIENTED_EDGE('',*,*,#590,.F.);
#336=ORIENTED_EDGE('',*,*,#591,.F.);
#337=ORIENTED_EDGE('',*,*,#592,.F.);
#338=ORIENTED_EDGE('',*,*,#593,.T.);
#339=ORIENTED_EDGE('',*,*,#594,.F.);
#340=ORIENTED_EDGE('',*,*,#595,.F.);
#341=ORIENTED_EDGE('',*,*,#596,.F.);
#342=ORIENTED_EDGE('',*,*,#597,.T.);
#343=ORIENTED_EDGE('',*,*,#598,.T.);
#344=ORIENTED_EDGE('',*,*,#599,.T.);
#345=ORIENTED_EDGE('',*,*,#600,.T.);
#346=ORIENTED_EDGE('',*,*,#601,.T.);
#347=ORIENTED_EDGE('',*,*,#602,.T.);
#348=ORIENTED_EDGE('',*,*,#603,.T.);
#349=ORIENTED_EDGE('',*,*,#604,.T.);
#350=ORIENTED_EDGE('',*,*,#605,.T.);
#351=ORIENTED_EDGE('',*,*,#606,.T.);
#352=ORIENTED_EDGE('',*,*,#561,.T.);
#353=ORIENTED_EDGE('',*,*,#564,.T.);
#354=ORIENTED_EDGE('',*,*,#569,.T.);
#355=ORIENTED_EDGE('',*,*,#573,.T.);
#356=ORIENTED_EDGE('',*,*,#576,.T.);
#357=ORIENTED_EDGE('',*,*,#579,.T.);
#358=ORIENTED_EDGE('',*,*,#607,.T.);
#359=ORIENTED_EDGE('',*,*,#608,.T.);
#360=ORIENTED_EDGE('',*,*,#609,.T.);
#361=ORIENTED_EDGE('',*,*,#610,.T.);
#362=ORIENTED_EDGE('',*,*,#611,.T.);
#363=ORIENTED_EDGE('',*,*,#612,.T.);
#364=ORIENTED_EDGE('',*,*,#613,.T.);
#365=ORIENTED_EDGE('',*,*,#614,.T.);
#366=ORIENTED_EDGE('',*,*,#611,.F.);
#367=ORIENTED_EDGE('',*,*,#615,.T.);
#368=ORIENTED_EDGE('',*,*,#585,.T.);
#369=ORIENTED_EDGE('',*,*,#616,.T.);
#370=ORIENTED_EDGE('',*,*,#613,.F.);
#371=ORIENTED_EDGE('',*,*,#617,.T.);
#372=ORIENTED_EDGE('',*,*,#583,.T.);
#373=ORIENTED_EDGE('',*,*,#618,.T.);
#374=ORIENTED_EDGE('',*,*,#589,.T.);
#375=ORIENTED_EDGE('',*,*,#619,.T.);
#376=ORIENTED_EDGE('',*,*,#607,.F.);
#377=ORIENTED_EDGE('',*,*,#620,.T.);
#378=ORIENTED_EDGE('',*,*,#609,.F.);
#379=ORIENTED_EDGE('',*,*,#621,.T.);
#380=ORIENTED_EDGE('',*,*,#587,.T.);
#381=ORIENTED_EDGE('',*,*,#622,.T.);
#382=ORIENTED_EDGE('',*,*,#582,.F.);
#383=ORIENTED_EDGE('',*,*,#620,.F.);
#384=ORIENTED_EDGE('',*,*,#614,.F.);
#385=ORIENTED_EDGE('',*,*,#618,.F.);
#386=ORIENTED_EDGE('',*,*,#584,.F.);
#387=ORIENTED_EDGE('',*,*,#617,.F.);
#388=ORIENTED_EDGE('',*,*,#612,.F.);
#389=ORIENTED_EDGE('',*,*,#616,.F.);
#390=ORIENTED_EDGE('',*,*,#586,.F.);
#391=ORIENTED_EDGE('',*,*,#615,.F.);
#392=ORIENTED_EDGE('',*,*,#610,.F.);
#393=ORIENTED_EDGE('',*,*,#622,.F.);
#394=ORIENTED_EDGE('',*,*,#588,.F.);
#395=ORIENTED_EDGE('',*,*,#621,.F.);
#396=ORIENTED_EDGE('',*,*,#608,.F.);
#397=ORIENTED_EDGE('',*,*,#619,.F.);
#398=ORIENTED_EDGE('',*,*,#606,.F.);
#399=ORIENTED_EDGE('',*,*,#590,.T.);
#400=ORIENTED_EDGE('',*,*,#605,.F.);
#401=ORIENTED_EDGE('',*,*,#591,.T.);
#402=ORIENTED_EDGE('',*,*,#623,.F.);
#403=ORIENTED_EDGE('',*,*,#624,.T.);
#404=ORIENTED_EDGE('',*,*,#596,.T.);
#405=ORIENTED_EDGE('',*,*,#625,.F.);
#406=ORIENTED_EDGE('',*,*,#595,.T.);
#407=ORIENTED_EDGE('',*,*,#626,.F.);
#408=ORIENTED_EDGE('',*,*,#627,.F.);
#409=ORIENTED_EDGE('',*,*,#625,.T.);
#410=ORIENTED_EDGE('',*,*,#594,.T.);
#411=ORIENTED_EDGE('',*,*,#628,.T.);
#412=ORIENTED_EDGE('',*,*,#629,.F.);
#413=ORIENTED_EDGE('',*,*,#626,.T.);
#414=ORIENTED_EDGE('',*,*,#630,.T.);
#415=ORIENTED_EDGE('',*,*,#631,.T.);
#416=ORIENTED_EDGE('',*,*,#632,.T.);
#417=ORIENTED_EDGE('',*,*,#633,.F.);
#418=ORIENTED_EDGE('',*,*,#634,.F.);
#419=ORIENTED_EDGE('',*,*,#633,.T.);
#420=ORIENTED_EDGE('',*,*,#635,.T.);
#421=ORIENTED_EDGE('',*,*,#623,.T.);
#422=ORIENTED_EDGE('',*,*,#627,.T.);
#423=ORIENTED_EDGE('',*,*,#629,.T.);
#424=ORIENTED_EDGE('',*,*,#636,.T.);
#425=ORIENTED_EDGE('',*,*,#603,.F.);
#426=ORIENTED_EDGE('',*,*,#637,.F.);
#427=ORIENTED_EDGE('',*,*,#638,.T.);
#428=ORIENTED_EDGE('',*,*,#639,.T.);
#429=ORIENTED_EDGE('',*,*,#640,.T.);
#430=ORIENTED_EDGE('',*,*,#641,.T.);
#431=ORIENTED_EDGE('',*,*,#598,.F.);
#432=ORIENTED_EDGE('',*,*,#639,.F.);
#433=ORIENTED_EDGE('',*,*,#600,.F.);
#434=ORIENTED_EDGE('',*,*,#642,.T.);
#435=ORIENTED_EDGE('',*,*,#643,.T.);
#436=ORIENTED_EDGE('',*,*,#644,.T.);
#437=ORIENTED_EDGE('',*,*,#602,.F.);
#438=ORIENTED_EDGE('',*,*,#645,.T.);
#439=ORIENTED_EDGE('',*,*,#646,.T.);
#440=ORIENTED_EDGE('',*,*,#637,.T.);
#441=ORIENTED_EDGE('',*,*,#647,.T.);
#442=ORIENTED_EDGE('',*,*,#643,.F.);
#443=ORIENTED_EDGE('',*,*,#648,.T.);
#444=ORIENTED_EDGE('',*,*,#640,.F.);
#445=ORIENTED_EDGE('',*,*,#638,.F.);
#446=ORIENTED_EDGE('',*,*,#646,.F.);
#447=ORIENTED_EDGE('',*,*,#649,.T.);
#448=ORIENTED_EDGE('',*,*,#649,.F.);
#449=ORIENTED_EDGE('',*,*,#645,.F.);
#450=ORIENTED_EDGE('',*,*,#601,.F.);
#451=ORIENTED_EDGE('',*,*,#644,.F.);
#452=ORIENTED_EDGE('',*,*,#648,.F.);
#453=ORIENTED_EDGE('',*,*,#642,.F.);
#454=ORIENTED_EDGE('',*,*,#599,.F.);
#455=ORIENTED_EDGE('',*,*,#641,.F.);
#456=ORIENTED_EDGE('',*,*,#650,.F.);
#457=ORIENTED_EDGE('',*,*,#630,.F.);
#458=ORIENTED_EDGE('',*,*,#636,.F.);
#459=ORIENTED_EDGE('',*,*,#628,.F.);
#460=ORIENTED_EDGE('',*,*,#593,.F.);
#461=ORIENTED_EDGE('',*,*,#651,.F.);
#462=ORIENTED_EDGE('',*,*,#597,.F.);
#463=ORIENTED_EDGE('',*,*,#624,.F.);
#464=ORIENTED_EDGE('',*,*,#635,.F.);
#465=ORIENTED_EDGE('',*,*,#632,.F.);
#466=ORIENTED_EDGE('',*,*,#652,.F.);
#467=ORIENTED_EDGE('',*,*,#634,.T.);
#468=ORIENTED_EDGE('',*,*,#652,.T.);
#469=ORIENTED_EDGE('',*,*,#653,.T.);
#470=ORIENTED_EDGE('',*,*,#647,.F.);
#471=ORIENTED_EDGE('',*,*,#653,.F.);
#472=ORIENTED_EDGE('',*,*,#604,.F.);
#473=ORIENTED_EDGE('',*,*,#581,.F.);
#474=ORIENTED_EDGE('',*,*,#651,.T.);
#475=ORIENTED_EDGE('',*,*,#631,.F.);
#476=ORIENTED_EDGE('',*,*,#650,.T.);
#477=ORIENTED_EDGE('',*,*,#592,.T.);
#478=ORIENTED_EDGE('',*,*,#577,.F.);
#479=ORIENTED_EDGE('',*,*,#574,.F.);
#480=ORIENTED_EDGE('',*,*,#571,.F.);
#481=ORIENTED_EDGE('',*,*,#530,.T.);
#482=ORIENTED_EDGE('',*,*,#565,.F.);
#483=ORIENTED_EDGE('',*,*,#559,.F.);
#484=ORIENTED_EDGE('',*,*,#578,.F.);
#485=ORIENTED_EDGE('',*,*,#527,.T.);
#486=ORIENTED_EDGE('',*,*,#537,.F.);
#487=ORIENTED_EDGE('',*,*,#654,.T.);
#488=ORIENTED_EDGE('',*,*,#535,.F.);
#489=ORIENTED_EDGE('',*,*,#655,.T.);
#490=ORIENTED_EDGE('',*,*,#580,.T.);
#491=ORIENTED_EDGE('',*,*,#547,.F.);
#492=ORIENTED_EDGE('',*,*,#557,.F.);
#493=ORIENTED_EDGE('',*,*,#550,.F.);
#494=ORIENTED_EDGE('',*,*,#570,.F.);
#495=ORIENTED_EDGE('',*,*,#567,.F.);
#496=ORIENTED_EDGE('',*,*,#552,.F.);
#497=ORIENTED_EDGE('',*,*,#556,.F.);
#498=ORIENTED_EDGE('',*,*,#555,.F.);
#499=ORIENTED_EDGE('',*,*,#566,.F.);
#500=ORIENTED_EDGE('',*,*,#562,.F.);
#501=ORIENTED_EDGE('',*,*,#655,.F.);
#502=ORIENTED_EDGE('',*,*,#538,.F.);
#503=ORIENTED_EDGE('',*,*,#654,.F.);
#504=ORIENTED_EDGE('',*,*,#536,.F.);
#505=ORIENTED_EDGE('',*,*,#532,.T.);
#506=ORIENTED_EDGE('',*,*,#656,.F.);
#507=ORIENTED_EDGE('',*,*,#545,.F.);
#508=ORIENTED_EDGE('',*,*,#656,.T.);
#509=ORIENTED_EDGE('',*,*,#519,.T.);
#510=ORIENTED_EDGE('',*,*,#657,.F.);
#511=ORIENTED_EDGE('',*,*,#544,.F.);
#512=ORIENTED_EDGE('',*,*,#657,.T.);
#513=ORIENTED_EDGE('',*,*,#541,.T.);
#514=ORIENTED_EDGE('',*,*,#658,.T.);
#515=ORIENTED_EDGE('',*,*,#543,.F.);
#516=ORIENTED_EDGE('',*,*,#534,.F.);
#517=ORIENTED_EDGE('',*,*,#542,.F.);
#518=ORIENTED_EDGE('',*,*,#658,.F.);
#519=EDGE_CURVE('',#659,#659,#760,.T.);
#520=EDGE_CURVE('',#660,#661,#179,.T.);
#521=EDGE_CURVE('',#661,#662,#761,.T.);
#522=EDGE_CURVE('',#663,#662,#180,.T.);
#523=EDGE_CURVE('',#664,#663,#762,.T.);
#524=EDGE_CURVE('',#664,#665,#763,.F.);
#525=EDGE_CURVE('',#665,#666,#181,.T.);
#526=EDGE_CURVE('',#666,#667,#764,.T.);
#527=EDGE_CURVE('',#668,#667,#182,.T.);
#528=EDGE_CURVE('',#669,#668,#765,.T.);
#529=EDGE_CURVE('',#670,#669,#766,.T.);
#530=EDGE_CURVE('',#671,#670,#183,.T.);
#531=EDGE_CURVE('',#671,#660,#767,.F.);
#532=EDGE_CURVE('',#672,#672,#768,.T.);
#533=EDGE_CURVE('',#673,#674,#184,.T.);
#534=EDGE_CURVE('',#674,#673,#769,.T.);
#535=EDGE_CURVE('',#675,#676,#185,.T.);
#536=EDGE_CURVE('',#676,#677,#47,.T.);
#537=EDGE_CURVE('',#677,#678,#186,.T.);
#538=EDGE_CURVE('',#678,#675,#48,.T.);
#539=EDGE_CURVE('',#679,#679,#187,.T.);
#540=EDGE_CURVE('',#680,#680,#188,.T.);
#541=EDGE_CURVE('',#681,#682,#49,.T.);
#542=EDGE_CURVE('',#681,#674,#770,.T.);
#543=EDGE_CURVE('',#673,#682,#771,.T.);
#544=EDGE_CURVE('',#683,#683,#189,.T.);
#545=EDGE_CURVE('',#684,#684,#190,.T.);
#546=EDGE_CURVE('',#685,#686,#191,.T.);
#547=EDGE_CURVE('',#685,#687,#772,.T.);
#548=EDGE_CURVE('',#687,#661,#773,.T.);
#549=EDGE_CURVE('',#660,#688,#774,.F.);
#550=EDGE_CURVE('',#688,#686,#775,.T.);
#551=EDGE_CURVE('',#689,#690,#192,.T.);
#552=EDGE_CURVE('',#689,#691,#776,.T.);
#553=EDGE_CURVE('',#691,#666,#777,.T.);
#554=EDGE_CURVE('',#665,#692,#778,.F.);
#555=EDGE_CURVE('',#692,#690,#779,.T.);
#556=EDGE_CURVE('',#690,#689,#193,.F.);
#557=EDGE_CURVE('',#686,#685,#194,.F.);
#558=EDGE_CURVE('',#693,#694,#50,.T.);
#559=EDGE_CURVE('',#693,#695,#195,.F.);
#560=EDGE_CURVE('',#695,#696,#51,.T.);
#561=EDGE_CURVE('',#694,#696,#196,.T.);
#562=EDGE_CURVE('',#691,#697,#197,.T.);
#563=EDGE_CURVE('',#697,#698,#52,.T.);
#564=EDGE_CURVE('',#696,#698,#198,.T.);
#565=EDGE_CURVE('',#695,#667,#199,.T.);
#566=EDGE_CURVE('',#697,#692,#780,.T.);
#567=EDGE_CURVE('',#687,#699,#781,.T.);
#568=EDGE_CURVE('',#699,#700,#53,.T.);
#569=EDGE_CURVE('',#698,#700,#200,.T.);
#570=EDGE_CURVE('',#699,#688,#201,.T.);
#571=EDGE_CURVE('',#671,#701,#202,.T.);
#572=EDGE_CURVE('',#701,#702,#54,.T.);
#573=EDGE_CURVE('',#700,#702,#203,.T.);
#574=EDGE_CURVE('',#701,#703,#204,.F.);
#575=EDGE_CURVE('',#703,#704,#55,.T.);
#576=EDGE_CURVE('',#702,#704,#205,.T.);
#577=EDGE_CURVE('',#703,#670,#206,.T.);
#578=EDGE_CURVE('',#668,#693,#207,.T.);
#579=EDGE_CURVE('',#704,#694,#208,.T.);
#580=EDGE_CURVE('',#705,#705,#209,.T.);
#581=EDGE_CURVE('',#706,#706,#210,.T.);
#582=EDGE_CURVE('',#707,#708,#211,.T.);
#583=EDGE_CURVE('',#709,#708,#56,.T.);
#584=EDGE_CURVE('',#709,#710,#212,.T.);
#585=EDGE_CURVE('',#711,#710,#57,.T.);
#586=EDGE_CURVE('',#711,#712,#213,.T.);
#587=EDGE_CURVE('',#713,#712,#58,.T.);
#588=EDGE_CURVE('',#713,#714,#214,.T.);
#589=EDGE_CURVE('',#707,#714,#59,.T.);
#590=EDGE_CURVE('',#715,#715,#215,.F.);
#591=EDGE_CURVE('',#716,#716,#216,.F.);
#592=EDGE_CURVE('',#717,#718,#217,.T.);
#593=EDGE_CURVE('',#717,#719,#218,.T.);
#594=EDGE_CURVE('',#720,#719,#60,.T.);
#595=EDGE_CURVE('',#721,#720,#61,.T.);
#596=EDGE_CURVE('',#722,#721,#62,.T.);
#597=EDGE_CURVE('',#722,#718,#219,.T.);
#598=EDGE_CURVE('',#723,#724,#63,.T.);
#599=EDGE_CURVE('',#724,#725,#220,.T.);
#600=EDGE_CURVE('',#725,#726,#64,.T.);
#601=EDGE_CURVE('',#726,#727,#221,.T.);
#602=EDGE_CURVE('',#727,#728,#65,.T.);
#603=EDGE_CURVE('',#728,#723,#66,.T.);
#604=EDGE_CURVE('',#729,#729,#222,.F.);
#605=EDGE_CURVE('',#730,#730,#223,.T.);
#606=EDGE_CURVE('',#731,#731,#224,.T.);
#607=EDGE_CURVE('',#732,#733,#67,.T.);
#608=EDGE_CURVE('',#733,#734,#225,.F.);
#609=EDGE_CURVE('',#734,#735,#68,.T.);
#610=EDGE_CURVE('',#735,#736,#226,.F.);
#611=EDGE_CURVE('',#736,#737,#69,.T.);
#612=EDGE_CURVE('',#737,#738,#227,.F.);
#613=EDGE_CURVE('',#738,#739,#70,.T.);
#614=EDGE_CURVE('',#739,#732,#228,.F.);
#615=EDGE_CURVE('',#736,#711,#71,.F.);
#616=EDGE_CURVE('',#710,#737,#72,.T.);
#617=EDGE_CURVE('',#738,#709,#73,.F.);
#618=EDGE_CURVE('',#708,#739,#74,.T.);
#619=EDGE_CURVE('',#714,#733,#75,.T.);
#620=EDGE_CURVE('',#732,#707,#76,.F.);
#621=EDGE_CURVE('',#734,#713,#77,.F.);
#622=EDGE_CURVE('',#712,#735,#78,.T.);
#623=EDGE_CURVE('',#740,#741,#79,.T.);
#624=EDGE_CURVE('',#740,#722,#80,.T.);
#625=EDGE_CURVE('',#741,#721,#81,.T.);
#626=EDGE_CURVE('',#742,#720,#82,.T.);
#627=EDGE_CURVE('',#741,#742,#83,.T.);
#628=EDGE_CURVE('',#719,#743,#84,.F.);
#629=EDGE_CURVE('',#742,#743,#85,.T.);
#630=EDGE_CURVE('',#744,#745,#86,.T.);
#631=EDGE_CURVE('',#745,#746,#782,.T.);
#632=EDGE_CURVE('',#746,#747,#87,.F.);
#633=EDGE_CURVE('',#744,#747,#88,.T.);
#634=EDGE_CURVE('',#748,#748,#229,.T.);
#635=EDGE_CURVE('',#747,#740,#230,.T.);
#636=EDGE_CURVE('',#743,#744,#231,.T.);
#637=EDGE_CURVE('',#749,#728,#89,.T.);
#638=EDGE_CURVE('',#749,#750,#90,.T.);
#639=EDGE_CURVE('',#750,#723,#91,.T.);
#640=EDGE_CURVE('',#750,#751,#92,.T.);
#641=EDGE_CURVE('',#751,#724,#93,.T.);
#642=EDGE_CURVE('',#725,#752,#94,.F.);
#643=EDGE_CURVE('',#752,#753,#95,.T.);
#644=EDGE_CURVE('',#753,#726,#96,.T.);
#645=EDGE_CURVE('',#727,#754,#97,.F.);
#646=EDGE_CURVE('',#754,#749,#98,.T.);
#647=EDGE_CURVE('',#755,#755,#232,.T.);
#648=EDGE_CURVE('',#752,#751,#233,.F.);
#649=EDGE_CURVE('',#754,#753,#234,.F.);
#650=EDGE_CURVE('',#745,#717,#783,.T.);
#651=EDGE_CURVE('',#718,#746,#784,.T.);
#652=EDGE_CURVE('',#756,#756,#235,.T.);
#653=EDGE_CURVE('',#757,#757,#236,.T.);
#654=EDGE_CURVE('',#677,#676,#785,.T.);
#655=EDGE_CURVE('',#675,#678,#786,.T.);
#656=EDGE_CURVE('',#758,#758,#237,.T.);
#657=EDGE_CURVE('',#759,#759,#238,.T.);
#658=EDGE_CURVE('',#682,#681,#787,.T.);
#659=VERTEX_POINT('',#1482);
#660=VERTEX_POINT('',#1484);
#661=VERTEX_POINT('',#1485);
#662=VERTEX_POINT('',#1491);
#663=VERTEX_POINT('',#1493);
#664=VERTEX_POINT('',#1498);
#665=VERTEX_POINT('',#1504);
#666=VERTEX_POINT('',#1506);
#667=VERTEX_POINT('',#1511);
#668=VERTEX_POINT('',#1513);
#669=VERTEX_POINT('',#1518);
#670=VERTEX_POINT('',#1523);
#671=VERTEX_POINT('',#1525);
#672=VERTEX_POINT('',#1562);
#673=VERTEX_POINT('',#1564);
#674=VERTEX_POINT('',#1565);
#675=VERTEX_POINT('',#1586);
#676=VERTEX_POINT('',#1587);
#677=VERTEX_POINT('',#1589);
#678=VERTEX_POINT('',#1591);
#679=VERTEX_POINT('',#1594);
#680=VERTEX_POINT('',#1596);
#681=VERTEX_POINT('',#1598);
#682=VERTEX_POINT('',#1599);
#683=VERTEX_POINT('',#1610);
#684=VERTEX_POINT('',#1613);
#685=VERTEX_POINT('',#1616);
#686=VERTEX_POINT('',#1617);
#687=VERTEX_POINT('',#1622);
#688=VERTEX_POINT('',#1632);
#689=VERTEX_POINT('',#1652);
#690=VERTEX_POINT('',#1653);
#691=VERTEX_POINT('',#1671);
#692=VERTEX_POINT('',#1681);
#693=VERTEX_POINT('',#1692);
#694=VERTEX_POINT('',#1693);
#695=VERTEX_POINT('',#1695);
#696=VERTEX_POINT('',#1697);
#697=VERTEX_POINT('',#1701);
#698=VERTEX_POINT('',#1703);
#699=VERTEX_POINT('',#1735);
#700=VERTEX_POINT('',#1737);
#701=VERTEX_POINT('',#1742);
#702=VERTEX_POINT('',#1744);
#703=VERTEX_POINT('',#1748);
#704=VERTEX_POINT('',#1750);
#705=VERTEX_POINT('',#1758);
#706=VERTEX_POINT('',#1760);
#707=VERTEX_POINT('',#1762);
#708=VERTEX_POINT('',#1763);
#709=VERTEX_POINT('',#1765);
#710=VERTEX_POINT('',#1767);
#711=VERTEX_POINT('',#1769);
#712=VERTEX_POINT('',#1771);
#713=VERTEX_POINT('',#1773);
#714=VERTEX_POINT('',#1775);
#715=VERTEX_POINT('',#1778);
#716=VERTEX_POINT('',#1780);
#717=VERTEX_POINT('',#1782);
#718=VERTEX_POINT('',#1783);
#719=VERTEX_POINT('',#1785);
#720=VERTEX_POINT('',#1787);
#721=VERTEX_POINT('',#1789);
#722=VERTEX_POINT('',#1791);
#723=VERTEX_POINT('',#1794);
#724=VERTEX_POINT('',#1795);
#725=VERTEX_POINT('',#1797);
#726=VERTEX_POINT('',#1799);
#727=VERTEX_POINT('',#1801);
#728=VERTEX_POINT('',#1803);
#729=VERTEX_POINT('',#1807);
#730=VERTEX_POINT('',#1809);
#731=VERTEX_POINT('',#1811);
#732=VERTEX_POINT('',#1813);
#733=VERTEX_POINT('',#1814);
#734=VERTEX_POINT('',#1816);
#735=VERTEX_POINT('',#1818);
#736=VERTEX_POINT('',#1820);
#737=VERTEX_POINT('',#1822);
#738=VERTEX_POINT('',#1824);
#739=VERTEX_POINT('',#1826);
#740=VERTEX_POINT('',#1848);
#741=VERTEX_POINT('',#1849);
#742=VERTEX_POINT('',#1854);
#743=VERTEX_POINT('',#1858);
#744=VERTEX_POINT('',#1862);
#745=VERTEX_POINT('',#1863);
#746=VERTEX_POINT('',#1871);
#747=VERTEX_POINT('',#1873);
#748=VERTEX_POINT('',#1877);
#749=VERTEX_POINT('',#1882);
#750=VERTEX_POINT('',#1884);
#751=VERTEX_POINT('',#1888);
#752=VERTEX_POINT('',#1892);
#753=VERTEX_POINT('',#1894);
#754=VERTEX_POINT('',#1898);
#755=VERTEX_POINT('',#1902);
#756=VERTEX_POINT('',#1927);
#757=VERTEX_POINT('',#1931);
#758=VERTEX_POINT('',#1976);
#759=VERTEX_POINT('',#1980);
#760=B_SPLINE_CURVE_WITH_KNOTS('',3,(#1449,#1450,#1451,#1452,#1453,#1454,
#1455,#1456,#1457,#1458,#1459,#1460,#1461,#1462,#1463,#1464,#1465,#1466,
#1467,#1468,#1469,#1470,#1471,#1472,#1473,#1474,#1475,#1476,#1477,#1478,
#1479,#1480,#1481),.UNSPECIFIED.,.T.,.F.,(1,1,1,1,1,1,1,1,1,1,1,1,1,1,1,
1,1,1,1,1,1,1,1,1,1,1,1,1,1,1,1,1,1,1,1,1,1),(-0.00114468403498092,-0.000763122689987281,
-0.00038156134499364,0.,0.000763122689987282,0.00152624537997456,0.00228936806996185,
0.00305249075994913,0.00457873613992369,0.00610498151989826,0.00763122689987282,
0.0083943495898601,0.00915747227984738,0.00992059496983467,0.0106837176598219,
0.0110652790048156,0.0114468403498092,0.0118284016948029,0.0122099630397965,
0.0129730857297838,0.0137362084197711,0.0144993311097584,0.0152624537997456,
0.0167886991797202,0.0183149445596948,0.0198411899396693,0.0206043126296566,
0.0213674353196439,0.0221305580096312,0.0228936806996185,0.0232752420446121,
0.0236568033896057,0.0240383647345994,0.024419926079593,0.0251830487695803,
0.0259461714595676,0.0267092941495549),.UNSPECIFIED.);
#761=B_SPLINE_CURVE_WITH_KNOTS('',3,(#1486,#1487,#1488,#1489,#1490),
 .UNSPECIFIED.,.F.,.F.,(4,1,4),(1.73472347597681E-18,0.00624068116484116,
0.0124813623296823),.UNSPECIFIED.);
#762=B_SPLINE_CURVE_WITH_KNOTS('',3,(#1494,#1495,#1496,#1497),
 .UNSPECIFIED.,.F.,.F.,(4,4),(0.009022985867991,1.),.UNSPECIFIED.);
#763=B_SPLINE_CURVE_WITH_KNOTS('',3,(#1499,#1500,#1501,#1502,#1503),
 .UNSPECIFIED.,.F.,.F.,(4,1,4),(0.,0.00622536610649698,0.012450732212994),
 .UNSPECIFIED.);
#764=B_SPLINE_CURVE_WITH_KNOTS('',3,(#1507,#1508,#1509,#1510),
 .UNSPECIFIED.,.F.,.F.,(4,4),(0.,0.00271358602946536),.UNSPECIFIED.);
#765=B_SPLINE_CURVE_WITH_KNOTS('',3,(#1514,#1515,#1516,#1517),
 .UNSPECIFIED.,.F.,.F.,(4,4),(0.,1.),.UNSPECIFIED.);
#766=B_SPLINE_CURVE_WITH_KNOTS('',3,(#1519,#1520,#1521,#1522),
 .UNSPECIFIED.,.F.,.F.,(4,4),(0.,1.),.UNSPECIFIED.);
#767=B_SPLINE_CURVE_WITH_KNOTS('',3,(#1526,#1527,#1528,#1529),
 .UNSPECIFIED.,.F.,.F.,(4,4),(0.,0.00271358602946535),.UNSPECIFIED.);
#768=B_SPLINE_CURVE_WITH_KNOTS('',3,(#1530,#1531,#1532,#1533,#1534,#1535,
#1536,#1537,#1538,#1539,#1540,#1541,#1542,#1543,#1544,#1545,#1546,#1547,
#1548,#1549,#1550,#1551,#1552,#1553,#1554,#1555,#1556,#1557,#1558,#1559,
#1560,#1561),.UNSPECIFIED.,.T.,.F.,(1,1,1,1,1,1,1,1,1,1,1,1,1,1,1,1,1,1,
1,1,1,1,1,1,1,1,1,1,1,1,1,1,1,1,1,1),(-0.00231772229901361,-0.00154514819934239,
-0.000772574099671169,5.05159101305033E-17,0.000386287049835661,0.000772574099671272,
0.00154514819934249,0.00231772229901372,0.00309029639868494,0.00386287049835616,
0.00463544459802738,0.00618059279736982,0.00772574099671227,0.00927088919605471,
0.0100434632957259,0.0108160373953972,0.0115886114950684,0.0123611855947396,
0.0127474726445752,0.0131337596944108,0.0135200467442464,0.013906333794082,
0.0146789078937533,0.0154514819934245,0.0162240560930957,0.0169966301927669,
0.0185417783921094,0.0200869265914518,0.0216320747907943,0.0224046488904655,
0.0231772229901367,0.0239497970898079,0.0247223711894791,0.0251086582393148,
0.0254949452891504,0.0262675193888216),.UNSPECIFIED.);
#769=B_SPLINE_CURVE_WITH_KNOTS('',3,(#1566,#1567,#1568,#1569,#1570,#1571,
#1572,#1573,#1574,#1575,#1576,#1577,#1578,#1579,#1580,#1581,#1582,#1583),
 .UNSPECIFIED.,.F.,.F.,(4,1,1,1,1,1,1,1,1,1,1,1,1,1,1,4),(0.,0.00458351268326236,
0.00687526902489354,0.00916702536652472,0.0114587817081559,0.0137505380497871,
0.0160422943914183,0.0171881725622339,0.0183340507330494,0.019479928903865,
0.0206258070746806,0.0229175634163118,0.025209319757943,0.0275010760995742,
0.0320845887828365,0.0366681014660989),.UNSPECIFIED.);
#770=B_SPLINE_CURVE_WITH_KNOTS('',3,(#1600,#1601,#1602,#1603),
 .UNSPECIFIED.,.F.,.F.,(4,4),(7.152448122691E-18,0.00065285834793346),
 .UNSPECIFIED.);
#771=B_SPLINE_CURVE_WITH_KNOTS('',3,(#1604,#1605,#1606,#1607),
 .UNSPECIFIED.,.F.,.F.,(4,4),(0.,0.000652858347933453),.UNSPECIFIED.);
#772=B_SPLINE_CURVE_WITH_KNOTS('',3,(#1618,#1619,#1620,#1621),
 .UNSPECIFIED.,.F.,.F.,(4,4),(7.75791922889773E-18,0.00343014577395977),
 .UNSPECIFIED.);
#773=B_SPLINE_CURVE_WITH_KNOTS('',3,(#1623,#1624,#1625,#1626,#1627),
 .UNSPECIFIED.,.F.,.F.,(4,1,4),(-0.000626046809293472,0.00400905160521143,
0.00864415001971634),.UNSPECIFIED.);
#774=B_SPLINE_CURVE_WITH_KNOTS('',3,(#1628,#1629,#1630,#1631),
 .UNSPECIFIED.,.F.,.F.,(4,4),(-0.004559702776565,0.00485454250160757),
 .UNSPECIFIED.);
#775=B_SPLINE_CURVE_WITH_KNOTS('',3,(#1633,#1634,#1635,#1636,#1637,#1638,
#1639,#1640,#1641,#1642,#1643,#1644,#1645,#1646,#1647,#1648,#1649),
 .UNSPECIFIED.,.F.,.F.,(4,1,1,1,1,1,1,1,1,1,1,1,1,1,4),(0.,0.000390137917822418,
0.000780275835644837,0.00117041375346726,0.00136548271237846,0.00156055167128967,
0.00175562063020088,0.00195068958911209,0.0021457585480233,0.00234082750693451,
0.00273096542475693,0.00312110334257935,0.00390137917822418,0.00468165501386902,
0.0062422066851587),.UNSPECIFIED.);
#776=B_SPLINE_CURVE_WITH_KNOTS('',3,(#1654,#1655,#1656,#1657,#1658,#1659,
#1660,#1661,#1662,#1663,#1664,#1665,#1666,#1667,#1668,#1669,#1670),
 .UNSPECIFIED.,.F.,.F.,(4,1,1,1,1,1,1,1,1,1,1,1,1,1,4),(6.93889390390723E-18,
0.00157163888731424,0.00235745833097136,0.00314327777462848,0.00353618749645704,
0.0039290972182856,0.00412555207919988,0.00432200694011415,0.00451846180102843,
0.00471491666194271,0.00491137152285699,0.00510782638377127,0.00550073610559983,
0.00589364582742839,0.00628655554925695),.UNSPECIFIED.);
#777=B_SPLINE_CURVE_WITH_KNOTS('',3,(#1672,#1673,#1674,#1675),
 .UNSPECIFIED.,.F.,.F.,(4,4),(-0.0045597027765662,0.00485454250160757),
 .UNSPECIFIED.);
#778=B_SPLINE_CURVE_WITH_KNOTS('',3,(#1676,#1677,#1678,#1679,#1680),
 .UNSPECIFIED.,.F.,.F.,(4,1,4),(-0.00062604680929345,0.00400905160521146,
0.00864415001971637),.UNSPECIFIED.);
#779=B_SPLINE_CURVE_WITH_KNOTS('',3,(#1682,#1683,#1684,#1685),
 .UNSPECIFIED.,.F.,.F.,(4,4),(0.,0.00342955544464935),.UNSPECIFIED.);
#780=B_SPLINE_CURVE_WITH_KNOTS('',3,(#1707,#1708,#1709,#1710,#1711,#1712,
#1713,#1714,#1715,#1716,#1717,#1718,#1719,#1720),.UNSPECIFIED.,.F.,.F.,
(4,1,1,1,1,1,1,1,1,1,1,4),(0.,0.000272931643966499,0.000545863287932997,
0.000818794931899496,0.00109172657586599,0.00163758986379899,0.00218345315173199,
0.00327517972759798,0.00436690630346398,0.00545863287932997,0.00655035945519597,
0.00873381260692796),.UNSPECIFIED.);
#781=B_SPLINE_CURVE_WITH_KNOTS('',3,(#1721,#1722,#1723,#1724,#1725,#1726,
#1727,#1728,#1729,#1730,#1731,#1732,#1733,#1734),.UNSPECIFIED.,.F.,.F.,
(4,1,1,1,1,1,1,1,1,1,1,4),(0.,0.00214515341914699,0.00321773012872048,0.00429030683829398,
0.00536288354786747,0.00643546025744097,0.00697174861222771,0.00750803696701446,
0.00777618114440783,0.00804432532180121,0.00831246949919458,0.00858061367658795),
 .UNSPECIFIED.);
#782=B_SPLINE_CURVE_WITH_KNOTS('',3,(#1864,#1865,#1866,#1867,#1868,#1869,
#1870),.UNSPECIFIED.,.F.,.F.,(4,1,1,1,4),(0.0254169390642042,0.0271186534770627,
0.0288203678899212,0.0305220823027796,0.0322237967156381),.UNSPECIFIED.);
#783=B_SPLINE_CURVE_WITH_KNOTS('',3,(#1908,#1909,#1910,#1911,#1912,#1913,
#1914,#1915),.UNSPECIFIED.,.F.,.F.,(4,1,1,1,1,4),(2.28813386370822E-7,0.000227520929307456,
0.000454813045228542,0.000909397277070713,0.00136398150891288,0.00181856574075505),
 .UNSPECIFIED.);
#784=B_SPLINE_CURVE_WITH_KNOTS('',3,(#1917,#1918,#1919,#1920,#1921,#1922,
#1923,#1924),.UNSPECIFIED.,.F.,.F.,(4,1,1,1,1,4),(2.12606286494642E-7,0.000447892131282949,
0.000895571656279404,0.00134325118127586,0.00156709094377409,0.00179093070627231),
 .UNSPECIFIED.);
#785=B_SPLINE_CURVE_WITH_KNOTS('',3,(#1945,#1946,#1947,#1948,#1949,#1950,
#1951,#1952,#1953,#1954,#1955,#1956,#1957),.UNSPECIFIED.,.F.,.F.,(4,1,1,
1,1,1,1,1,1,1,4),(0.00622163708277747,0.0103463841750994,0.0144711312674212,
0.0185958783597431,0.0206582519059041,0.022720625452065,0.0247829989982259,
0.0268453725443869,0.0309701196367088,0.0350948667290307,0.0392196138213525),
 .UNSPECIFIED.);
#786=B_SPLINE_CURVE_WITH_KNOTS('',3,(#1958,#1959,#1960,#1961,#1962,#1963,
#1964,#1965,#1966,#1967,#1968,#1969),.UNSPECIFIED.,.F.,.F.,(4,1,1,1,1,1,
1,1,1,4),(0.0319924529510967,0.0360997482767394,0.0402070436023821,0.0443143389280248,
0.0463679865908461,0.0484216342536675,0.0525289295793101,0.0566362249049528,
0.0607435202305955,0.0648508155562382),.UNSPECIFIED.);
#787=B_SPLINE_CURVE_WITH_KNOTS('',3,(#1983,#1984,#1985,#1986,#1987,#1988,
#1989,#1990,#1991,#1992,#1993,#1994,#1995,#1996,#1997,#1998,#1999,#2000,
#2001),.UNSPECIFIED.,.F.,.F.,(4,1,1,1,1,1,1,1,1,1,1,1,1,1,1,1,4),(7.35980840008019E-18,
0.00440800230824902,0.00661200346237353,0.00881600461649804,0.0110200057706225,
0.0132240069247471,0.0154280080788716,0.0165300086559338,0.0176320092329961,
0.0187340098100583,0.0198360103871206,0.0220400115412451,0.0242440126953696,
0.0264480138494941,0.0286520150036186,0.0308560161577431,0.0352640184659921),
 .UNSPECIFIED.);
#788=EDGE_LOOP('',(#239));
#789=EDGE_LOOP('',(#240,#241,#242,#243,#244,#245,#246,#247,#248,#249,#250,
#251));
#790=EDGE_LOOP('',(#252));
#791=EDGE_LOOP('',(#253,#254));
#792=EDGE_LOOP('',(#255,#256,#257,#258));
#793=EDGE_LOOP('',(#259));
#794=EDGE_LOOP('',(#260));
#795=EDGE_LOOP('',(#261,#262,#263,#264));
#796=EDGE_LOOP('',(#265));
#797=EDGE_LOOP('',(#266));
#798=EDGE_LOOP('',(#267));
#799=EDGE_LOOP('',(#268));
#800=EDGE_LOOP('',(#269,#270,#271,#272,#273,#274));
#801=EDGE_LOOP('',(#275,#276,#277,#278,#279,#280));
#802=EDGE_LOOP('',(#281,#282));
#803=EDGE_LOOP('',(#283,#284));
#804=EDGE_LOOP('',(#285,#286,#287,#288));
#805=EDGE_LOOP('',(#289,#290,#291,#292,#293,#294,#295));
#806=EDGE_LOOP('',(#296,#297,#298,#299,#300,#301,#302,#303,#304,#305,#306));
#807=EDGE_LOOP('',(#307,#308,#309,#310,#311,#312,#313));
#808=EDGE_LOOP('',(#314,#315,#316,#317));
#809=EDGE_LOOP('',(#318,#319,#320,#321,#322,#323,#324));
#810=EDGE_LOOP('',(#325));
#811=EDGE_LOOP('',(#326));
#812=EDGE_LOOP('',(#327,#328,#329,#330,#331,#332,#333,#334));
#813=EDGE_LOOP('',(#335));
#814=EDGE_LOOP('',(#336));
#815=EDGE_LOOP('',(#337,#338,#339,#340,#341,#342));
#816=EDGE_LOOP('',(#343,#344,#345,#346,#347,#348));
#817=EDGE_LOOP('',(#349));
#818=EDGE_LOOP('',(#350));
#819=EDGE_LOOP('',(#351));
#820=EDGE_LOOP('',(#352,#353,#354,#355,#356,#357));
#821=EDGE_LOOP('',(#358,#359,#360,#361,#362,#363,#364,#365));
#822=EDGE_LOOP('',(#366,#367,#368,#369));
#823=EDGE_LOOP('',(#370,#371,#372,#373));
#824=EDGE_LOOP('',(#374,#375,#376,#377));
#825=EDGE_LOOP('',(#378,#379,#380,#381));
#826=EDGE_LOOP('',(#382,#383,#384,#385));
#827=EDGE_LOOP('',(#386,#387,#388,#389));
#828=EDGE_LOOP('',(#390,#391,#392,#393));
#829=EDGE_LOOP('',(#394,#395,#396,#397));
#830=EDGE_LOOP('',(#398));
#831=EDGE_LOOP('',(#399));
#832=EDGE_LOOP('',(#400));
#833=EDGE_LOOP('',(#401));
#834=EDGE_LOOP('',(#402,#403,#404,#405));
#835=EDGE_LOOP('',(#406,#407,#408,#409));
#836=EDGE_LOOP('',(#410,#411,#412,#413));
#837=EDGE_LOOP('',(#414,#415,#416,#417));
#838=EDGE_LOOP('',(#418));
#839=EDGE_LOOP('',(#419,#420,#421,#422,#423,#424));
#840=EDGE_LOOP('',(#425,#426,#427,#428));
#841=EDGE_LOOP('',(#429,#430,#431,#432));
#842=EDGE_LOOP('',(#433,#434,#435,#436));
#843=EDGE_LOOP('',(#437,#438,#439,#440));
#844=EDGE_LOOP('',(#441));
#845=EDGE_LOOP('',(#442,#443,#444,#445,#446,#447));
#846=EDGE_LOOP('',(#448,#449,#450,#451));
#847=EDGE_LOOP('',(#452,#453,#454,#455));
#848=EDGE_LOOP('',(#456,#457,#458,#459,#460));
#849=EDGE_LOOP('',(#461,#462,#463,#464,#465));
#850=EDGE_LOOP('',(#466));
#851=EDGE_LOOP('',(#467));
#852=EDGE_LOOP('',(#468));
#853=EDGE_LOOP('',(#469));
#854=EDGE_LOOP('',(#470));
#855=EDGE_LOOP('',(#471));
#856=EDGE_LOOP('',(#472));
#857=EDGE_LOOP('',(#473));
#858=EDGE_LOOP('',(#474,#475,#476,#477));
#859=EDGE_LOOP('',(#478,#479,#480,#481));
#860=EDGE_LOOP('',(#482,#483,#484,#485));
#861=EDGE_LOOP('',(#486,#487,#488,#489));
#862=EDGE_LOOP('',(#490));
#863=EDGE_LOOP('',(#491,#492,#493,#494,#495));
#864=EDGE_LOOP('',(#496,#497,#498,#499,#500));
#865=EDGE_LOOP('',(#501,#502));
#866=EDGE_LOOP('',(#503,#504));
#867=EDGE_LOOP('',(#505));
#868=EDGE_LOOP('',(#506));
#869=EDGE_LOOP('',(#507));
#870=EDGE_LOOP('',(#508));
#871=EDGE_LOOP('',(#509));
#872=EDGE_LOOP('',(#510));
#873=EDGE_LOOP('',(#511));
#874=EDGE_LOOP('',(#512));
#875=EDGE_LOOP('',(#513,#514));
#876=EDGE_LOOP('',(#515,#516,#517,#518));
#877=FACE_BOUND('',#788,.T.);
#878=FACE_BOUND('',#789,.T.);
#879=FACE_BOUND('',#790,.T.);
#880=FACE_BOUND('',#791,.T.);
#881=FACE_BOUND('',#792,.T.);
#882=FACE_BOUND('',#793,.T.);
#883=FACE_BOUND('',#794,.T.);
#884=FACE_BOUND('',#795,.T.);
#885=FACE_BOUND('',#796,.T.);
#886=FACE_BOUND('',#797,.T.);
#887=FACE_BOUND('',#798,.T.);
#888=FACE_BOUND('',#799,.T.);
#889=FACE_BOUND('',#800,.T.);
#890=FACE_BOUND('',#801,.T.);
#891=FACE_BOUND('',#802,.T.);
#892=FACE_BOUND('',#803,.T.);
#893=FACE_BOUND('',#804,.T.);
#894=FACE_BOUND('',#805,.T.);
#895=FACE_BOUND('',#806,.T.);
#896=FACE_BOUND('',#807,.T.);
#897=FACE_BOUND('',#808,.T.);
#898=FACE_BOUND('',#809,.T.);
#899=FACE_BOUND('',#810,.T.);
#900=FACE_BOUND('',#811,.T.);
#901=FACE_BOUND('',#812,.T.);
#902=FACE_BOUND('',#813,.T.);
#903=FACE_BOUND('',#814,.T.);
#904=FACE_BOUND('',#815,.T.);
#905=FACE_BOUND('',#816,.T.);
#906=FACE_BOUND('',#817,.T.);
#907=FACE_BOUND('',#818,.T.);
#908=FACE_BOUND('',#819,.T.);
#909=FACE_BOUND('',#820,.T.);
#910=FACE_BOUND('',#821,.T.);
#911=FACE_BOUND('',#822,.T.);
#912=FACE_BOUND('',#823,.T.);
#913=FACE_BOUND('',#824,.T.);
#914=FACE_BOUND('',#825,.T.);
#915=FACE_BOUND('',#826,.T.);
#916=FACE_BOUND('',#827,.T.);
#917=FACE_BOUND('',#828,.T.);
#918=FACE_BOUND('',#829,.T.);
#919=FACE_BOUND('',#830,.T.);
#920=FACE_BOUND('',#831,.T.);
#921=FACE_BOUND('',#832,.T.);
#922=FACE_BOUND('',#833,.T.);
#923=FACE_BOUND('',#834,.T.);
#924=FACE_BOUND('',#835,.T.);
#925=FACE_BOUND('',#836,.T.);
#926=FACE_BOUND('',#837,.T.);
#927=FACE_BOUND('',#838,.T.);
#928=FACE_BOUND('',#839,.T.);
#929=FACE_BOUND('',#840,.T.);
#930=FACE_BOUND('',#841,.T.);
#931=FACE_BOUND('',#842,.T.);
#932=FACE_BOUND('',#843,.T.);
#933=FACE_BOUND('',#844,.T.);
#934=FACE_BOUND('',#845,.T.);
#935=FACE_BOUND('',#846,.T.);
#936=FACE_BOUND('',#847,.T.);
#937=FACE_BOUND('',#848,.T.);
#938=FACE_BOUND('',#849,.T.);
#939=FACE_BOUND('',#850,.T.);
#940=FACE_BOUND('',#851,.T.);
#941=FACE_BOUND('',#852,.T.);
#942=FACE_BOUND('',#853,.T.);
#943=FACE_BOUND('',#854,.T.);
#944=FACE_BOUND('',#855,.T.);
#945=FACE_BOUND('',#856,.T.);
#946=FACE_BOUND('',#857,.T.);
#947=FACE_BOUND('',#858,.T.);
#948=FACE_BOUND('',#859,.T.);
#949=FACE_BOUND('',#860,.T.);
#950=FACE_BOUND('',#861,.T.);
#951=FACE_BOUND('',#862,.T.);
#952=FACE_BOUND('',#863,.T.);
#953=FACE_BOUND('',#864,.T.);
#954=FACE_BOUND('',#865,.T.);
#955=FACE_BOUND('',#866,.T.);
#956=FACE_BOUND('',#867,.T.);
#957=FACE_BOUND('',#868,.T.);
#958=FACE_BOUND('',#869,.T.);
#959=FACE_BOUND('',#870,.T.);
#960=FACE_BOUND('',#871,.T.);
#961=FACE_BOUND('',#872,.T.);
#962=FACE_BOUND('',#873,.T.);
#963=FACE_BOUND('',#874,.T.);
#964=FACE_BOUND('',#875,.T.);
#965=FACE_BOUND('',#876,.T.);
#966=CONICAL_SURFACE('',#1042,33.,0.37983044472418);
#967=CONICAL_SURFACE('',#1058,23.4895303113189,0.595482941035359);
#968=CONICAL_SURFACE('',#1060,23.4895303113189,0.595482941035359);
#969=CONICAL_SURFACE('',#1147,21.0135720955886,0.315625691985028);
#970=ADVANCED_FACE('',(#877,#878,#879,#880),#966,.T.);
#971=ADVANCED_FACE('',(#881,#882,#883,#884),#151,.F.);
#972=ADVANCED_FACE('',(#885,#886),#24,.F.);
#973=ADVANCED_FACE('',(#887,#888),#25,.F.);
#974=ADVANCED_FACE('',(#889),#967,.T.);
#975=ADVANCED_FACE('',(#890),#968,.T.);
#976=ADVANCED_FACE('',(#891),#152,.F.);
#977=ADVANCED_FACE('',(#892),#153,.F.);
#978=ADVANCED_FACE('',(#893),#26,.F.);
#979=ADVANCED_FACE('',(#894),#27,.T.);
#980=ADVANCED_FACE('',(#895),#28,.T.);
#981=ADVANCED_FACE('',(#896),#29,.T.);
#982=ADVANCED_FACE('',(#897),#30,.F.);
#983=ADVANCED_FACE('',(#898),#31,.T.);
#984=ADVANCED_FACE('',(#899,#900,#901,#902,#903,#904,#905),#154,.F.);
#985=ADVANCED_FACE('',(#906,#907,#908,#909,#910),#155,.T.);
#986=ADVANCED_FACE('',(#911),#156,.T.);
#987=ADVANCED_FACE('',(#912),#157,.T.);
#988=ADVANCED_FACE('',(#913),#158,.T.);
#989=ADVANCED_FACE('',(#914),#159,.T.);
#990=ADVANCED_FACE('',(#915),#32,.F.);
#991=ADVANCED_FACE('',(#916),#33,.F.);
#992=ADVANCED_FACE('',(#917),#34,.F.);
#993=ADVANCED_FACE('',(#918),#35,.F.);
#994=ADVANCED_FACE('',(#919,#920),#36,.F.);
#995=ADVANCED_FACE('',(#921,#922),#37,.F.);
#996=ADVANCED_FACE('',(#923),#160,.F.);
#997=ADVANCED_FACE('',(#924),#161,.F.);
#998=ADVANCED_FACE('',(#925),#162,.F.);
#999=ADVANCED_FACE('',(#926),#163,.F.);
#1000=ADVANCED_FACE('',(#927,#928),#164,.T.);
#1001=ADVANCED_FACE('',(#929),#165,.T.);
#1002=ADVANCED_FACE('',(#930),#166,.T.);
#1003=ADVANCED_FACE('',(#931),#167,.T.);
#1004=ADVANCED_FACE('',(#932),#168,.T.);
#1005=ADVANCED_FACE('',(#933,#934),#169,.F.);
#1006=ADVANCED_FACE('',(#935),#38,.T.);
#1007=ADVANCED_FACE('',(#936),#39,.T.);
#1008=ADVANCED_FACE('',(#937),#40,.T.);
#1009=ADVANCED_FACE('',(#938),#41,.T.);
#1010=ADVANCED_FACE('',(#939,#940),#42,.F.);
#1011=ADVANCED_FACE('',(#941),#170,.T.);
#1012=ADVANCED_FACE('',(#942,#943),#43,.F.);
#1013=ADVANCED_FACE('',(#944),#171,.F.);
#1014=ADVANCED_FACE('',(#945,#946),#44,.F.);
#1015=ADVANCED_FACE('',(#947),#22,.F.);
#1016=ADVANCED_FACE('',(#948),#172,.F.);
#1017=ADVANCED_FACE('',(#949),#173,.F.);
#1018=ADVANCED_FACE('',(#950,#951),#969,.F.);
#1019=ADVANCED_FACE('',(#952),#20,.T.);
#1020=ADVANCED_FACE('',(#953),#21,.T.);
#1021=ADVANCED_FACE('',(#954),#174,.T.);
#1022=ADVANCED_FACE('',(#955),#175,.T.);
#1023=ADVANCED_FACE('',(#956,#957),#45,.F.);
#1024=ADVANCED_FACE('',(#958,#959),#176,.T.);
#1025=ADVANCED_FACE('',(#960,#961),#46,.F.);
#1026=ADVANCED_FACE('',(#962,#963),#177,.T.);
#1027=ADVANCED_FACE('',(#964),#178,.T.);
#1028=ADVANCED_FACE('',(#965),#23,.T.);
#1029=CLOSED_SHELL('',(#970,#971,#972,#973,#974,#975,#976,#977,#978,#979,
#980,#981,#982,#983,#984,#985,#986,#987,#988,#989,#990,#991,#992,#993,#994,
#995,#996,#997,#998,#999,#1000,#1001,#1002,#1003,#1004,#1005,#1006,#1007,
#1008,#1009,#1010,#1011,#1012,#1013,#1014,#1015,#1016,#1017,#1018,#1019,
#1020,#1021,#1022,#1023,#1024,#1025,#1026,#1027,#1028));
#1030=STYLED_ITEM('',(#1031),#1038);
#1031=PRESENTATION_STYLE_ASSIGNMENT((#1032));
#1032=SURFACE_STYLE_USAGE(.BOTH.,#1033);
#1033=SURFACE_SIDE_STYLE('',(#1034));
#1034=SURFACE_STYLE_FILL_AREA(#1035);
#1035=FILL_AREA_STYLE('',(#1036));
#1036=FILL_AREA_STYLE_COLOUR('',#1037);
#1037=COLOUR_RGB('',0.699999988079071,0.670680642127991,0.670680642127991);
#1038=MANIFOLD_SOLID_BREP('',#1029);
#1039=SHAPE_DEFINITION_REPRESENTATION(#2065,#1040);
#1040=SHAPE_REPRESENTATION('CaseServi',(#1041),#2060);
#1041=AXIS2_PLACEMENT_3D('',#1447,#1159,#1160);
#1042=AXIS2_PLACEMENT_3D('',#1448,#1161,#1162);
#1043=AXIS2_PLACEMENT_3D('',#1483,#1163,#1164);
#1044=AXIS2_PLACEMENT_3D('',#1492,#1165,#1166);
#1045=AXIS2_PLACEMENT_3D('',#1505,#1167,#1168);
#1046=AXIS2_PLACEMENT_3D('',#1512,#1169,#1170);
#1047=AXIS2_PLACEMENT_3D('',#1524,#1171,#1172);
#1048=AXIS2_PLACEMENT_3D('',#1563,#1173,#1174);
#1049=AXIS2_PLACEMENT_3D('',#1584,#1175,#1176);
#1050=AXIS2_PLACEMENT_3D('',#1585,#1177,#1178);
#1051=AXIS2_PLACEMENT_3D('',#1590,#1180,#1181);
#1052=AXIS2_PLACEMENT_3D('',#1593,#1183,#1184);
#1053=AXIS2_PLACEMENT_3D('',#1595,#1185,#1186);
#1054=AXIS2_PLACEMENT_3D('',#1608,#1188,#1189);
#1055=AXIS2_PLACEMENT_3D('',#1609,#1190,#1191);
#1056=AXIS2_PLACEMENT_3D('',#1611,#1192,#1193);
#1057=AXIS2_PLACEMENT_3D('',#1612,#1194,#1195);
#1058=AXIS2_PLACEMENT_3D('',#1614,#1196,#1197);
#1059=AXIS2_PLACEMENT_3D('',#1615,#1198,#1199);
#1060=AXIS2_PLACEMENT_3D('',#1650,#1200,#1201);
#1061=AXIS2_PLACEMENT_3D('',#1651,#1202,#1203);
#1062=AXIS2_PLACEMENT_3D('',#1686,#1204,#1205);
#1063=AXIS2_PLACEMENT_3D('',#1687,#1206,#1207);
#1064=AXIS2_PLACEMENT_3D('',#1688,#1208,#1209);
#1065=AXIS2_PLACEMENT_3D('',#1689,#1210,#1211);
#1066=AXIS2_PLACEMENT_3D('',#1690,#1212,#1213);
#1067=AXIS2_PLACEMENT_3D('',#1694,#1215,#1216);
#1068=AXIS2_PLACEMENT_3D('',#1698,#1218,#1219);
#1069=AXIS2_PLACEMENT_3D('',#1699,#1220,#1221);
#1070=AXIS2_PLACEMENT_3D('',#1700,#1222,#1223);
#1071=AXIS2_PLACEMENT_3D('',#1704,#1225,#1226);
#1072=AXIS2_PLACEMENT_3D('',#1705,#1227,#1228);
#1073=AXIS2_PLACEMENT_3D('',#1706,#1229,#1230);
#1074=AXIS2_PLACEMENT_3D('',#1738,#1232,#1233);
#1075=AXIS2_PLACEMENT_3D('',#1739,#1234,#1235);
#1076=AXIS2_PLACEMENT_3D('',#1740,#1236,#1237);
#1077=AXIS2_PLACEMENT_3D('',#1741,#1238,#1239);
#1078=AXIS2_PLACEMENT_3D('',#1745,#1241,#1242);
#1079=AXIS2_PLACEMENT_3D('',#1746,#1243,#1244);
#1080=AXIS2_PLACEMENT_3D('',#1747,#1245,#1246);
#1081=AXIS2_PLACEMENT_3D('',#1751,#1248,#1249);
#1082=AXIS2_PLACEMENT_3D('',#1752,#1250,#1251);
#1083=AXIS2_PLACEMENT_3D('',#1753,#1252,#1253);
#1084=AXIS2_PLACEMENT_3D('',#1754,#1254,#1255);
#1085=AXIS2_PLACEMENT_3D('',#1755,#1256,#1257);
#1086=AXIS2_PLACEMENT_3D('',#1756,#1258,#1259);
#1087=AXIS2_PLACEMENT_3D('',#1757,#1260,#1261);
#1088=AXIS2_PLACEMENT_3D('',#1759,#1262,#1263);
#1089=AXIS2_PLACEMENT_3D('',#1761,#1264,#1265);
#1090=AXIS2_PLACEMENT_3D('',#1766,#1267,#1268);
#1091=AXIS2_PLACEMENT_3D('',#1770,#1270,#1271);
#1092=AXIS2_PLACEMENT_3D('',#1774,#1273,#1274);
#1093=AXIS2_PLACEMENT_3D('',#1777,#1276,#1277);
#1094=AXIS2_PLACEMENT_3D('',#1779,#1278,#1279);
#1095=AXIS2_PLACEMENT_3D('',#1781,#1280,#1281);
#1096=AXIS2_PLACEMENT_3D('',#1784,#1282,#1283);
#1097=AXIS2_PLACEMENT_3D('',#1792,#1287,#1288);
#1098=AXIS2_PLACEMENT_3D('',#1796,#1290,#1291);
#1099=AXIS2_PLACEMENT_3D('',#1800,#1293,#1294);
#1100=AXIS2_PLACEMENT_3D('',#1805,#1297,#1298);
#1101=AXIS2_PLACEMENT_3D('',#1806,#1299,#1300);
#1102=AXIS2_PLACEMENT_3D('',#1808,#1301,#1302);
#1103=AXIS2_PLACEMENT_3D('',#1810,#1303,#1304);
#1104=AXIS2_PLACEMENT_3D('',#1815,#1306,#1307);
#1105=AXIS2_PLACEMENT_3D('',#1819,#1309,#1310);
#1106=AXIS2_PLACEMENT_3D('',#1823,#1312,#1313);
#1107=AXIS2_PLACEMENT_3D('',#1827,#1315,#1316);
#1108=AXIS2_PLACEMENT_3D('',#1828,#1317,#1318);
#1109=AXIS2_PLACEMENT_3D('',#1831,#1321,#1322);
#1110=AXIS2_PLACEMENT_3D('',#1834,#1325,#1326);
#1111=AXIS2_PLACEMENT_3D('',#1837,#1329,#1330);
#1112=AXIS2_PLACEMENT_3D('',#1840,#1333,#1334);
#1113=AXIS2_PLACEMENT_3D('',#1841,#1335,#1336);
#1114=AXIS2_PLACEMENT_3D('',#1842,#1337,#1338);
#1115=AXIS2_PLACEMENT_3D('',#1843,#1339,#1340);
#1116=AXIS2_PLACEMENT_3D('',#1844,#1341,#1342);
#1117=AXIS2_PLACEMENT_3D('',#1845,#1343,#1344);
#1118=AXIS2_PLACEMENT_3D('',#1846,#1345,#1346);
#1119=AXIS2_PLACEMENT_3D('',#1852,#1350,#1351);
#1120=AXIS2_PLACEMENT_3D('',#1856,#1354,#1355);
#1121=AXIS2_PLACEMENT_3D('',#1860,#1358,#1359);
#1122=AXIS2_PLACEMENT_3D('',#1875,#1363,#1364);
#1123=AXIS2_PLACEMENT_3D('',#1876,#1365,#1366);
#1124=AXIS2_PLACEMENT_3D('',#1878,#1367,#1368);
#1125=AXIS2_PLACEMENT_3D('',#1879,#1369,#1370);
#1126=AXIS2_PLACEMENT_3D('',#1880,#1371,#1372);
#1127=AXIS2_PLACEMENT_3D('',#1886,#1376,#1377);
#1128=AXIS2_PLACEMENT_3D('',#1890,#1380,#1381);
#1129=AXIS2_PLACEMENT_3D('',#1896,#1385,#1386);
#1130=AXIS2_PLACEMENT_3D('',#1900,#1389,#1390);
#1131=AXIS2_PLACEMENT_3D('',#1901,#1391,#1392);
#1132=AXIS2_PLACEMENT_3D('',#1903,#1393,#1394);
#1133=AXIS2_PLACEMENT_3D('',#1904,#1395,#1396);
#1134=AXIS2_PLACEMENT_3D('',#1905,#1397,#1398);
#1135=AXIS2_PLACEMENT_3D('',#1906,#1399,#1400);
#1136=AXIS2_PLACEMENT_3D('',#1907,#1401,#1402);
#1137=AXIS2_PLACEMENT_3D('',#1916,#1403,#1404);
#1138=AXIS2_PLACEMENT_3D('',#1925,#1405,#1406);
#1139=AXIS2_PLACEMENT_3D('',#1926,#1407,#1408);
#1140=AXIS2_PLACEMENT_3D('',#1928,#1409,#1410);
#1141=AXIS2_PLACEMENT_3D('',#1929,#1411,#1412);
#1142=AXIS2_PLACEMENT_3D('',#1930,#1413,#1414);
#1143=AXIS2_PLACEMENT_3D('',#1932,#1415,#1416);
#1144=AXIS2_PLACEMENT_3D('',#1933,#1417,#1418);
#1145=AXIS2_PLACEMENT_3D('',#1942,#1419,#1420);
#1146=AXIS2_PLACEMENT_3D('',#1943,#1421,#1422);
#1147=AXIS2_PLACEMENT_3D('',#1944,#1423,#1424);
#1148=AXIS2_PLACEMENT_3D('',#1970,#1425,#1426);
#1149=AXIS2_PLACEMENT_3D('',#1971,#1427,#1428);
#1150=AXIS2_PLACEMENT_3D('',#1972,#1429,#1430);
#1151=AXIS2_PLACEMENT_3D('',#1973,#1431,#1432);
#1152=AXIS2_PLACEMENT_3D('',#1974,#1433,#1434);
#1153=AXIS2_PLACEMENT_3D('',#1975,#1435,#1436);
#1154=AXIS2_PLACEMENT_3D('',#1977,#1437,#1438);
#1155=AXIS2_PLACEMENT_3D('',#1978,#1439,#1440);
#1156=AXIS2_PLACEMENT_3D('',#1979,#1441,#1442);
#1157=AXIS2_PLACEMENT_3D('',#1981,#1443,#1444);
#1158=AXIS2_PLACEMENT_3D('',#1982,#1445,#1446);
#1159=DIRECTION('',(0.,0.,1.));
#1160=DIRECTION('',(1.,0.,0.));
#1161=DIRECTION('',(0.,-1.,0.));
#1162=DIRECTION('',(0.,0.,-1.));
#1163=DIRECTION('',(0.,-1.,0.));
#1164=DIRECTION('',(0.,0.,-1.));
#1165=DIRECTION('',(0.,1.,0.));
#1166=DIRECTION('',(0.,0.,1.));
#1167=DIRECTION('',(0.,-1.,0.));
#1168=DIRECTION('',(0.,0.,-1.));
#1169=DIRECTION('',(0.,1.,0.));
#1170=DIRECTION('',(0.,0.,1.));
#1171=DIRECTION('',(0.,1.,0.));
#1172=DIRECTION('',(0.,0.,1.));
#1173=DIRECTION('',(0.,1.,0.));
#1174=DIRECTION('',(0.,0.,1.));
#1175=DIRECTION('',(0.,1.,0.));
#1176=DIRECTION('',(0.,0.,1.));
#1177=DIRECTION('',(0.,1.,0.));
#1178=DIRECTION('',(0.,0.,1.));
#1179=DIRECTION('',(0.,0.,1.));
#1180=DIRECTION('',(0.,1.,0.));
#1181=DIRECTION('',(0.,0.,1.));
#1182=DIRECTION('',(-2.65315239535807E-16,0.,-1.));
#1183=DIRECTION('',(0.,1.,0.));
#1184=DIRECTION('',(0.,0.,1.));
#1185=DIRECTION('',(0.,1.,0.));
#1186=DIRECTION('',(0.,0.,1.));
#1187=DIRECTION('',(-1.,0.,0.));
#1188=DIRECTION('',(0.,1.,0.));
#1189=DIRECTION('',(0.,0.,1.));
#1190=DIRECTION('',(0.,1.,0.));
#1191=DIRECTION('',(0.,0.,1.));
#1192=DIRECTION('',(0.,1.,0.));
#1193=DIRECTION('',(0.,0.,1.));
#1194=DIRECTION('',(0.,1.,0.));
#1195=DIRECTION('',(0.,0.,1.));
#1196=DIRECTION('',(0.,1.,0.));
#1197=DIRECTION('',(0.,0.,1.));
#1198=DIRECTION('',(0.,1.,0.));
#1199=DIRECTION('',(0.,0.,1.));
#1200=DIRECTION('',(0.,1.,0.));
#1201=DIRECTION('',(0.,0.,1.));
#1202=DIRECTION('',(0.,1.,0.));
#1203=DIRECTION('',(0.,0.,1.));
#1204=DIRECTION('',(0.,1.,0.));
#1205=DIRECTION('',(0.,0.,1.));
#1206=DIRECTION('',(0.,1.,0.));
#1207=DIRECTION('',(0.,0.,1.));
#1208=DIRECTION('',(0.,1.,0.));
#1209=DIRECTION('',(0.,0.,1.));
#1210=DIRECTION('',(0.,1.,0.));
#1211=DIRECTION('',(0.,0.,1.));
#1212=DIRECTION('',(0.,1.,0.));
#1213=DIRECTION('',(0.,0.,1.));
#1214=DIRECTION('',(0.,1.,0.));
#1215=DIRECTION('',(0.,1.,0.));
#1216=DIRECTION('',(0.,0.,1.));
#1217=DIRECTION('',(0.,1.,0.));
#1218=DIRECTION('',(0.,-1.,0.));
#1219=DIRECTION('',(0.,0.,1.));
#1220=DIRECTION('',(0.,1.,0.));
#1221=DIRECTION('',(0.,0.,1.));
#1222=DIRECTION('',(0.,1.,0.));
#1223=DIRECTION('',(0.,0.,1.));
#1224=DIRECTION('',(0.,1.,0.));
#1225=DIRECTION('',(0.,1.,0.));
#1226=DIRECTION('',(0.,0.,1.));
#1227=DIRECTION('',(0.,1.,0.));
#1228=DIRECTION('',(0.,0.,1.));
#1229=DIRECTION('',(0.,1.,0.));
#1230=DIRECTION('',(0.,0.,1.));
#1231=DIRECTION('',(0.,1.,0.));
#1232=DIRECTION('',(0.,1.,0.));
#1233=DIRECTION('',(0.,0.,-1.));
#1234=DIRECTION('',(0.,1.,0.));
#1235=DIRECTION('',(0.,0.,1.));
#1236=DIRECTION('',(0.,1.,0.));
#1237=DIRECTION('',(0.,0.,1.));
#1238=DIRECTION('',(0.,1.,0.));
#1239=DIRECTION('',(0.,0.,1.));
#1240=DIRECTION('',(0.,1.,0.));
#1241=DIRECTION('',(0.,1.,0.));
#1242=DIRECTION('',(0.,0.,1.));
#1243=DIRECTION('',(0.,1.,0.));
#1244=DIRECTION('',(0.,0.,1.));
#1245=DIRECTION('',(0.,1.,0.));
#1246=DIRECTION('',(0.,0.,1.));
#1247=DIRECTION('',(0.,1.,0.));
#1248=DIRECTION('',(0.,-1.,0.));
#1249=DIRECTION('',(0.,0.,1.));
#1250=DIRECTION('',(0.,1.,0.));
#1251=DIRECTION('',(0.,0.,1.));
#1252=DIRECTION('',(0.,1.,0.));
#1253=DIRECTION('',(0.,0.,1.));
#1254=DIRECTION('',(0.,1.,0.));
#1255=DIRECTION('',(0.,0.,1.));
#1256=DIRECTION('',(0.,1.,0.));
#1257=DIRECTION('',(0.,0.,1.));
#1258=DIRECTION('',(0.,1.,0.));
#1259=DIRECTION('',(0.,0.,1.));
#1260=DIRECTION('',(0.,1.,0.));
#1261=DIRECTION('',(0.,0.,1.));
#1262=DIRECTION('',(0.,1.,0.));
#1263=DIRECTION('',(1.,0.,0.));
#1264=DIRECTION('',(0.,1.,0.));
#1265=DIRECTION('',(0.,0.,1.));
#1266=DIRECTION('',(0.,0.,-1.));
#1267=DIRECTION('',(0.,1.,0.));
#1268=DIRECTION('',(0.,0.,1.));
#1269=DIRECTION('',(-1.,0.,0.));
#1270=DIRECTION('',(0.,1.,0.));
#1271=DIRECTION('',(0.,0.,1.));
#1272=DIRECTION('',(-7.24212503924397E-16,0.,1.));
#1273=DIRECTION('',(0.,1.,0.));
#1274=DIRECTION('',(0.,0.,1.));
#1275=DIRECTION('',(1.,0.,-4.35094600358184E-16));
#1276=DIRECTION('',(0.,1.,0.));
#1277=DIRECTION('',(0.,0.,1.));
#1278=DIRECTION('',(0.,1.,0.));
#1279=DIRECTION('',(0.,0.,1.));
#1280=DIRECTION('',(0.,-1.,0.));
#1281=DIRECTION('',(0.,0.,-1.));
#1282=DIRECTION('',(0.,1.,0.));
#1283=DIRECTION('',(0.,0.,1.));
#1284=DIRECTION('',(1.,0.,0.));
#1285=DIRECTION('',(-4.08170229641601E-16,0.,-1.));
#1286=DIRECTION('',(-1.,0.,0.));
#1287=DIRECTION('',(0.,1.,0.));
#1288=DIRECTION('',(0.,0.,1.));
#1289=DIRECTION('',(-1.,0.,0.));
#1290=DIRECTION('',(0.,1.,0.));
#1291=DIRECTION('',(0.,0.,1.));
#1292=DIRECTION('',(-2.04085114820801E-16,0.,1.));
#1293=DIRECTION('',(0.,1.,0.));
#1294=DIRECTION('',(0.,0.,1.));
#1295=DIRECTION('',(1.,0.,0.));
#1296=DIRECTION('',(2.04085114820801E-16,0.,-1.));
#1297=DIRECTION('',(0.,1.,0.));
#1298=DIRECTION('',(0.,0.,1.));
#1299=DIRECTION('',(0.,1.,0.));
#1300=DIRECTION('',(0.,0.,1.));
#1301=DIRECTION('',(1.40274413873879E-16,-1.,0.));
#1302=DIRECTION('',(-1.,-1.40274413873879E-16,0.));
#1303=DIRECTION('',(1.40274413873879E-16,-1.,0.));
#1304=DIRECTION('',(-1.,-1.40274413873879E-16,0.));
#1305=DIRECTION('',(1.,1.40274413873879E-16,-4.35094600358184E-16));
#1306=DIRECTION('',(0.,1.,0.));
#1307=DIRECTION('',(0.,0.,1.));
#1308=DIRECTION('',(-7.24212503924397E-16,-1.01588484508129E-31,1.));
#1309=DIRECTION('',(0.,1.,0.));
#1310=DIRECTION('',(0.,0.,1.));
#1311=DIRECTION('',(-1.,-1.40274413873879E-16,0.));
#1312=DIRECTION('',(0.,1.,0.));
#1313=DIRECTION('',(0.,0.,1.));
#1314=DIRECTION('',(0.,0.,-1.));
#1315=DIRECTION('',(0.,1.,0.));
#1316=DIRECTION('',(0.,0.,1.));
#1317=DIRECTION('',(0.,0.,-1.));
#1318=DIRECTION('',(-1.,0.,0.));
#1319=DIRECTION('',(0.,1.,0.));
#1320=DIRECTION('',(0.,1.,0.));
#1321=DIRECTION('',(1.,0.,0.));
#1322=DIRECTION('',(0.,0.,-1.));
#1323=DIRECTION('',(0.,1.,0.));
#1324=DIRECTION('',(0.,1.,0.));
#1325=DIRECTION('',(4.35094600358184E-16,0.,1.));
#1326=DIRECTION('',(1.,0.,-4.35094600358184E-16));
#1327=DIRECTION('',(0.,1.,0.));
#1328=DIRECTION('',(0.,1.,0.));
#1329=DIRECTION('',(-1.,0.,-7.24212503924397E-16));
#1330=DIRECTION('',(-7.24212503924397E-16,0.,1.));
#1331=DIRECTION('',(0.,1.,0.));
#1332=DIRECTION('',(0.,1.,0.));
#1333=DIRECTION('',(0.,-1.,0.));
#1334=DIRECTION('',(0.,0.,-1.));
#1335=DIRECTION('',(0.,-1.,0.));
#1336=DIRECTION('',(0.,0.,-1.));
#1337=DIRECTION('',(0.,-1.,0.));
#1338=DIRECTION('',(0.,0.,-1.));
#1339=DIRECTION('',(0.,-1.,0.));
#1340=DIRECTION('',(0.,0.,-1.));
#1341=DIRECTION('',(0.,1.,0.));
#1342=DIRECTION('',(0.,0.,1.));
#1343=DIRECTION('',(0.,1.,0.));
#1344=DIRECTION('',(0.,0.,1.));
#1345=DIRECTION('',(0.,0.,-1.));
#1346=DIRECTION('',(-1.,0.,0.));
#1347=DIRECTION('',(-1.,0.,0.));
#1348=DIRECTION('',(0.,1.,0.));
#1349=DIRECTION('',(0.,1.,0.));
#1350=DIRECTION('',(1.,0.,-4.08170229641601E-16));
#1351=DIRECTION('',(-4.08170229641601E-16,0.,-1.));
#1352=DIRECTION('',(0.,1.,0.));
#1353=DIRECTION('',(0.,0.,-1.));
#1354=DIRECTION('',(0.,0.,1.));
#1355=DIRECTION('',(1.,0.,0.));
#1356=DIRECTION('',(0.,1.,0.));
#1357=DIRECTION('',(1.,0.,0.));
#1358=DIRECTION('',(-1.,0.,-4.08170229641602E-16));
#1359=DIRECTION('',(-4.08170229641602E-16,0.,1.));
#1360=DIRECTION('',(0.,1.,0.));
#1361=DIRECTION('',(0.,1.,0.));
#1362=DIRECTION('',(-4.08170229641602E-16,0.,1.));
#1363=DIRECTION('',(0.,-1.,0.));
#1364=DIRECTION('',(0.,0.,-1.));
#1365=DIRECTION('',(0.,-1.,0.));
#1366=DIRECTION('',(1.,0.,0.));
#1367=DIRECTION('',(0.,-1.,0.));
#1368=DIRECTION('',(0.,0.,-1.));
#1369=DIRECTION('',(0.,-1.,0.));
#1370=DIRECTION('',(0.,0.,-1.));
#1371=DIRECTION('',(1.,0.,2.04085114820801E-16));
#1372=DIRECTION('',(2.04085114820801E-16,0.,-1.));
#1373=DIRECTION('',(0.,1.,0.));
#1374=DIRECTION('',(2.04085114820801E-16,0.,-1.));
#1375=DIRECTION('',(0.,1.,0.));
#1376=DIRECTION('',(0.,0.,-1.));
#1377=DIRECTION('',(-1.,0.,0.));
#1378=DIRECTION('',(-1.,0.,0.));
#1379=DIRECTION('',(0.,1.,0.));
#1380=DIRECTION('',(-1.,0.,-2.04085114820801E-16));
#1381=DIRECTION('',(-2.04085114820801E-16,0.,1.));
#1382=DIRECTION('',(0.,1.,0.));
#1383=DIRECTION('',(-2.04085114820801E-16,0.,1.));
#1384=DIRECTION('',(0.,1.,0.));
#1385=DIRECTION('',(0.,0.,1.));
#1386=DIRECTION('',(1.,0.,0.));
#1387=DIRECTION('',(0.,1.,0.));
#1388=DIRECTION('',(1.,0.,0.));
#1389=DIRECTION('',(0.,1.,0.));
#1390=DIRECTION('',(0.,0.,1.));
#1391=DIRECTION('',(0.,1.,0.));
#1392=DIRECTION('',(1.,0.,0.));
#1393=DIRECTION('',(0.,1.,0.));
#1394=DIRECTION('',(0.,0.,1.));
#1395=DIRECTION('',(0.,1.,0.));
#1396=DIRECTION('',(0.,0.,1.));
#1397=DIRECTION('',(0.,1.,0.));
#1398=DIRECTION('',(0.,0.,1.));
#1399=DIRECTION('',(0.,1.,0.));
#1400=DIRECTION('',(0.,0.,1.));
#1401=DIRECTION('',(0.,1.,0.));
#1402=DIRECTION('',(0.,0.,1.));
#1403=DIRECTION('',(0.,1.,0.));
#1404=DIRECTION('',(0.,0.,1.));
#1405=DIRECTION('',(0.,-1.,0.));
#1406=DIRECTION('',(0.,0.,-1.));
#1407=DIRECTION('',(0.,-1.,0.));
#1408=DIRECTION('',(1.,0.,0.));
#1409=DIRECTION('',(0.,-1.,0.));
#1410=DIRECTION('',(0.,0.,-1.));
#1411=DIRECTION('',(0.,-1.,0.));
#1412=DIRECTION('',(0.,0.,-1.));
#1413=DIRECTION('',(0.,1.,0.));
#1414=DIRECTION('',(1.,0.,0.));
#1415=DIRECTION('',(0.,1.,0.));
#1416=DIRECTION('',(0.,0.,1.));
#1417=DIRECTION('',(0.,-1.,0.));
#1418=DIRECTION('',(0.,0.,-1.));
#1419=DIRECTION('',(0.,-1.,0.));
#1420=DIRECTION('',(0.,0.,-1.));
#1421=DIRECTION('',(0.,-1.,0.));
#1422=DIRECTION('',(0.,0.,-1.));
#1423=DIRECTION('',(0.,-1.,0.));
#1424=DIRECTION('',(0.,0.,-1.));
#1425=DIRECTION('',(0.,1.,0.));
#1426=DIRECTION('',(0.,0.,1.));
#1427=DIRECTION('',(0.,1.,0.));
#1428=DIRECTION('',(0.,0.,1.));
#1429=DIRECTION('',(-1.,0.,2.65315239535807E-16));
#1430=DIRECTION('',(2.65315239535807E-16,0.,1.));
#1431=DIRECTION('',(1.,0.,0.));
#1432=DIRECTION('',(0.,0.,-1.));
#1433=DIRECTION('',(0.,1.,0.));
#1434=DIRECTION('',(0.,0.,1.));
#1435=DIRECTION('',(0.,1.,0.));
#1436=DIRECTION('',(0.,0.,1.));
#1437=DIRECTION('',(0.,1.,0.));
#1438=DIRECTION('',(0.,0.,1.));
#1439=DIRECTION('',(0.,1.,0.));
#1440=DIRECTION('',(0.,0.,1.));
#1441=DIRECTION('',(0.,1.,0.));
#1442=DIRECTION('',(0.,0.,1.));
#1443=DIRECTION('',(0.,1.,0.));
#1444=DIRECTION('',(0.,0.,1.));
#1445=DIRECTION('',(0.,0.278705608706828,-0.960376584301885));
#1446=DIRECTION('',(0.,0.960376584301886,0.278705608706828));
#1447=CARTESIAN_POINT('',(0.,0.,0.));
#1448=CARTESIAN_POINT('',(0.00090130065014972,-58.3900815262525,19.6886599825773));
#1449=CARTESIAN_POINT('',(31.9849079334202,-55.8476443331932,19.3567647130111));
#1450=CARTESIAN_POINT('',(31.8674323103457,-55.5714014021761,18.9196720364928));
#1451=CARTESIAN_POINT('',(31.6634473459965,-55.0895884820686,18.5479938853377));
#1452=CARTESIAN_POINT('',(31.389734985722,-54.4377899750691,18.2325421078483));
#1453=CARTESIAN_POINT('',(31.1100952214811,-53.7662033151952,18.0132057683901));
#1454=CARTESIAN_POINT('',(30.7293320585375,-52.8437478267618,17.8052166663323));
#1455=CARTESIAN_POINT('',(30.2500768712574,-51.666756576956,17.6773478295229));
#1456=CARTESIAN_POINT('',(29.6892202597989,-50.263488551791,17.6870730090375));
#1457=CARTESIAN_POINT('',(29.2294133101255,-49.0912308175549,17.8240980108658));
#1458=CARTESIAN_POINT('',(28.8674969731549,-48.1551122582042,18.0303224595793));
#1459=CARTESIAN_POINT('',(28.6058940418498,-47.4719054757545,18.2411862847419));
#1460=CARTESIAN_POINT('',(28.3556163885818,-46.8121643840579,18.5269080458796));
#1461=CARTESIAN_POINT('',(28.1596772771567,-46.2907817666245,18.8699541024135));
#1462=CARTESIAN_POINT('',(28.0384224262881,-45.9662547268819,19.2555948986188));
#1463=CARTESIAN_POINT('',(27.9884377221018,-45.8320734543507,19.6302105788752));
#1464=CARTESIAN_POINT('',(28.0178376490856,-45.9110303660397,20.0231755013697));
#1465=CARTESIAN_POINT('',(28.1289830826577,-46.2088113813662,20.4390646198337));
#1466=CARTESIAN_POINT('',(28.3194542366137,-46.7163153246577,20.7985403855269));
#1467=CARTESIAN_POINT('',(28.5685050663737,-47.3737355111768,21.0999022301017));
#1468=CARTESIAN_POINT('',(28.8287308661,-48.0542820027001,21.3200276119975));
#1469=CARTESIAN_POINT('',(29.1894778583958,-48.9886831247739,21.5365336946986));
#1470=CARTESIAN_POINT('',(29.6478041783499,-50.1588110040188,21.6833629423912));
#1471=CARTESIAN_POINT('',(30.2082236223973,-51.5629596899662,21.7047091071364));
#1472=CARTESIAN_POINT('',(30.6878843984846,-52.7425058917289,21.5870526802498));
#1473=CARTESIAN_POINT('',(31.0681376011063,-53.664941338382,21.3909972859516));
#1474=CARTESIAN_POINT('',(31.3498686777768,-54.3423991699604,21.1808198164702));
#1475=CARTESIAN_POINT('',(31.6241470933285,-54.9963403222331,20.8839631595768));
#1476=CARTESIAN_POINT('',(31.8344396726608,-55.4936135385294,20.5271874384445));
#1477=CARTESIAN_POINT('',(31.9621818822389,-55.7942592526029,20.1296027095772));
#1478=CARTESIAN_POINT('',(32.013292475217,-55.9142607661942,19.7492643497058));
#1479=CARTESIAN_POINT('',(31.9849079334202,-55.8476443331932,19.3567647130111));
#1480=CARTESIAN_POINT('',(31.8674323103457,-55.5714014021761,18.9196720364928));
#1481=CARTESIAN_POINT('',(31.6634473459965,-55.0895884820686,18.5479938853377));
#1482=CARTESIAN_POINT('',(31.8929918537472,-55.6313615178413,19.0405910519219));
#1483=CARTESIAN_POINT('',(0.00090130065014972,-32.240844530346,19.6886599825773));
#1484=CARTESIAN_POINT('',(18.1844016141205,-32.240844530346,6.33388034303122));
#1485=CARTESIAN_POINT('',(12.0042106139608,-32.240844530346,38.7912877703922));
#1486=CARTESIAN_POINT('',(12.0042106139608,-32.240844530346,38.7912877703922));
#1487=CARTESIAN_POINT('',(10.169730003029,-31.8001378125022,39.7362129001368));
#1488=CARTESIAN_POINT('',(6.32440110857071,-31.1163081288518,41.1823738659045));
#1489=CARTESIAN_POINT('',(2.10602755325389,-30.8700741791415,41.6997596332173));
#1490=CARTESIAN_POINT('',(0.0268856450365402,-30.8700741791473,41.7022138093966));
#1491=CARTESIAN_POINT('',(0.0268856486518307,-30.8700815262525,41.7022167424772));
#1492=CARTESIAN_POINT('',(-0.00406843027872451,-30.8700815262525,15.4783771662786));
#1493=CARTESIAN_POINT('',(0.0197902484081513,-30.8700815262525,41.7022239742468));
#1494=CARTESIAN_POINT('',(-0.00372852081644384,-30.8700815262525,41.702232075963));
#1495=CARTESIAN_POINT('',(0.00411106948316028,-30.8700815262525,41.7022319743474));
#1496=CARTESIAN_POINT('',(0.0119506597371975,-30.8700815262525,41.7022283572773));
#1497=CARTESIAN_POINT('',(0.0197902467928457,-30.8700815262525,41.7022212247542));
#1498=CARTESIAN_POINT('',(-0.00372852080850327,-30.8700815262525,41.7022315912947));
#1499=CARTESIAN_POINT('',(-11.9572779321688,-32.240844530346,38.8195714168657));
#1500=CARTESIAN_POINT('',(-10.1250790987539,-31.8012193369253,39.7578548769923));
#1501=CARTESIAN_POINT('',(-6.28651094522793,-31.1186274766638,41.1923999038309));
#1502=CARTESIAN_POINT('',(-2.07777171991587,-30.8712427367146,41.7022589594379));
#1503=CARTESIAN_POINT('',(-0.00372852012322293,-30.8700827402847,41.702232075963));
#1504=CARTESIAN_POINT('',(-11.9572779321688,-32.240844530346,38.8195714168657));
#1505=CARTESIAN_POINT('',(0.00090130065014972,-32.240844530346,19.6886599825773));
#1506=CARTESIAN_POINT('',(-18.2140757114298,-32.240844530346,6.37684435433908));
#1507=CARTESIAN_POINT('',(-18.2140757114298,-32.240844530346,6.37684435433908));
#1508=CARTESIAN_POINT('',(-17.6086917051608,-31.7962687338038,5.84927370527168));
#1509=CARTESIAN_POINT('',(-16.9832572887721,-31.3392770094469,5.37142975353688));
#1510=CARTESIAN_POINT('',(-16.3403257695919,-30.8700815262525,4.93868865221651));
#1511=CARTESIAN_POINT('',(-16.3403257695919,-30.8700815262525,4.93868865221651));
#1512=CARTESIAN_POINT('',(0.00090130065014972,-30.8700815262525,19.6886599825773));
#1513=CARTESIAN_POINT('',(-0.0250830473514937,-30.8700815262525,-2.32489677732264));
#1514=CARTESIAN_POINT('',(-0.0179876454764749,-30.8700815262525,-2.3249010349209));
#1515=CARTESIAN_POINT('',(-0.0203527786589486,-30.8700815262525,-2.32489903288832));
#1516=CARTESIAN_POINT('',(-0.0227179115071818,-30.8700815262525,-2.32489663599523));
#1517=CARTESIAN_POINT('',(-0.0250830438893299,-30.8700815262525,-2.32489384424179));
#1518=CARTESIAN_POINT('',(-0.0179876479940511,-30.8700815262525,-2.32490400909148));
#1519=CARTESIAN_POINT('',(0.000901300502376622,-30.8700815262525,-2.32490862887632));
#1520=CARTESIAN_POINT('',(-0.00539501553436637,-30.8700815262525,-2.32490889592915));
#1521=CARTESIAN_POINT('',(-0.0116913316897998,-30.8700815262525,-2.32490636461035));
#1522=CARTESIAN_POINT('',(-0.0179876454764749,-30.8700815262525,-2.3249010349209));
#1523=CARTESIAN_POINT('',(0.000901300650145253,-30.8700815262525,-2.32491211301131));
#1524=CARTESIAN_POINT('',(0.00090130065014972,-30.8700815262525,19.6886599825773));
#1525=CARTESIAN_POINT('',(16.3072617597706,-30.8700815262525,4.90015211379926));
#1526=CARTESIAN_POINT('',(18.1844016141205,-32.240844530346,6.33388034303122));
#1527=CARTESIAN_POINT('',(17.5777738295336,-31.7962687338038,5.80774032766374));
#1528=CARTESIAN_POINT('',(16.9512130832697,-31.3392770094469,5.33137420517561));
#1529=CARTESIAN_POINT('',(16.3072617597706,-30.8700815262525,4.90015211379926));
#1530=CARTESIAN_POINT('',(-31.659065776902,-55.0834657852333,18.5438985253796));
#1531=CARTESIAN_POINT('',(-31.866191285366,-55.5727291435369,18.9220115032768));
#1532=CARTESIAN_POINT('',(-31.9826102883016,-55.8464789381107,19.3533727447916));
#1533=CARTESIAN_POINT('',(-32.0208122810838,-55.936143176022,19.8824960826054));
#1534=CARTESIAN_POINT('',(-31.8742495947914,-55.592034799828,20.4643689841587));
#1535=CARTESIAN_POINT('',(-31.6216214505303,-54.994625443522,20.8830986749625));
#1536=CARTESIAN_POINT('',(-31.3456839085175,-54.336706270868,21.183629668505));
#1537=CARTESIAN_POINT('',(-31.0631914077285,-53.6573509025915,21.3928208304645));
#1538=CARTESIAN_POINT('',(-30.6822249871918,-52.7330930935308,21.5886063840444));
#1539=CARTESIAN_POINT('',(-30.2004612137954,-51.5482022542885,21.7054865323971));
#1540=CARTESIAN_POINT('',(-29.6387776684657,-50.1405445254007,21.6821338326092));
#1541=CARTESIAN_POINT('',(-29.1811532806246,-48.9719068323547,21.5335836322806));
#1542=CARTESIAN_POINT('',(-28.8208932630988,-48.0385866423887,21.3158404329126));
#1543=CARTESIAN_POINT('',(-28.5576198924848,-47.3498927473919,21.0911905718025));
#1544=CARTESIAN_POINT('',(-28.3073673123821,-46.689038793948,20.7833472952816));
#1545=CARTESIAN_POINT('',(-28.118148157126,-46.1846693851123,20.417857008374));
#1546=CARTESIAN_POINT('',(-28.0107000883845,-45.8967096341417,19.9923376198976));
#1547=CARTESIAN_POINT('',(-27.9881237557367,-45.8360730072254,19.5965682767401));
#1548=CARTESIAN_POINT('',(-28.0428056350584,-45.9828408316315,19.230209558219));
#1549=CARTESIAN_POINT('',(-28.1666307542445,-46.3141426260052,18.8515504685577));
#1550=CARTESIAN_POINT('',(-28.361266866213,-46.8318796866019,18.5172759743453));
#1551=CARTESIAN_POINT('',(-28.6112059567424,-47.4905897928763,18.2341808414051));
#1552=CARTESIAN_POINT('',(-28.8757128933658,-48.1811437114587,18.0236237505823));
#1553=CARTESIAN_POINT('',(-29.2326413367535,-49.1040466118672,17.822751838776));
#1554=CARTESIAN_POINT('',(-29.6892066459556,-50.268046512189,17.6865243590808));
#1555=CARTESIAN_POINT('',(-30.2548328858146,-51.6830328613172,17.6780199135943));
#1556=CARTESIAN_POINT('',(-30.7315336094681,-52.853504190632,17.8069107394557));
#1557=CARTESIAN_POINT('',(-31.1124511967075,-53.77623899197,18.015767091066));
#1558=CARTESIAN_POINT('',(-31.3908791713946,-54.4448035628952,18.2361510485337));
#1559=CARTESIAN_POINT('',(-31.659065776902,-55.0834657852333,18.5438985253796));
#1560=CARTESIAN_POINT('',(-31.866191285366,-55.5727291435369,18.9220115032768));
#1561=CARTESIAN_POINT('',(-31.9826102883016,-55.8464789381107,19.3533727447916));
#1562=CARTESIAN_POINT('',(-31.891189252447,-55.6313615178413,19.0405910519218));
#1563=CARTESIAN_POINT('',(0.00090130065014972,-58.3900815262525,19.6886599825773));
#1564=CARTESIAN_POINT('',(-10.149716941269,-58.3900815262525,-11.7114188279419));
#1565=CARTESIAN_POINT('',(10.1515195425693,-58.3900815262525,-11.7114188279419));
#1566=CARTESIAN_POINT('',(10.1515195425693,-58.3900815262525,-11.7114188279419));
#1567=CARTESIAN_POINT('',(9.58283790452339,-57.0253017832284,-11.322651692766));
#1568=CARTESIAN_POINT('',(8.69645044572924,-54.9924009545833,-10.7441412741327));
#1569=CARTESIAN_POINT('',(7.39864121180606,-52.3298885038679,-9.98774522537658));
#1570=CARTESIAN_POINT('',(6.34459454641664,-50.3694920087878,-9.43149448478897));
#1571=CARTESIAN_POINT('',(5.18339506403049,-48.4771815154381,-8.89525803529919));
#1572=CARTESIAN_POINT('',(3.83596314693902,-46.6803308714034,-8.38676202092259));
#1573=CARTESIAN_POINT('',(2.47408583988894,-45.3739899962399,-8.01759678546973));
#1574=CARTESIAN_POINT('',(1.10002874351967,-44.6647650444729,-7.81733112580009));
#1575=CARTESIAN_POINT('',(-0.047518462647586,-44.4681545470049,-7.76183303903171));
#1576=CARTESIAN_POINT('',(-1.20100481052136,-44.7022955621486,-7.82792628104243));
#1577=CARTESIAN_POINT('',(-2.54700831506617,-45.4364049188306,-8.03522798885903));
#1578=CARTESIAN_POINT('',(-3.89561285138141,-46.752042199122,-8.40704245159805));
#1579=CARTESIAN_POINT('',(-5.22993429927886,-48.5502932284141,-8.91596335827791));
#1580=CARTESIAN_POINT('',(-6.76512370183924,-51.0682020493806,-9.62951627221007));
#1581=CARTESIAN_POINT('',(-8.41085224725127,-54.3450031595273,-10.5599051174133));
#1582=CARTESIAN_POINT('',(-9.58494965625888,-57.0346958437588,-11.3253276571615));
#1583=CARTESIAN_POINT('',(-10.149716941269,-58.3900815262525,-11.7114188279419));
#1584=CARTESIAN_POINT('',(0.000901300650143632,-58.3900815262525,-10.3113400174227));
#1585=CARTESIAN_POINT('',(0.00090130065014972,-58.3900815262525,19.6886599825773));
#1586=CARTESIAN_POINT('',(27.0009013006502,-58.3900815262525,6.61196315195527));
#1587=CARTESIAN_POINT('',(-26.9990986993499,-58.3900815262525,6.61196315195529));
#1588=CARTESIAN_POINT('',(-26.9990986993499,-58.3900815262525,19.6886599825773));
#1589=CARTESIAN_POINT('',(-26.9990986993499,-58.3900815262525,32.7653568131993));
#1590=CARTESIAN_POINT('',(0.00090130065014972,-58.3900815262525,19.6886599825773));
#1591=CARTESIAN_POINT('',(27.0009013006502,-58.3900815262525,32.7653568131993));
#1592=CARTESIAN_POINT('',(27.0009013006502,-58.3900815262525,32.7653568131993));
#1593=CARTESIAN_POINT('',(-29.9990986993499,-58.3900815262525,19.6886599825773));
#1594=CARTESIAN_POINT('',(-29.9990986993499,-58.3900815262525,21.0236599825773));
#1595=CARTESIAN_POINT('',(30.0009013006502,-58.3900815262525,19.6886599825773));
#1596=CARTESIAN_POINT('',(30.0009013006502,-58.3900815262525,21.0236599825773));
#1597=CARTESIAN_POINT('',(37.914010230421,-58.3900815262525,-11.8113400174227));
#1598=CARTESIAN_POINT('',(9.50635306920052,-58.3900815262525,-11.8113400174227));
#1599=CARTESIAN_POINT('',(-9.50455046790021,-58.3900815262525,-11.8113400174227));
#1600=CARTESIAN_POINT('',(9.50635306920051,-58.3900815262525,-11.8113400174227));
#1601=CARTESIAN_POINT('',(9.7265670450037,-58.3900815262525,-11.8113400174227));
#1602=CARTESIAN_POINT('',(9.94180523604137,-58.3900815262525,-11.7792126025461));
#1603=CARTESIAN_POINT('',(10.1515195425693,-58.3900815262525,-11.7114188279419));
#1604=CARTESIAN_POINT('',(-10.149716941269,-58.3900815262525,-11.7114188279419));
#1605=CARTESIAN_POINT('',(-9.94000263474107,-58.3900815262525,-11.7792126025461));
#1606=CARTESIAN_POINT('',(-9.72476444370341,-58.3900815262525,-11.8113400174227));
#1607=CARTESIAN_POINT('',(-9.50455046790023,-58.3900815262525,-11.8113400174227));
#1608=CARTESIAN_POINT('',(30.0009013006502,-97.3404672158878,19.6886599825773));
#1609=CARTESIAN_POINT('',(30.0009013006502,-57.3900815262525,19.6886599825773));
#1610=CARTESIAN_POINT('',(30.0009013006502,-57.3900815262525,21.0236599825773));
#1611=CARTESIAN_POINT('',(-29.9990986993499,-85.3538623011095,19.6886599825773));
#1612=CARTESIAN_POINT('',(-29.9990986993499,-57.3900815262525,19.6886599825773));
#1613=CARTESIAN_POINT('',(-29.9990986993499,-57.3900815262525,21.0236599825773));
#1614=CARTESIAN_POINT('',(0.00090130065014972,-30.8700815262525,19.6886599825773));
#1615=CARTESIAN_POINT('',(0.00090130065014972,-30.8700815262525,19.6886599825773));
#1616=CARTESIAN_POINT('',(20.9704005881172,-30.8700815262525,30.2734667299528));
#1617=CARTESIAN_POINT('',(23.314090805203,-30.8700815262525,16.8158165529461));
#1618=CARTESIAN_POINT('',(20.9704005881172,-30.8700815262525,30.2734667299528));
#1619=CARTESIAN_POINT('',(20.4548368514576,-30.8700815262525,31.2948470599441));
#1620=CARTESIAN_POINT('',(19.8590098044807,-30.879131835288,32.2748477741235));
#1621=CARTESIAN_POINT('',(19.2773152628796,-30.7509200017326,33.252482187824));
#1622=CARTESIAN_POINT('',(19.2773152628796,-30.7509200017326,33.252482187824));
#1623=CARTESIAN_POINT('',(19.2773152628796,-30.7509200017326,33.252482187824));
#1624=CARTESIAN_POINT('',(18.2385480903364,-31.0476877604273,34.3793388367176));
#1625=CARTESIAN_POINT('',(15.9827822718287,-31.5962784076822,36.4340847060494));
#1626=CARTESIAN_POINT('',(13.3728676680014,-32.0471071923237,38.0863043343949));
#1627=CARTESIAN_POINT('',(12.0042106139608,-32.240844530346,38.7912877703922));
#1628=CARTESIAN_POINT('',(23.4330212881423,-29.8700815262525,13.7740711141467));
#1629=CARTESIAN_POINT('',(22.2886034236304,-30.4495685517382,10.8444122862919));
#1630=CARTESIAN_POINT('',(20.4411503665877,-31.2663287594314,8.29120220245158));
#1631=CARTESIAN_POINT('',(18.1844016141205,-32.240844530346,6.33388034303122));
#1632=CARTESIAN_POINT('',(23.4330212881423,-29.8700815262525,13.7740711141467));
#1633=CARTESIAN_POINT('',(23.4330212881423,-29.8700815262525,13.7740711141467));
#1634=CARTESIAN_POINT('',(23.3863783966415,-29.8936996043112,13.6546673866451));
#1635=CARTESIAN_POINT('',(23.2894993242953,-29.9439044120628,13.4180958404882));
#1636=CARTESIAN_POINT('',(23.1313728471344,-30.0326601407472,13.0732923078271));
#1637=CARTESIAN_POINT('',(22.9857992482783,-30.1220994225168,12.7936405235966));
#1638=CARTESIAN_POINT('',(22.8558659908001,-30.2177394583208,12.5908936741959));
#1639=CARTESIAN_POINT('',(22.7522999940282,-30.2989885942337,12.4453553626832));
#1640=CARTESIAN_POINT('',(22.6105503679591,-30.4696331083101,12.3821680326643));
#1641=CARTESIAN_POINT('',(22.5970128165389,-30.5812408403587,12.5880100167452));
#1642=CARTESIAN_POINT('',(22.6132072054456,-30.6366014833579,12.7670504073757));
#1643=CARTESIAN_POINT('',(22.649496293931,-30.6950024355454,13.0241418348267));
#1644=CARTESIAN_POINT('',(22.7079098743125,-30.7418808241757,13.3414122570966));
#1645=CARTESIAN_POINT('',(22.8091253314357,-30.794620739732,13.8520340439812));
#1646=CARTESIAN_POINT('',(22.9387347903206,-30.832751241337,14.4917760475326));
#1647=CARTESIAN_POINT('',(23.1313233525128,-30.8653074654414,15.5206029219032));
#1648=CARTESIAN_POINT('',(23.2500563816522,-30.8700815262528,16.2961757553821));
#1649=CARTESIAN_POINT('',(23.3140908052028,-30.8700815262528,16.8158165529462));
#1650=CARTESIAN_POINT('',(0.00090130065014972,-30.8700815262525,19.6886599825773));
#1651=CARTESIAN_POINT('',(0.00090130065014972,-30.8700815262525,19.6886599825773));
#1652=CARTESIAN_POINT('',(-23.3190053203908,-30.8700815262525,16.8708612970254));
#1653=CARTESIAN_POINT('',(-20.9435514135073,-30.8700815262525,30.3229410937194));
#1654=CARTESIAN_POINT('',(-23.3190053203908,-30.8700815262525,16.8708612970254));
#1655=CARTESIAN_POINT('',(-23.2561199561643,-30.8700815262525,16.3504263812479));
#1656=CARTESIAN_POINT('',(-23.1390216449497,-30.8652975148397,15.5734704610273));
#1657=CARTESIAN_POINT('',(-22.9485313987405,-30.832623733937,14.5427958799233));
#1658=CARTESIAN_POINT('',(-22.8202616488917,-30.7943416067897,13.9020412917793));
#1659=CARTESIAN_POINT('',(-22.720098788253,-30.7413146182165,13.3902093583552));
#1660=CARTESIAN_POINT('',(-22.6623381134203,-30.6939478604909,13.0715820933794));
#1661=CARTESIAN_POINT('',(-22.6271151722931,-30.6352417949874,12.8154054693029));
#1662=CARTESIAN_POINT('',(-22.6115114134919,-30.5790080161274,12.6350378866803));
#1663=CARTESIAN_POINT('',(-22.6280653733199,-30.4658536312262,12.4338411677429));
#1664=CARTESIAN_POINT('',(-22.769175658844,-30.2977576869721,12.5015017539508));
#1665=CARTESIAN_POINT('',(-22.8718243821774,-30.2168572525293,12.6463161796457));
#1666=CARTESIAN_POINT('',(-23.0012986137302,-30.121417462752,12.8499504551793));
#1667=CARTESIAN_POINT('',(-23.1457725346015,-30.0322783897165,13.1292823198161));
#1668=CARTESIAN_POINT('',(-23.3027179888366,-29.943757946948,13.4737801897712));
#1669=CARTESIAN_POINT('',(-23.3988428867201,-29.8936550404123,13.7101170975758));
#1670=CARTESIAN_POINT('',(-23.4451162889736,-29.8700815262523,13.8294051000983));
#1671=CARTESIAN_POINT('',(-23.4451162889737,-29.8700815262525,13.8294051000984));
#1672=CARTESIAN_POINT('',(-23.4451162889737,-29.8700815262523,13.8294051000984));
#1673=CARTESIAN_POINT('',(-22.3076178214598,-30.449568551738,10.8970527453075));
#1674=CARTESIAN_POINT('',(-20.466197417068,-31.2663287594313,8.33948839137759));
#1675=CARTESIAN_POINT('',(-18.2140757114298,-32.240844530346,6.37684435433908));
#1676=CARTESIAN_POINT('',(-19.2434380792889,-30.7509200017326,33.2979512899344));
#1677=CARTESIAN_POINT('',(-18.2020135684111,-31.0476877604273,34.4223525235036));
#1678=CARTESIAN_POINT('',(-15.9414032833282,-31.5962784076822,36.4717673557086));
#1679=CARTESIAN_POINT('',(-13.3275954658002,-32.0471071923237,38.1178210099345));
#1680=CARTESIAN_POINT('',(-11.9572779321688,-32.240844530346,38.8195714168657));
#1681=CARTESIAN_POINT('',(-19.2434380792889,-30.7509200017326,33.2979512899344));
#1682=CARTESIAN_POINT('',(-19.2434380792889,-30.7509200017326,33.2979512899344));
#1683=CARTESIAN_POINT('',(-19.8276229217219,-30.8791722232779,32.321385308019));
#1684=CARTESIAN_POINT('',(-20.425599129601,-30.8700815262525,31.3430596146693));
#1685=CARTESIAN_POINT('',(-20.9435514135072,-30.8700815262525,30.3229410937194));
#1686=CARTESIAN_POINT('',(0.,-30.8700815262525,0.));
#1687=CARTESIAN_POINT('',(-5.73119614974334,-30.8700815262525,20.7008702496113));
#1688=CARTESIAN_POINT('',(0.,-30.8700815262525,0.));
#1689=CARTESIAN_POINT('',(5.73537235893704,-30.8700815262525,20.6873353488334));
#1690=CARTESIAN_POINT('',(-18.7066454551634,-30.8700815262525,0.516132732227909));
#1691=CARTESIAN_POINT('',(-15.1452556106366,-30.8700815262525,4.01926254283304));
#1692=CARTESIAN_POINT('',(-15.1452556106366,-30.8700815262525,4.01926254283304));
#1693=CARTESIAN_POINT('',(-15.1452556106366,-28.8700815262525,4.01926254283304));
#1694=CARTESIAN_POINT('',(-18.7066454551634,-30.8700815262525,0.516132732227909));
#1695=CARTESIAN_POINT('',(-16.0063220724303,-30.8700815262525,4.71894961181168));
#1696=CARTESIAN_POINT('',(-16.0063220724303,-30.8700815262525,4.71894961181168));
#1697=CARTESIAN_POINT('',(-16.0063220724303,-28.8700815262525,4.71894961181168));
#1698=CARTESIAN_POINT('',(-18.7066454551634,-28.8700815262525,0.516132732227909));
#1699=CARTESIAN_POINT('',(-5.73119614974334,-30.8700815262525,20.7008702496113));
#1700=CARTESIAN_POINT('',(-5.73119614974334,-29.8700815262525,20.7008702496113));
#1701=CARTESIAN_POINT('',(-23.8799839572639,-29.8700815262525,26.3241700920163));
#1702=CARTESIAN_POINT('',(-23.8799839572639,-30.8700815262525,26.3241700920163));
#1703=CARTESIAN_POINT('',(-23.8799839572639,-28.8700815262525,26.3241700920163));
#1704=CARTESIAN_POINT('',(-5.73119614974334,-28.8700815262525,20.7008702496113));
#1705=CARTESIAN_POINT('',(-5.73119614974334,-30.8700815262525,20.7008702496113));
#1706=CARTESIAN_POINT('',(-0.00406843027872451,-30.8700815262525,15.4783771662786));
#1707=CARTESIAN_POINT('',(-23.8799839572639,-29.8700815262525,26.3241700920163));
#1708=CARTESIAN_POINT('',(-23.8799839572639,-29.9626577092888,26.3241700920163));
#1709=CARTESIAN_POINT('',(-23.8101130452314,-30.0868338904538,26.477729273282));
#1710=CARTESIAN_POINT('',(-23.7084160478424,-30.1876494587586,26.6950801611888));
#1711=CARTESIAN_POINT('',(-23.5951169258489,-30.2674574180783,26.9316088856168));
#1712=CARTESIAN_POINT('',(-23.4416418523049,-30.3502103023857,27.2437295097916));
#1713=CARTESIAN_POINT('',(-23.2411056675232,-30.4291243959961,27.6367119173181));
#1714=CARTESIAN_POINT('',(-22.9052558886536,-30.5248173305642,28.2630660337548));
#1715=CARTESIAN_POINT('',(-22.4587626719781,-30.60638833674,29.0378706627671));
#1716=CARTESIAN_POINT('',(-21.8882251568372,-30.669915699449,29.9405163533364));
#1717=CARTESIAN_POINT('',(-21.2817266187918,-30.7110207115295,30.8189030239795));
#1718=CARTESIAN_POINT('',(-20.4259160532504,-30.7446618615183,31.9564047156905));
#1719=CARTESIAN_POINT('',(-19.7308689297364,-30.7521754125787,32.771683813225));
#1720=CARTESIAN_POINT('',(-19.2434380792889,-30.7509200017326,33.2979512899344));
#1721=CARTESIAN_POINT('',(19.2773152628796,-30.7509200017326,33.252482187824));
#1722=CARTESIAN_POINT('',(19.7623368803652,-30.7521724031126,32.7263297939408));
#1723=CARTESIAN_POINT('',(20.4571072059249,-30.7446986491587,31.9077952156816));
#1724=CARTESIAN_POINT('',(21.3138169415688,-30.7108288260829,30.7630452315359));
#1725=CARTESIAN_POINT('',(21.9201186412733,-30.6694412812576,29.8798800196743));
#1726=CARTESIAN_POINT('',(22.4901696383954,-30.6053060242634,28.9721699552732));
#1727=CARTESIAN_POINT('',(22.9328160103524,-30.5235475367256,28.1988507236663));
#1728=CARTESIAN_POINT('',(23.2662236131879,-30.4275658017686,27.5729326474607));
#1729=CARTESIAN_POINT('',(23.4655111191906,-30.3482978471163,27.1797558082613));
#1730=CARTESIAN_POINT('',(23.6179147929146,-30.2649793009924,26.8676524914782));
#1731=CARTESIAN_POINT('',(23.7292551417553,-30.1854702771306,26.6336298812201));
#1732=CARTESIAN_POINT('',(23.8300041923166,-30.0840648800017,26.416827789922));
#1733=CARTESIAN_POINT('',(23.8973848289043,-29.9609761659747,26.2677746721083));
#1734=CARTESIAN_POINT('',(23.8973848289043,-29.8700815262525,26.2677746721083));
#1735=CARTESIAN_POINT('',(23.8973848289043,-29.8700815262525,26.2677746721083));
#1736=CARTESIAN_POINT('',(23.8973848289043,-30.8700815262525,26.2677746721083));
#1737=CARTESIAN_POINT('',(23.8973848289043,-28.8700815262525,26.2677746721083));
#1738=CARTESIAN_POINT('',(-0.00406843027872451,-28.8700815262525,15.4783771662786));
#1739=CARTESIAN_POINT('',(5.73537235893704,-30.8700815262525,20.6873353488334));
#1740=CARTESIAN_POINT('',(5.73537235893704,-29.8700815262525,20.6873353488334));
#1741=CARTESIAN_POINT('',(5.73537235893704,-30.8700815262525,20.6873353488334));
#1742=CARTESIAN_POINT('',(15.9727402432072,-30.8700815262525,4.68120218675725));
#1743=CARTESIAN_POINT('',(15.9727402432072,-30.8700815262525,4.68120218675724));
#1744=CARTESIAN_POINT('',(15.9727402432072,-28.8700815262525,4.68120218675724));
#1745=CARTESIAN_POINT('',(5.73537235893704,-28.8700815262525,20.6873353488334));
#1746=CARTESIAN_POINT('',(18.6631342784953,-30.8700815262525,0.472022215607413));
#1747=CARTESIAN_POINT('',(18.6631342784953,-30.8700815262525,0.472022215607413));
#1748=CARTESIAN_POINT('',(15.1100243908044,-30.8700815262525,3.9835498348404));
#1749=CARTESIAN_POINT('',(15.1100243908044,-30.8700815262525,3.9835498348404));
#1750=CARTESIAN_POINT('',(15.1100243908044,-28.8700815262525,3.9835498348404));
#1751=CARTESIAN_POINT('',(18.6631342784953,-28.8700815262525,0.472022215607413));
#1752=CARTESIAN_POINT('',(0.,-30.8700815262525,18.9250913520097));
#1753=CARTESIAN_POINT('',(0.,-30.8700815262525,18.9250913520097));
#1754=CARTESIAN_POINT('',(0.,-30.8700815262525,18.9250913520097));
#1755=CARTESIAN_POINT('',(0.,-28.8700815262525,18.9250913520097));
#1756=CARTESIAN_POINT('',(0.,-30.8700815262525,0.));
#1757=CARTESIAN_POINT('',(0.00090130065014972,-30.8700815262525,19.6886599825773));
#1758=CARTESIAN_POINT('',(0.00090130065014972,-30.8700815262525,40.7022320781659));
#1759=CARTESIAN_POINT('',(0.0268856451896994,-30.8700815262525,38.7022138093964));
#1760=CARTESIAN_POINT('',(0.0239765483628244,-30.8700815262525,39.932210369211));
#1761=CARTESIAN_POINT('',(-14.4480119914035,-30.8700815262525,29.4250913520097));
#1762=CARTESIAN_POINT('',(-14.4480119914035,-30.8700815262525,27.9250913520097));
#1763=CARTESIAN_POINT('',(-15.9480119914035,-30.8700815262525,29.4250913520097));
#1764=CARTESIAN_POINT('',(-15.9480119914035,-30.8700815262525,0.));
#1765=CARTESIAN_POINT('',(-15.9480119914035,-30.8700815262525,31.2157390322876));
#1766=CARTESIAN_POINT('',(-14.4480119914035,-30.8700815262525,31.2157390322876));
#1767=CARTESIAN_POINT('',(-14.4480119914035,-30.8700815262525,32.7157390322876));
#1768=CARTESIAN_POINT('',(0.,-30.8700815262525,32.7157390322876));
#1769=CARTESIAN_POINT('',(14.4480119914035,-30.8700815262525,32.7157390322876));
#1770=CARTESIAN_POINT('',(14.4480119914035,-30.8700815262525,31.2157390322876));
#1771=CARTESIAN_POINT('',(15.9480119914035,-30.8700815262525,31.2157390322876));
#1772=CARTESIAN_POINT('',(15.9480119914035,-30.8700815262525,1.15497496969106E-14));
#1773=CARTESIAN_POINT('',(15.9480119914035,-30.8700815262525,29.4250913520097));
#1774=CARTESIAN_POINT('',(14.4480119914035,-30.8700815262525,29.4250913520097));
#1775=CARTESIAN_POINT('',(14.4480119914035,-30.8700815262525,27.9250913520097));
#1776=CARTESIAN_POINT('',(1.21500564617685E-14,-30.8700815262525,27.9250913520097));
#1777=CARTESIAN_POINT('',(-7.57920334703597,-30.8700815262525,2.53010703810208));
#1778=CARTESIAN_POINT('',(-7.57920334703597,-30.8700815262525,3.76010703810208));
#1779=CARTESIAN_POINT('',(7.54843665368453,-30.8700815262525,2.51225068410577));
#1780=CARTESIAN_POINT('',(7.54843665368453,-30.8700815262525,3.74225068410577));
#1781=CARTESIAN_POINT('',(0.00090130065014972,-30.8700815262525,19.6886599825773));
#1782=CARTESIAN_POINT('',(18.559782621338,-30.8700815262525,15.5553988053992));
#1783=CARTESIAN_POINT('',(18.559782621338,-30.8700815262525,23.8219211597554));
#1784=CARTESIAN_POINT('',(18.0909013006502,-30.8700815262525,16.4386599825773));
#1785=CARTESIAN_POINT('',(18.0909013006502,-30.8700815262525,15.4386599825773));
#1786=CARTESIAN_POINT('',(15.5909013006502,-30.8700815262525,15.4386599825773));
#1787=CARTESIAN_POINT('',(15.5909013006502,-30.8700815262525,15.4386599825773));
#1788=CARTESIAN_POINT('',(15.5909013006502,-30.8700815262525,19.6886599825773));
#1789=CARTESIAN_POINT('',(15.5909013006502,-30.8700815262525,23.9386599825773));
#1790=CARTESIAN_POINT('',(15.5909013006502,-30.8700815262525,23.9386599825773));
#1791=CARTESIAN_POINT('',(18.0909013006502,-30.8700815262525,23.9386599825773));
#1792=CARTESIAN_POINT('',(18.0909013006502,-30.8700815262525,22.9386599825773));
#1793=CARTESIAN_POINT('',(-7.92909869934984,-30.8700815262525,15.4386599825773));
#1794=CARTESIAN_POINT('',(-4.42909869934984,-30.8700815262525,15.4386599825773));
#1795=CARTESIAN_POINT('',(-6.92909869934984,-30.8700815262525,15.4386599825773));
#1796=CARTESIAN_POINT('',(-6.92909869934984,-30.8700815262525,16.4386599825773));
#1797=CARTESIAN_POINT('',(-7.92909869934984,-30.8700815262525,16.4386599825773));
#1798=CARTESIAN_POINT('',(-7.92909869934984,-30.8700815262525,23.9386599825773));
#1799=CARTESIAN_POINT('',(-7.92909869934984,-30.8700815262525,22.9386599825773));
#1800=CARTESIAN_POINT('',(-6.92909869934984,-30.8700815262525,22.9386599825773));
#1801=CARTESIAN_POINT('',(-6.92909869934984,-30.8700815262525,23.9386599825773));
#1802=CARTESIAN_POINT('',(-4.42909869934984,-30.8700815262525,23.9386599825773));
#1803=CARTESIAN_POINT('',(-4.42909869934984,-30.8700815262525,23.9386599825773));
#1804=CARTESIAN_POINT('',(-4.42909869934984,-30.8700815262525,19.6886599825773));
#1805=CARTESIAN_POINT('',(0.,-28.8700815262525,0.));
#1806=CARTESIAN_POINT('',(0.0268856451896994,-28.8700815262525,38.7022138093964));
#1807=CARTESIAN_POINT('',(0.0268856451896994,-28.8700815262525,39.9322138093964));
#1808=CARTESIAN_POINT('',(7.54843665368453,-28.8700815262525,2.51225068410577));
#1809=CARTESIAN_POINT('',(6.31843665368453,-28.8700815262525,2.51225068410577));
#1810=CARTESIAN_POINT('',(-7.57920334703597,-28.8700815262525,2.53010703810208));
#1811=CARTESIAN_POINT('',(-8.80920334703597,-28.8700815262525,2.53010703810208));
#1812=CARTESIAN_POINT('',(0.,-28.8700815262525,27.9250913520097));
#1813=CARTESIAN_POINT('',(-14.4480119914035,-28.8700815262525,27.9250913520097));
#1814=CARTESIAN_POINT('',(14.4480119914035,-28.8700815262525,27.9250913520097));
#1815=CARTESIAN_POINT('',(14.4480119914035,-28.8700815262525,29.4250913520097));
#1816=CARTESIAN_POINT('',(15.9480119914035,-28.8700815262525,29.4250913520097));
#1817=CARTESIAN_POINT('',(15.9480119914035,-28.8700815262525,27.9250913520097));
#1818=CARTESIAN_POINT('',(15.9480119914035,-28.8700815262525,31.2157390322876));
#1819=CARTESIAN_POINT('',(14.4480119914035,-28.8700815262525,31.2157390322876));
#1820=CARTESIAN_POINT('',(14.4480119914035,-28.8700815262525,32.7157390322876));
#1821=CARTESIAN_POINT('',(15.9480119914035,-28.8700815262525,32.7157390322876));
#1822=CARTESIAN_POINT('',(-14.4480119914035,-28.8700815262525,32.7157390322876));
#1823=CARTESIAN_POINT('',(-14.4480119914035,-28.8700815262525,31.2157390322876));
#1824=CARTESIAN_POINT('',(-15.9480119914035,-28.8700815262525,31.2157390322876));
#1825=CARTESIAN_POINT('',(-15.9480119914035,-28.8700815262525,32.7157390322876));
#1826=CARTESIAN_POINT('',(-15.9480119914035,-28.8700815262525,29.4250913520097));
#1827=CARTESIAN_POINT('',(-14.4480119914035,-28.8700815262525,29.4250913520097));
#1828=CARTESIAN_POINT('',(15.9480119914035,-70.2537390038834,32.7157390322876));
#1829=CARTESIAN_POINT('',(14.4480119914035,-30.8700815262525,32.7157390322876));
#1830=CARTESIAN_POINT('',(-14.4480119914035,-28.8700815262525,32.7157390322876));
#1831=CARTESIAN_POINT('',(-15.9480119914035,-70.2537390038834,32.7157390322876));
#1832=CARTESIAN_POINT('',(-15.9480119914035,-30.8700815262525,31.2157390322876));
#1833=CARTESIAN_POINT('',(-15.9480119914035,-28.8700815262525,29.4250913520097));
#1834=CARTESIAN_POINT('',(0.,-70.2537390038834,27.9250913520097));
#1835=CARTESIAN_POINT('',(14.4480119914035,-28.8700815262525,27.9250913520097));
#1836=CARTESIAN_POINT('',(-14.4480119914035,-30.8700815262525,27.9250913520097));
#1837=CARTESIAN_POINT('',(15.9480119914035,-70.2537390038834,27.9250913520097));
#1838=CARTESIAN_POINT('',(15.9480119914035,-30.8700815262525,29.4250913520097));
#1839=CARTESIAN_POINT('',(15.9480119914035,-28.8700815262525,31.2157390322876));
#1840=CARTESIAN_POINT('',(-14.4480119914035,-70.2537390038834,29.4250913520097));
#1841=CARTESIAN_POINT('',(-14.4480119914035,-70.2537390038834,31.2157390322876));
#1842=CARTESIAN_POINT('',(14.4480119914035,-70.2537390038834,31.2157390322876));
#1843=CARTESIAN_POINT('',(14.4480119914035,-70.2537390038834,29.4250913520097));
#1844=CARTESIAN_POINT('',(-7.57920334703597,-55.2719442249277,2.53010703810208));
#1845=CARTESIAN_POINT('',(7.54843665368453,-68.480858374399,2.51225068410577));
#1846=CARTESIAN_POINT('',(15.5909013006502,-42.8700815262525,23.9386599825773));
#1847=CARTESIAN_POINT('',(15.5909013006502,-42.8700815262525,23.9386599825773));
#1848=CARTESIAN_POINT('',(18.0909013006502,-42.8700815262525,23.9386599825773));
#1849=CARTESIAN_POINT('',(15.5909013006502,-42.8700815262525,23.9386599825773));
#1850=CARTESIAN_POINT('',(18.0909013006502,-42.8700815262525,23.9386599825773));
#1851=CARTESIAN_POINT('',(15.5909013006502,-42.8700815262525,23.9386599825773));
#1852=CARTESIAN_POINT('',(15.5909013006502,-42.8700815262525,19.6886599825773));
#1853=CARTESIAN_POINT('',(15.5909013006502,-42.8700815262525,15.4386599825773));
#1854=CARTESIAN_POINT('',(15.5909013006502,-42.8700815262525,15.4386599825773));
#1855=CARTESIAN_POINT('',(15.5909013006502,-42.8700815262525,23.9386599825773));
#1856=CARTESIAN_POINT('',(15.5909013006502,-42.8700815262525,15.4386599825773));
#1857=CARTESIAN_POINT('',(18.0909013006502,-42.8700815262525,15.4386599825773));
#1858=CARTESIAN_POINT('',(18.0909013006502,-42.8700815262525,15.4386599825773));
#1859=CARTESIAN_POINT('',(15.5909013006502,-42.8700815262525,15.4386599825773));
#1860=CARTESIAN_POINT('',(19.0909013006502,-42.8700815262525,23.9386599825773));
#1861=CARTESIAN_POINT('',(19.0909013006502,-42.8700815262525,16.4386599825773));
#1862=CARTESIAN_POINT('',(19.0909013006502,-42.8700815262525,16.4386599825773));
#1863=CARTESIAN_POINT('',(19.0909013006502,-32.0799246683798,16.4386599825773));
#1864=CARTESIAN_POINT('',(19.0909013006502,-32.0799246683798,16.4386599825773));
#1865=CARTESIAN_POINT('',(19.0909013006502,-31.7944715811243,16.9322492638104));
#1866=CARTESIAN_POINT('',(19.0909013006502,-31.3215137626555,17.9619154088519));
#1867=CARTESIAN_POINT('',(19.0909013006502,-31.0414110832574,19.6803561210436));
#1868=CARTESIAN_POINT('',(19.0909013006502,-31.3135285436561,21.3940541533265));
#1869=CARTESIAN_POINT('',(19.0909013006502,-31.7947409010506,22.445536394079));
#1870=CARTESIAN_POINT('',(19.0909013006502,-32.0799246683798,22.9386599825773));
#1871=CARTESIAN_POINT('',(19.0909013006502,-32.0799246683798,22.9386599825773));
#1872=CARTESIAN_POINT('',(19.0909013006502,-42.8700815262525,22.9386599825773));
#1873=CARTESIAN_POINT('',(19.0909013006502,-42.8700815262525,22.9386599825773));
#1874=CARTESIAN_POINT('',(19.0909013006502,-42.8700815262525,23.9386599825773));
#1875=CARTESIAN_POINT('',(0.,-42.8700815262525,0.));
#1876=CARTESIAN_POINT('',(17.1909013006502,-42.8700815262525,19.6886599825773));
#1877=CARTESIAN_POINT('',(17.9759013006502,-42.8700815262525,19.6886599825773));
#1878=CARTESIAN_POINT('',(18.0909013006502,-42.8700815262525,22.9386599825773));
#1879=CARTESIAN_POINT('',(18.0909013006502,-42.8700815262525,16.4386599825773));
#1880=CARTESIAN_POINT('',(-4.42909869934984,-42.8700815262525,19.6886599825773));
#1881=CARTESIAN_POINT('',(-4.42909869934984,-42.8700815262525,23.9386599825773));
#1882=CARTESIAN_POINT('',(-4.42909869934984,-42.8700815262525,23.9386599825773));
#1883=CARTESIAN_POINT('',(-4.42909869934984,-42.8700815262525,19.6886599825773));
#1884=CARTESIAN_POINT('',(-4.42909869934984,-42.8700815262525,15.4386599825773));
#1885=CARTESIAN_POINT('',(-4.42909869934984,-42.8700815262525,15.4386599825773));
#1886=CARTESIAN_POINT('',(-7.92909869934984,-42.8700815262525,15.4386599825773));
#1887=CARTESIAN_POINT('',(-7.92909869934984,-42.8700815262525,15.4386599825773));
#1888=CARTESIAN_POINT('',(-6.92909869934984,-42.8700815262525,15.4386599825773));
#1889=CARTESIAN_POINT('',(-6.92909869934984,-42.8700815262525,15.4386599825773));
#1890=CARTESIAN_POINT('',(-7.92909869934984,-42.8700815262525,23.9386599825773));
#1891=CARTESIAN_POINT('',(-7.92909869934984,-42.8700815262525,16.4386599825773));
#1892=CARTESIAN_POINT('',(-7.92909869934984,-42.8700815262525,16.4386599825773));
#1893=CARTESIAN_POINT('',(-7.92909869934984,-42.8700815262525,23.9386599825773));
#1894=CARTESIAN_POINT('',(-7.92909869934984,-42.8700815262525,22.9386599825773));
#1895=CARTESIAN_POINT('',(-7.92909869934984,-42.8700815262525,22.9386599825773));
#1896=CARTESIAN_POINT('',(-4.42909869934984,-42.8700815262525,23.9386599825773));
#1897=CARTESIAN_POINT('',(-6.92909869934984,-42.8700815262525,23.9386599825773));
#1898=CARTESIAN_POINT('',(-6.92909869934984,-42.8700815262525,23.9386599825773));
#1899=CARTESIAN_POINT('',(-4.42909869934984,-42.8700815262525,23.9386599825773));
#1900=CARTESIAN_POINT('',(0.,-42.8700815262525,0.));
#1901=CARTESIAN_POINT('',(-6.02909869934984,-42.8700815262525,19.6886599825773));
#1902=CARTESIAN_POINT('',(-5.24409869934984,-42.8700815262525,19.6886599825773));
#1903=CARTESIAN_POINT('',(-6.92909869934984,-42.8700815262525,16.4386599825773));
#1904=CARTESIAN_POINT('',(-6.92909869934984,-42.8700815262525,22.9386599825773));
#1905=CARTESIAN_POINT('',(-6.92909869934984,-42.8700815262525,22.9386599825773));
#1906=CARTESIAN_POINT('',(-6.92909869934984,-42.8700815262525,16.4386599825773));
#1907=CARTESIAN_POINT('',(18.0909013006502,-42.8700815262525,16.4386599825773));
#1908=CARTESIAN_POINT('',(19.0909013006502,-32.0799246683798,16.4386599825773));
#1909=CARTESIAN_POINT('',(19.0909013006502,-32.1182270452532,16.3724296858507));
#1910=CARTESIAN_POINT('',(19.0751246937694,-32.1579465405524,16.2158559107008));
#1911=CARTESIAN_POINT('',(18.9799644083308,-32.0038956571273,15.9527763020316));
#1912=CARTESIAN_POINT('',(18.8503014213576,-31.6870830476688,15.7774183977435));
#1913=CARTESIAN_POINT('',(18.7032643302328,-31.2893117100137,15.6407066200157));
#1914=CARTESIAN_POINT('',(18.6071137742341,-31.0104559729016,15.5805246617731));
#1915=CARTESIAN_POINT('',(18.559782621338,-30.8700815262527,15.5553988053979));
#1916=CARTESIAN_POINT('',(18.0909013006502,-42.8700815262525,22.9386599825773));
#1917=CARTESIAN_POINT('',(18.559782621338,-30.8700815262525,23.8219211597554));
#1918=CARTESIAN_POINT('',(18.6071147762853,-31.0104589447787,23.7967947714388));
#1919=CARTESIAN_POINT('',(18.7029008668665,-31.2882543900599,23.7368329364841));
#1920=CARTESIAN_POINT('',(18.8500637027779,-31.6865497566847,23.6003031670618));
#1921=CARTESIAN_POINT('',(18.980186165325,-32.0043337555714,23.4240663424259));
#1922=CARTESIAN_POINT('',(19.0750870272431,-32.1578714684579,23.1615440113228));
#1923=CARTESIAN_POINT('',(19.0909013006502,-32.1182058900722,23.0048536989654));
#1924=CARTESIAN_POINT('',(19.0909013006502,-32.0799246683798,22.9386599825773));
#1925=CARTESIAN_POINT('',(17.1909013006502,-32.8700815262525,19.6886599825773));
#1926=CARTESIAN_POINT('',(17.1909013006502,-32.8700815262525,19.6886599825773));
#1927=CARTESIAN_POINT('',(17.9759013006502,-32.8700815262525,19.6886599825773));
#1928=CARTESIAN_POINT('',(17.1909013006502,-32.8700815262525,19.6886599825773));
#1929=CARTESIAN_POINT('',(-6.02909869934984,-32.8700815262525,19.6886599825773));
#1930=CARTESIAN_POINT('',(-6.02909869934984,-32.8700815262525,19.6886599825773));
#1931=CARTESIAN_POINT('',(-5.24409869934984,-32.8700815262525,19.6886599825773));
#1932=CARTESIAN_POINT('',(-6.02909869934984,-32.8700815262525,19.6886599825773));
#1933=CARTESIAN_POINT('',(0.0268856451896994,6.02604145561286,38.7022138093964));
#1934=CARTESIAN_POINT('',(18.5488495926299,-30.8700815262525,15.5066104859559));
#1935=CARTESIAN_POINT('',(19.1722573134222,-30.8700815262525,18.2715070227897));
#1936=CARTESIAN_POINT('',(19.1722573134222,-30.8700815262525,21.1058129423649));
#1937=CARTESIAN_POINT('',(18.5488495926299,-30.8700815262525,23.8707094791988));
#1938=CARTESIAN_POINT('',(18.9090128056197,-32.141237006416,15.4268148239073));
#1939=CARTESIAN_POINT('',(19.5443154673606,-32.141237006416,18.2453999954415));
#1940=CARTESIAN_POINT('',(19.544110257206,-32.141237006416,21.134696068726));
#1941=CARTESIAN_POINT('',(18.908407225948,-32.141237006416,23.9531909680042));
#1942=CARTESIAN_POINT('',(0.000901300650145253,-30.8700815262525,-2.32491211301131));
#1943=CARTESIAN_POINT('',(0.000901300650145253,-30.8700815262525,-2.32491211301131));
#1944=CARTESIAN_POINT('',(0.00090130065014972,-30.8700815262525,19.6886599825773));
#1945=CARTESIAN_POINT('',(-26.9990986993499,-58.3900815262525,32.7653568131993));
#1946=CARTESIAN_POINT('',(-26.9990986993499,-57.2896929856497,31.9410138720694));
#1947=CARTESIAN_POINT('',(-26.9990986993499,-55.1470810570826,30.2129805258417));
#1948=CARTESIAN_POINT('',(-26.9990986993499,-52.2172947701539,27.2541139713791));
#1949=CARTESIAN_POINT('',(-26.9990986993499,-50.2816051156205,24.3685046595107));
#1950=CARTESIAN_POINT('',(-26.9990986993499,-49.3674742151941,21.7558272234865));
#1951=CARTESIAN_POINT('',(-26.9990986993499,-49.1193634034726,19.6806109240753));
#1952=CARTESIAN_POINT('',(-26.9990986993499,-49.3724670904089,17.5954833477821));
#1953=CARTESIAN_POINT('',(-26.9990986993499,-50.3022290651197,14.9677984988784));
#1954=CARTESIAN_POINT('',(-26.9990986993499,-52.2473262780745,12.0887653254198));
#1955=CARTESIAN_POINT('',(-26.9990986993499,-55.1755390066071,9.14024764179864));
#1956=CARTESIAN_POINT('',(-26.9990986993499,-57.297130508227,7.43073436181945));
#1957=CARTESIAN_POINT('',(-26.9990986993499,-58.3900815262525,6.61196315195528));
#1958=CARTESIAN_POINT('',(27.0009013006502,-58.3900815262525,6.61196315195527));
#1959=CARTESIAN_POINT('',(27.0009013006502,-57.2967082398753,7.431050699115));
#1960=CARTESIAN_POINT('',(27.0009013006501,-55.1753123945665,9.14155233624617));
#1961=CARTESIAN_POINT('',(27.0009013006501,-52.2592103046599,12.0742912569145));
#1962=CARTESIAN_POINT('',(27.0009013006502,-50.301895011183,14.9673814493412));
#1963=CARTESIAN_POINT('',(27.0009013006502,-49.3738940951593,17.592058809585));
#1964=CARTESIAN_POINT('',(27.0009013006502,-49.0319315248113,20.3746165249107));
#1965=CARTESIAN_POINT('',(27.0009013006501,-49.8867019796135,23.7995802253814));
#1966=CARTESIAN_POINT('',(27.0009013006502,-52.2373289291036,27.2730563490315));
#1967=CARTESIAN_POINT('',(27.0009013006502,-55.1325977747814,30.1997512300894));
#1968=CARTESIAN_POINT('',(27.0009013006502,-57.2911992649784,31.9421422832499));
#1969=CARTESIAN_POINT('',(27.0009013006502,-58.3900815262524,32.7653568131993));
#1970=CARTESIAN_POINT('',(5.73537235893704,-29.8700815262525,20.6873353488334));
#1971=CARTESIAN_POINT('',(-5.73119614974334,-29.8700815262525,20.7008702496113));
#1972=CARTESIAN_POINT('',(27.0009013006502,-48.2110978810149,32.7653568131993));
#1973=CARTESIAN_POINT('',(-26.9990986993499,-48.2031436698081,19.6886599825773));
#1974=CARTESIAN_POINT('',(-29.9990986993499,-57.3900815262525,19.6886599825773));
#1975=CARTESIAN_POINT('',(-29.9990986993499,-57.3900815262525,19.6886599825773));
#1976=CARTESIAN_POINT('',(-29.9990986993499,-57.3900815262525,21.6886599825773));
#1977=CARTESIAN_POINT('',(-29.9990986993499,-57.3900815262525,19.6886599825773));
#1978=CARTESIAN_POINT('',(30.0009013006502,-57.3900815262525,19.6886599825773));
#1979=CARTESIAN_POINT('',(30.0009013006502,-57.3900815262525,19.6886599825773));
#1980=CARTESIAN_POINT('',(30.0009013006502,-57.3900815262525,21.6886599825773));
#1981=CARTESIAN_POINT('',(30.0009013006502,-57.3900815262525,19.6886599825773));
#1982=CARTESIAN_POINT('',(37.914010230421,-44.6300815262525,-7.81812606521701));
#1983=CARTESIAN_POINT('',(-9.50455046790023,-58.3900815262525,-11.8113400174227));
#1984=CARTESIAN_POINT('',(-8.9740958362086,-57.0698658275311,-11.4282074775931));
#1985=CARTESIAN_POINT('',(-8.1496637186998,-55.102661985497,-10.8573160656132));
#1986=CARTESIAN_POINT('',(-6.95136811611617,-52.5248537668101,-10.1092245143799));
#1987=CARTESIAN_POINT('',(-5.98326859996406,-50.6232294742867,-9.55736458292944));
#1988=CARTESIAN_POINT('',(-4.91441272100767,-48.7671880127285,-9.01873299425458));
#1989=CARTESIAN_POINT('',(-3.67920167764732,-46.9883592415183,-8.50250887595647));
#1990=CARTESIAN_POINT('',(-2.42907148851862,-45.6646543982884,-8.1183637706812));
#1991=CARTESIAN_POINT('',(-1.15829318178916,-44.8988295921898,-7.89611796394732));
#1992=CARTESIAN_POINT('',(-0.041003394436446,-44.6457471110597,-7.82267228845986));
#1993=CARTESIAN_POINT('',(1.070373898548,-44.8622456857679,-7.88550114959049));
#1994=CARTESIAN_POINT('',(2.36902137933632,-45.6074198327186,-8.10175404206334));
#1995=CARTESIAN_POINT('',(3.62970808636631,-46.924294653424,-8.48391704405093));
#1996=CARTESIAN_POINT('',(4.87637722654246,-48.7027564325734,-9.00003465960064));
#1997=CARTESIAN_POINT('',(5.95285409028997,-50.563028500651,-9.53989398933511));
#1998=CARTESIAN_POINT('',(6.93243566214552,-52.4814459335563,-10.0966273657328));
#1999=CARTESIAN_POINT('',(8.14242451492452,-55.0810952925941,-10.8510573142322));
#2000=CARTESIAN_POINT('',(8.97258281027719,-57.0616137681449,-11.4258126928057));
#2001=CARTESIAN_POINT('',(9.50635306920052,-58.3900815262525,-11.8113400174227));
#2002=CARTESIAN_POINT('',(9.65744639295047,-58.7677139588779,-11.9209306496004));
#2003=CARTESIAN_POINT('',(9.95184531184234,-58.6595234878063,-11.8895332877851));
#2004=CARTESIAN_POINT('',(10.2319727523945,-58.5835991681045,-11.7665462537862));
#2005=CARTESIAN_POINT('',(9.11540761046364,-57.4073325575858,-11.5261418420451));
#2006=CARTESIAN_POINT('',(9.39837118153411,-57.3015369714002,-11.4954394866012));
#2007=CARTESIAN_POINT('',(9.66767901253258,-57.2232177668563,-11.3789960589431));
#2008=CARTESIAN_POINT('',(8.27253586244839,-55.3782723720765,-10.9372994406904));
#2009=CARTESIAN_POINT('',(8.53639037301002,-55.2754032780686,-10.9074463664588));
#2010=CARTESIAN_POINT('',(8.78785937856382,-55.1941575812932,-10.8015177106288));
#2011=CARTESIAN_POINT('',(7.04463841099949,-52.7125478021432,-10.163694168496));
#2012=CARTESIAN_POINT('',(7.2761256813379,-52.6110156121557,-10.1342290698289));
#2013=CARTESIAN_POINT('',(7.4993357880552,-52.5284330113717,-10.0441193726401));
#2014=CARTESIAN_POINT('',(6.04999496112153,-50.7422173866882,-9.59189541083247));
#2015=CARTESIAN_POINT('',(6.25392346512508,-50.6427258426867,-9.56302251681847));
#2016=CARTESIAN_POINT('',(6.45158106255119,-50.5581025959143,-9.4849797038535));
#2017=CARTESIAN_POINT('',(4.95787164150391,-48.8308544941843,-9.03720929382121));
#2018=CARTESIAN_POINT('',(5.12937581887078,-48.7334134810758,-9.00893147310446));
#2019=CARTESIAN_POINT('',(5.29636209819656,-48.646739703411,-8.94327552893629));
#2020=CARTESIAN_POINT('',(3.6938547421878,-47.0017142982791,-8.50638457355748));
#2021=CARTESIAN_POINT('',(3.82512895990785,-46.9062948950535,-8.47869343313082));
#2022=CARTESIAN_POINT('',(3.95328129855072,-46.8175995075057,-8.42557869836631));
#2023=CARTESIAN_POINT('',(2.41501169401389,-45.6424393893833,-8.1119168750774));
#2024=CARTESIAN_POINT('',(2.50236524578539,-45.5480348226402,-8.08452024476706));
#2025=CARTESIAN_POINT('',(2.58813294122648,-45.4583245986099,-8.04141660894316));
#2026=CARTESIAN_POINT('',(1.09179074406082,-44.8675172619987,-7.8870309847471));
#2027=CARTESIAN_POINT('',(1.13159942522783,-44.7737900507971,-7.85983092606462));
#2028=CARTESIAN_POINT('',(1.17090457381565,-44.6834024712253,-7.82259167522444));
#2029=CARTESIAN_POINT('',(-0.0475991140784848,-44.6418343085771,-7.82153677556264));
#2030=CARTESIAN_POINT('',(-0.0493787674533378,-44.5483279012966,-7.79440079517215));
#2031=CARTESIAN_POINT('',(-0.0511321845768738,-44.4577195178037,-7.75888758466034));
#2032=CARTESIAN_POINT('',(-1.19076071258655,-44.9098260599463,-7.89930918840011));
#2033=CARTESIAN_POINT('',(-1.23421267657305,-44.8160558987187,-7.87209666542669));
#2034=CARTESIAN_POINT('',(-1.27711898296203,-44.7257112691729,-7.83453591352509));
#2035=CARTESIAN_POINT('',(-2.48360847099942,-45.7085402521654,-8.13109964306537));
#2036=CARTESIAN_POINT('',(-2.57340306805514,-45.6140668157725,-8.10368302647258));
#2037=CARTESIAN_POINT('',(-2.66157722145434,-45.524425461392,-8.06009061656969));
#2038=CARTESIAN_POINT('',(-3.74943374978519,-47.0746399128052,-8.52754791522893));
#2039=CARTESIAN_POINT('',(-3.88259296255388,-46.9791373791736,-8.4998326499841));
#2040=CARTESIAN_POINT('',(-4.01258272999107,-46.8905251220319,-8.44620490212791));
#2041=CARTESIAN_POINT('',(-5.00189933063046,-48.9059026570604,-9.05898860858025));
#2042=CARTESIAN_POINT('',(-5.17480197657687,-48.8083754256717,-9.03068576693047));
#2043=CARTESIAN_POINT('',(-5.34312996866953,-48.7217878662871,-8.96453188596803));
#2044=CARTESIAN_POINT('',(-6.08400338565054,-50.8100962241609,-9.61159415508068));
#2045=CARTESIAN_POINT('',(-6.28894202818276,-50.7105156501245,-9.58269542414957));
#2046=CARTESIAN_POINT('',(-6.48756178550775,-50.6259814333873,-9.50423255699669));
#2047=CARTESIAN_POINT('',(-7.06522725955082,-52.7599497339272,-10.1774504225193));
#2048=CARTESIAN_POINT('',(-7.29729516407101,-52.6583476558579,-10.1479650420169));
#2049=CARTESIAN_POINT('',(-7.5210576972047,-52.5758349431546,-10.0575821306875));
#2050=CARTESIAN_POINT('',(-8.2801626254546,-55.401029281931,-10.9439035983896));
#2051=CARTESIAN_POINT('',(-8.54421765511376,-55.2980990181758,-10.9140327724185));
#2052=CARTESIAN_POINT('',(-8.79589896216929,-55.2169144911533,-10.8079940924751));
#2053=CARTESIAN_POINT('',(-9.11669512822894,-57.4151261907631,-11.5284035894828));
#2054=CARTESIAN_POINT('',(-9.39971968252246,-57.3093077772966,-11.4976946094739));
#2055=CARTESIAN_POINT('',(-9.66909238763605,-57.2310114000089,-11.3812165756661));
#2056=CARTESIAN_POINT('',(-9.65512557812337,-58.7664133912716,-11.9205532190255));
#2057=CARTESIAN_POINT('',(-9.94951309283806,-58.6582240536082,-11.8891561861303));
#2058=CARTESIAN_POINT('',(-10.2296306603354,-58.5822986004983,-11.766175743669));
#2059=MECHANICAL_DESIGN_GEOMETRIC_PRESENTATION_REPRESENTATION('',(#1030),
#2060);
#2060=(
GEOMETRIC_REPRESENTATION_CONTEXT(3)
GLOBAL_UNCERTAINTY_ASSIGNED_CONTEXT((#2061))
GLOBAL_UNIT_ASSIGNED_CONTEXT((#2064,#2063,#2062))
REPRESENTATION_CONTEXT('CaseServi','TOP_LEVEL_ASSEMBLY_PART')
);
#2061=UNCERTAINTY_MEASURE_WITH_UNIT(LENGTH_MEASURE(0.005),#2064,
'DISTANCE_ACCURACY_VALUE','Maximum Tolerance applied to model');
#2062=(
NAMED_UNIT(*)
SI_UNIT($,.STERADIAN.)
SOLID_ANGLE_UNIT()
);
#2063=(
NAMED_UNIT(*)
PLANE_ANGLE_UNIT()
SI_UNIT($,.RADIAN.)
);
#2064=(
LENGTH_UNIT()
NAMED_UNIT(*)
SI_UNIT(.MILLI.,.METRE.)
);
#2065=PRODUCT_DEFINITION_SHAPE('','',#2066);
#2066=PRODUCT_DEFINITION('','',#2068,#2067);
#2067=PRODUCT_DEFINITION_CONTEXT('',#2074,'design');
#2068=PRODUCT_DEFINITION_FORMATION_WITH_SPECIFIED_SOURCE('','',#2070,
 .NOT_KNOWN.);
#2069=PRODUCT_RELATED_PRODUCT_CATEGORY('','',(#2070));
#2070=PRODUCT('CaseServi','CaseServi','CaseServi',(#2072));
#2071=PRODUCT_CATEGORY('','');
#2072=PRODUCT_CONTEXT('',#2074,'mechanical');
#2073=APPLICATION_PROTOCOL_DEFINITION('international standard',
'automotive_design',2010,#2074);
#2074=APPLICATION_CONTEXT(
'core data for automotive mechanical design processes');
ENDSEC;
END-ISO-10303-21;
