ISO-10303-21;
HEADER;
/* Generated by software containing ST-Developer
 * from STEP Tools, Inc. (www.steptools.com) 
 */
/* OPTION: strings as raw bytes, not using required /X/ escapes */

FILE_DESCRIPTION(
/* description */ ('Unknown'),
/* implementation_level */ '2;1');

FILE_NAME(
/* name */ 'HandleR',
/* time_stamp */ '2024-01-05T19:14:47+01:00',
/* author */ ('Unknown'),
/* organization */ ('Unknown'),
/* preprocessor_version */ 'ST-DEVELOPER v18.102',
/* originating_system */ 'Solid Edge',
/* authorisation */ 'Unknown');

FILE_SCHEMA (('AUTOMOTIVE_DESIGN {1 0 10303 214 3 1 1}'));
ENDSEC;

DATA;
#10=PROPERTY_DEFINITION_REPRESENTATION(#14,#12);
#11=PROPERTY_DEFINITION_REPRESENTATION(#15,#13);
#12=REPRESENTATION('',(#16),#1794);
#13=REPRESENTATION('',(#17),#1794);
#14=PROPERTY_DEFINITION('pmi validation property','',#1799);
#15=PROPERTY_DEFINITION('pmi validation property','',#1799);
#16=VALUE_REPRESENTATION_ITEM('number of annotations',COUNT_MEASURE(0.));
#17=VALUE_REPRESENTATION_ITEM('number of views',COUNT_MEASURE(0.));
#18=SHAPE_REPRESENTATION_RELATIONSHIP('','',#898,#19);
#19=ADVANCED_BREP_SHAPE_REPRESENTATION('',(#896),#1794);
#20=B_SPLINE_SURFACE_WITH_KNOTS('',3,1,((#1741,#1742),(#1743,#1744),(#1745,
#1746),(#1747,#1748),(#1749,#1750)),.SURF_OF_LINEAR_EXTRUSION.,.F.,.F.,
 .F.,(4,1,4),(2,2),(0.187032437811403,0.502182619086636,0.81733280036187),
(0.,1.),.UNSPECIFIED.);
#21=B_SPLINE_SURFACE_WITH_KNOTS('',3,1,((#1751,#1752),(#1753,#1754),(#1755,
#1756),(#1757,#1758),(#1759,#1760)),.SURF_OF_LINEAR_EXTRUSION.,.F.,.F.,
 .F.,(4,1,4),(2,2),(0.178069630477483,0.496453262123173,0.814836893768862),
(0.,1.),.UNSPECIFIED.);
#22=CYLINDRICAL_SURFACE('',#934,33.9083333333333);
#23=CYLINDRICAL_SURFACE('',#951,0.999999999999999);
#24=CYLINDRICAL_SURFACE('',#953,0.999999999999999);
#25=CYLINDRICAL_SURFACE('',#974,2.5);
#26=CYLINDRICAL_SURFACE('',#976,2.5);
#27=CYLINDRICAL_SURFACE('',#978,2.5);
#28=CYLINDRICAL_SURFACE('',#980,1.23);
#29=CYLINDRICAL_SURFACE('',#983,1.23);
#30=CYLINDRICAL_SURFACE('',#986,1.23);
#31=CYLINDRICAL_SURFACE('',#991,0.999999999999999);
#32=CYLINDRICAL_SURFACE('',#992,0.999999999999999);
#33=CYLINDRICAL_SURFACE('',#993,0.999999999999999);
#34=CYLINDRICAL_SURFACE('',#994,0.999999999999999);
#35=(
BOUNDED_SURFACE()
B_SPLINE_SURFACE(3,2,((#1363,#1364,#1365),(#1366,#1367,#1368),(#1369,#1370,
#1371),(#1372,#1373,#1374),(#1375,#1376,#1377),(#1378,#1379,#1380),(#1381,
#1382,#1383),(#1384,#1385,#1386),(#1387,#1388,#1389),(#1390,#1391,#1392),
(#1393,#1394,#1395)),.UNSPECIFIED.,.F.,.F.,.F.)
B_SPLINE_SURFACE_WITH_KNOTS((4,1,1,1,1,1,1,1,4),(3,3),(0.00892249474509669,
0.0134289876662943,0.0179354805874919,0.0224419735086896,0.0246952199692884,
0.0269484664298872,0.0359614522722824,0.0404679451934801,0.0449744381146777),
(0.189486933514645,1.),.UNSPECIFIED.)
GEOMETRIC_REPRESENTATION_ITEM()
RATIONAL_B_SPLINE_SURFACE(((0.936118993251767,0.831436908172626,1.),(0.937365738285663,
0.834726699744984,1.),(0.939627812314797,0.840695644376617,1.),(0.942095363333303,
0.847206782038557,1.),(0.943383471889548,0.850605719718198,1.),(0.943892776334244,
0.85194962358336,1.),(0.944157077517409,0.852647036271038,1.),(0.942943356638045,
0.849444385679646,1.),(0.93959170677215,0.840600372523361,1.),(0.937365952947109,
0.834727266173078,1.),(0.936118993251767,0.831436908172626,1.)))
REPRESENTATION_ITEM('')
SURFACE()
);
#36=(
BOUNDED_SURFACE()
B_SPLINE_SURFACE(3,2,((#1583,#1584,#1585),(#1586,#1587,#1588),(#1589,#1590,
#1591),(#1592,#1593,#1594)),.UNSPECIFIED.,.F.,.F.,.F.)
B_SPLINE_SURFACE_WITH_KNOTS((4,4),(3,3),(0.00123745037304489,0.00180406650157731),
(0.185304486481621,1.),.PIECEWISE_BEZIER_KNOTS.)
GEOMETRIC_REPRESENTATION_ITEM()
RATIONAL_B_SPLINE_SURFACE(((0.937206639942435,0.830567081105744,1.),(0.937204110044241,
0.830560254778324,1.),(0.937692780243748,0.831878814864982,1.),(0.935881038518923,
0.826990261545998,1.)))
REPRESENTATION_ITEM('')
SURFACE()
);
#37=(
BOUNDED_SURFACE()
B_SPLINE_SURFACE(3,2,((#1596,#1597,#1598),(#1599,#1600,#1601),(#1602,#1603,
#1604),(#1605,#1606,#1607),(#1608,#1609,#1610),(#1611,#1612,#1613),(#1614,
#1615,#1616),(#1617,#1618,#1619),(#1620,#1621,#1622)),.UNSPECIFIED.,.F.,
 .F.,.F.)
B_SPLINE_SURFACE_WITH_KNOTS((4,1,1,1,1,1,4),(3,3),(0.00658715047869522,
0.00903173572109287,0.0114763209634905,0.0126986135846893,0.0139209062058882,
0.015143198827087,0.0163654914482858),(0.,1.),.UNSPECIFIED.)
GEOMETRIC_REPRESENTATION_ITEM()
RATIONAL_B_SPLINE_SURFACE(((1.,0.887676885030751,1.),(1.,0.904890138045954,
1.),(1.,0.942758802822365,1.),(1.,0.9687944045484,1.),(1.,0.949812631429431,
1.),(1.,0.914932281113,1.),(1.,0.860355482977428,1.),(1.,0.812443905519286,
1.),(1.,0.787638773525553,1.)))
REPRESENTATION_ITEM('')
SURFACE()
);
#38=(
BOUNDED_SURFACE()
B_SPLINE_SURFACE(3,2,((#1631,#1632,#1633),(#1634,#1635,#1636),(#1637,#1638,
#1639),(#1640,#1641,#1642),(#1643,#1644,#1645),(#1646,#1647,#1648)),
 .UNSPECIFIED.,.F.,.F.,.F.)
B_SPLINE_SURFACE_WITH_KNOTS((4,1,1,4),(3,3),(0.00980397311143869,0.0160850054866273,
0.0192255216742217,0.022366037861816),(0.,0.903055040181866),
 .UNSPECIFIED.)
GEOMETRIC_REPRESENTATION_ITEM()
RATIONAL_B_SPLINE_SURFACE(((1.,0.737994855083392,0.94919984350783),(1.,
0.745232197545545,0.950603091256197),(1.,0.774992662030646,0.956373345323551),
(1.,0.840020711750514,0.96898162865784),(1.,0.878548828398547,0.976451842098464),
(1.,0.898566044898093,0.980332978596902)))
REPRESENTATION_ITEM('')
SURFACE()
);
#39=(
BOUNDED_SURFACE()
B_SPLINE_SURFACE(3,2,((#1650,#1651,#1652),(#1653,#1654,#1655),(#1656,#1657,
#1658),(#1659,#1660,#1661)),.UNSPECIFIED.,.F.,.F.,.F.)
B_SPLINE_SURFACE_WITH_KNOTS((4,4),(3,3),(0.00533465087985767,0.00605768811030127),
(0.190222968776425,1.),.PIECEWISE_BEZIER_KNOTS.)
GEOMETRIC_REPRESENTATION_ITEM()
RATIONAL_B_SPLINE_SURFACE(((0.910617190003808,0.765057788312498,1.),(0.9103330864303,
0.76431102367273,1.),(0.910049524019161,0.763565681475195,1.),(0.909766516878785,
0.762821798803726,1.)))
REPRESENTATION_ITEM('')
SURFACE()
);
#40=(
BOUNDED_SURFACE()
B_SPLINE_SURFACE(3,2,((#1662,#1663,#1664),(#1665,#1666,#1667),(#1668,#1669,
#1670),(#1671,#1672,#1673)),.UNSPECIFIED.,.F.,.F.,.F.)
B_SPLINE_SURFACE_WITH_KNOTS((4,4),(3,3),(0.000708395015657468,0.00127723149560608),
(0.185214124588298,1.),.PIECEWISE_BEZIER_KNOTS.)
GEOMETRIC_REPRESENTATION_ITEM()
RATIONAL_B_SPLINE_SURFACE(((0.935888522429907,0.826926057306366,1.),(0.937702655937501,
0.831823452447332,1.),(0.937227753066535,0.830541415043268,1.),(0.937230299176457,
0.83054828846593,1.)))
REPRESENTATION_ITEM('')
SURFACE()
);
#41=(
BOUNDED_SURFACE()
B_SPLINE_SURFACE(3,2,((#1675,#1676,#1677),(#1678,#1679,#1680),(#1681,#1682,
#1683),(#1684,#1685,#1686),(#1687,#1688,#1689),(#1690,#1691,#1692),(#1693,
#1694,#1695),(#1696,#1697,#1698),(#1699,#1700,#1701)),.UNSPECIFIED.,.F.,
 .F.,.F.)
B_SPLINE_SURFACE_WITH_KNOTS((4,1,1,1,1,1,4),(3,3),(0.00658012352662079,
0.0090284470980881,0.0114767706695554,0.0127009324552891,0.0139250942410227,
0.0151492560267564,0.01637341781249),(0.,1.),.UNSPECIFIED.)
GEOMETRIC_REPRESENTATION_ITEM()
RATIONAL_B_SPLINE_SURFACE(((1.,0.888352153851018,1.),(1.,0.905609402324615,
1.),(1.,0.943590827270041,1.),(1.,0.969662125927438,1.),(1.,0.950420479206165,
1.),(1.,0.915364112495814,1.),(1.,0.860446538995216,1.),(1.,0.81243656490739,
1.),(1.,0.787583526032307,1.)))
REPRESENTATION_ITEM('')
SURFACE()
);
#42=(
BOUNDED_SURFACE()
B_SPLINE_SURFACE(3,2,((#1710,#1711,#1712),(#1713,#1714,#1715),(#1716,#1717,
#1718),(#1719,#1720,#1721),(#1722,#1723,#1724),(#1725,#1726,#1727)),
 .UNSPECIFIED.,.F.,.F.,.F.)
B_SPLINE_SURFACE_WITH_KNOTS((4,1,1,4),(3,3),(0.0097841544609304,0.0160848059306092,
0.0192351316654487,0.0223854574002881),(0.095169952256069,1.),
 .UNSPECIFIED.)
GEOMETRIC_REPRESENTATION_ITEM()
RATIONAL_B_SPLINE_SURFACE(((0.949997915176063,0.73730109326209,1.),(0.951381604039135,
0.744570661178592,1.),(0.957088353228686,0.774552546502001,1.),(0.9695537253121,
0.840042608164918,1.),(0.97693739148407,0.87883461129687,1.),(0.980771420122896,
0.898977674038509,1.)))
REPRESENTATION_ITEM('')
SURFACE()
);
#43=(
BOUNDED_SURFACE()
B_SPLINE_SURFACE(3,2,((#1729,#1730,#1731),(#1732,#1733,#1734),(#1735,#1736,
#1737),(#1738,#1739,#1740)),.UNSPECIFIED.,.F.,.F.,.F.)
B_SPLINE_SURFACE_WITH_KNOTS((4,4),(3,3),(0.00538629500606829,0.00605768811030127),
(0.,0.809773324626558),.PIECEWISE_BEZIER_KNOTS.)
GEOMETRIC_REPRESENTATION_ITEM()
RATIONAL_B_SPLINE_SURFACE(((1.,0.764898869555312,0.910554987157938),(1.,
0.764205635929052,0.910291244101977),(1.,0.763513630904371,0.910027968471604),
(1.,0.762822884440857,0.909765171665043)))
REPRESENTATION_ITEM('')
SURFACE()
);
#44=B_SPLINE_CURVE_WITH_KNOTS('',3,(#1283,#1284,#1285,#1286),
 .UNSPECIFIED.,.F.,.F.,(4,4),(5.3387765935362E-7,0.00207508739595749),
 .UNSPECIFIED.);
#45=B_SPLINE_CURVE_WITH_KNOTS('',3,(#1290,#1291,#1292,#1293),
 .UNSPECIFIED.,.F.,.F.,(4,4),(0.00198046743379652,0.00434732400262332),
 .UNSPECIFIED.);
#46=B_SPLINE_CURVE_WITH_KNOTS('',3,(#1308,#1309,#1310,#1311),
 .UNSPECIFIED.,.F.,.F.,(4,4),(0.00555599257090708,0.00762787046665078),
 .UNSPECIFIED.);
#47=B_SPLINE_CURVE_WITH_KNOTS('',3,(#1325,#1326,#1327,#1328),
 .UNSPECIFIED.,.F.,.F.,(4,4),(0.00718776221639796,0.00957813705487563),
 .UNSPECIFIED.);
#48=B_SPLINE_CURVE_WITH_KNOTS('',3,(#1332,#1333,#1334,#1335,#1336,#1337,
#1338,#1339,#1340),.UNSPECIFIED.,.F.,.F.,(4,1,1,1,1,1,4),(0.00423097753710188,
0.00603918525616142,0.00694328911569119,0.00784739297522096,0.00875149683475073,
0.0096556006942805,0.01146380841334),.UNSPECIFIED.);
#49=B_SPLINE_CURVE_WITH_KNOTS('',3,(#1352,#1353,#1354,#1355),
 .UNSPECIFIED.,.F.,.F.,(4,4),(0.00197713146190284,0.00436032791502081),
 .UNSPECIFIED.);
#50=B_SPLINE_CURVE_WITH_KNOTS('',3,(#1359,#1360,#1361,#1362),
 .UNSPECIFIED.,.F.,.F.,(4,4),(0.0072469516185433,0.00961803176064249),
 .UNSPECIFIED.);
#51=B_SPLINE_CURVE_WITH_KNOTS('',3,(#1396,#1397,#1398,#1399,#1400),
 .UNSPECIFIED.,.F.,.F.,(4,1,4),(1.84433894240226E-14,0.00141285375584441,
0.00282570751167039),.UNSPECIFIED.);
#52=B_SPLINE_CURVE_WITH_KNOTS('',3,(#1403,#1404,#1405,#1406,#1407,#1408,
#1409,#1410,#1411,#1412,#1413,#1414,#1415),.UNSPECIFIED.,.F.,.F.,(4,1,1,
1,1,1,1,1,1,1,4),(0.,0.00511642026293735,0.0102328405258747,0.0127910506573434,
0.015349260788812,0.0204656810517494,0.0255821013146867,0.0306985215776241,
0.0332567317090928,0.0358149418405614,0.0409313621034988),.UNSPECIFIED.);
#53=B_SPLINE_CURVE_WITH_KNOTS('',3,(#1418,#1419,#1420,#1421,#1422),
 .UNSPECIFIED.,.F.,.F.,(4,1,4),(0.,0.00144649581533897,0.00289299163067794),
 .UNSPECIFIED.);
#54=B_SPLINE_CURVE_WITH_KNOTS('',3,(#1438,#1439,#1440,#1441,#1442,#1443,
#1444),.UNSPECIFIED.,.F.,.F.,(4,1,1,1,4),(1.73472347597681E-18,0.00370285699915281,
0.00740571399830561,0.0111085709974584,0.0148114279966112),
 .UNSPECIFIED.);
#55=B_SPLINE_CURVE_WITH_KNOTS('',3,(#1447,#1448,#1449,#1450),
 .UNSPECIFIED.,.F.,.F.,(4,4),(1.73472347597681E-18,0.000764656401284498),
 .UNSPECIFIED.);
#56=B_SPLINE_CURVE_WITH_KNOTS('',3,(#1451,#1452,#1453,#1454),
 .UNSPECIFIED.,.F.,.F.,(4,4),(3.46944695195361E-18,0.000823354897901301),
 .UNSPECIFIED.);
#57=B_SPLINE_CURVE_WITH_KNOTS('',3,(#1456,#1457,#1458,#1459,#1460,#1461,
#1462),.UNSPECIFIED.,.F.,.F.,(4,1,1,1,4),(7.75791922889773E-18,0.00369214120364527,
0.00738428240729053,0.0110764236109358,0.014768564814581),.UNSPECIFIED.);
#58=B_SPLINE_CURVE_WITH_KNOTS('',3,(#1464,#1465,#1466,#1467),
 .UNSPECIFIED.,.F.,.F.,(4,4),(8.67361737988403E-19,0.0015554293007621),
 .UNSPECIFIED.);
#59=B_SPLINE_CURVE_WITH_KNOTS('',3,(#1469,#1470,#1471,#1472,#1473,#1474,
#1475,#1476,#1477,#1478,#1479,#1480),.UNSPECIFIED.,.F.,.F.,(4,2,2,2,2,4),
(0.,0.25,0.5,0.625,0.75,1.),.UNSPECIFIED.);
#60=B_SPLINE_CURVE_WITH_KNOTS('',3,(#1482,#1483,#1484,#1485),
 .UNSPECIFIED.,.F.,.F.,(4,4),(2.2816724964205E-17,0.00169579427636087),
 .UNSPECIFIED.);
#61=B_SPLINE_CURVE_WITH_KNOTS('',3,(#1487,#1488,#1489,#1490),
 .UNSPECIFIED.,.F.,.F.,(4,4),(0.,0.00259325067874641),.UNSPECIFIED.);
#62=B_SPLINE_CURVE_WITH_KNOTS('',3,(#1491,#1492,#1493,#1494),
 .UNSPECIFIED.,.F.,.F.,(4,4),(0.,0.00260107113605912),.UNSPECIFIED.);
#63=B_SPLINE_CURVE_WITH_KNOTS('',3,(#1496,#1497,#1498,#1499),
 .UNSPECIFIED.,.F.,.F.,(4,4),(1.28619773329036E-15,0.00168411085311446),
 .UNSPECIFIED.);
#64=B_SPLINE_CURVE_WITH_KNOTS('',3,(#1501,#1502,#1503,#1504,#1505,#1506,
#1507,#1508,#1509,#1510,#1511,#1512),.UNSPECIFIED.,.F.,.F.,(4,2,2,2,2,4),
(0.,0.25,0.375,0.499999999999999,0.75,1.),.UNSPECIFIED.);
#65=B_SPLINE_CURVE_WITH_KNOTS('',3,(#1514,#1515,#1516,#1517),
 .UNSPECIFIED.,.F.,.F.,(4,4),(1.94915308322811E-17,0.00151576656778155),
 .UNSPECIFIED.);
#66=B_SPLINE_CURVE_WITH_KNOTS('',3,(#1623,#1624,#1625,#1626,#1627,#1628,
#1629),.UNSPECIFIED.,.F.,.F.,(4,1,1,1,4),(0.00322137120071848,0.0045194158829919,
0.00581746056526531,0.00711550524753873,0.00841354992981215),
 .UNSPECIFIED.);
#67=B_SPLINE_CURVE_WITH_KNOTS('',3,(#1702,#1703,#1704,#1705,#1706,#1707,
#1708),.UNSPECIFIED.,.F.,.F.,(4,1,1,1,4),(0.00297829692112572,0.00425383396418466,
0.0055293710072436,0.00680490805030254,0.00808044509336147),
 .UNSPECIFIED.);
#68=TOROIDAL_SURFACE('',#907,20.4062292074666,5.);
#69=TOROIDAL_SURFACE('',#915,20.4062292074666,5.);
#70=TOROIDAL_SURFACE('',#923,22.,3.);
#71=TOROIDAL_SURFACE('',#929,20.4062292074666,5.);
#72=CIRCLE('',#904,0.999999999999999);
#73=CIRCLE('',#905,0.999999999999999);
#74=CIRCLE('',#906,33.9083333333333);
#75=CIRCLE('',#908,22.2567381055337);
#76=CIRCLE('',#909,20.4062292074666);
#77=CIRCLE('',#910,22.2567381055337);
#78=CIRCLE('',#911,22.2567381055337);
#79=CIRCLE('',#912,22.2567381055337);
#80=CIRCLE('',#913,22.2567381055337);
#81=CIRCLE('',#914,22.2567381055337);
#82=CIRCLE('',#916,20.4062292074666);
#83=CIRCLE('',#917,22.2567381055337);
#84=CIRCLE('',#918,22.2567381055337);
#85=CIRCLE('',#919,22.2567381055337);
#86=CIRCLE('',#920,22.2567381055337);
#87=CIRCLE('',#921,22.2567381055337);
#88=CIRCLE('',#922,22.2567381055337);
#89=CIRCLE('',#924,22.);
#90=CIRCLE('',#925,22.);
#91=CIRCLE('',#926,3.);
#92=CIRCLE('',#927,24.8740911606976);
#93=CIRCLE('',#928,3.);
#94=CIRCLE('',#930,20.4062292074666);
#95=CIRCLE('',#931,22.2567381055337);
#96=CIRCLE('',#932,3.);
#97=CIRCLE('',#933,3.);
#98=CIRCLE('',#935,33.9083333333333);
#99=CIRCLE('',#940,0.999999999999999);
#100=CIRCLE('',#941,0.999999999999999);
#101=CIRCLE('',#942,0.999999999999999);
#102=CIRCLE('',#943,0.999999999999999);
#103=CIRCLE('',#944,1.23);
#104=CIRCLE('',#945,1.23);
#105=CIRCLE('',#946,1.23);
#106=CIRCLE('',#952,0.999999999999999);
#107=CIRCLE('',#954,0.999999999999999);
#108=CIRCLE('',#956,0.999999999999999);
#109=CIRCLE('',#957,0.999999999999999);
#110=CIRCLE('',#958,0.999999999999999);
#111=CIRCLE('',#959,0.999999999999999);
#112=CIRCLE('',#960,2.5);
#113=CIRCLE('',#961,2.5);
#114=CIRCLE('',#962,2.5);
#115=CIRCLE('',#964,2.5);
#116=CIRCLE('',#966,2.5);
#117=CIRCLE('',#967,3.);
#118=CIRCLE('',#968,3.);
#119=CIRCLE('',#969,3.);
#120=CIRCLE('',#970,3.);
#121=CIRCLE('',#971,3.);
#122=CIRCLE('',#972,3.);
#123=CIRCLE('',#975,2.5);
#124=CIRCLE('',#977,2.5);
#125=CIRCLE('',#979,2.5);
#126=CIRCLE('',#981,1.23);
#127=CIRCLE('',#984,1.23);
#128=CIRCLE('',#987,1.23);
#129=ORIENTED_EDGE('',*,*,#383,.F.);
#130=ORIENTED_EDGE('',*,*,#384,.T.);
#131=ORIENTED_EDGE('',*,*,#385,.F.);
#132=ORIENTED_EDGE('',*,*,#386,.T.);
#133=ORIENTED_EDGE('',*,*,#387,.T.);
#134=ORIENTED_EDGE('',*,*,#388,.F.);
#135=ORIENTED_EDGE('',*,*,#389,.F.);
#136=ORIENTED_EDGE('',*,*,#390,.T.);
#137=ORIENTED_EDGE('',*,*,#391,.T.);
#138=ORIENTED_EDGE('',*,*,#392,.T.);
#139=ORIENTED_EDGE('',*,*,#393,.T.);
#140=ORIENTED_EDGE('',*,*,#394,.T.);
#141=ORIENTED_EDGE('',*,*,#395,.T.);
#142=ORIENTED_EDGE('',*,*,#392,.F.);
#143=ORIENTED_EDGE('',*,*,#396,.F.);
#144=ORIENTED_EDGE('',*,*,#397,.T.);
#145=ORIENTED_EDGE('',*,*,#387,.F.);
#146=ORIENTED_EDGE('',*,*,#398,.T.);
#147=ORIENTED_EDGE('',*,*,#399,.F.);
#148=ORIENTED_EDGE('',*,*,#400,.T.);
#149=ORIENTED_EDGE('',*,*,#393,.F.);
#150=ORIENTED_EDGE('',*,*,#395,.F.);
#151=ORIENTED_EDGE('',*,*,#401,.F.);
#152=ORIENTED_EDGE('',*,*,#402,.F.);
#153=ORIENTED_EDGE('',*,*,#403,.F.);
#154=ORIENTED_EDGE('',*,*,#404,.F.);
#155=ORIENTED_EDGE('',*,*,#405,.F.);
#156=ORIENTED_EDGE('',*,*,#406,.T.);
#157=ORIENTED_EDGE('',*,*,#407,.F.);
#158=ORIENTED_EDGE('',*,*,#408,.T.);
#159=ORIENTED_EDGE('',*,*,#409,.F.);
#160=ORIENTED_EDGE('',*,*,#410,.F.);
#161=ORIENTED_EDGE('',*,*,#411,.F.);
#162=ORIENTED_EDGE('',*,*,#412,.F.);
#163=ORIENTED_EDGE('',*,*,#413,.F.);
#164=ORIENTED_EDGE('',*,*,#414,.F.);
#165=ORIENTED_EDGE('',*,*,#415,.T.);
#166=ORIENTED_EDGE('',*,*,#416,.F.);
#167=ORIENTED_EDGE('',*,*,#417,.F.);
#168=ORIENTED_EDGE('',*,*,#418,.F.);
#169=ORIENTED_EDGE('',*,*,#419,.F.);
#170=ORIENTED_EDGE('',*,*,#420,.F.);
#171=ORIENTED_EDGE('',*,*,#421,.F.);
#172=ORIENTED_EDGE('',*,*,#422,.T.);
#173=ORIENTED_EDGE('',*,*,#423,.F.);
#174=ORIENTED_EDGE('',*,*,#424,.T.);
#175=ORIENTED_EDGE('',*,*,#425,.F.);
#176=ORIENTED_EDGE('',*,*,#426,.F.);
#177=ORIENTED_EDGE('',*,*,#427,.T.);
#178=ORIENTED_EDGE('',*,*,#428,.F.);
#179=ORIENTED_EDGE('',*,*,#429,.F.);
#180=ORIENTED_EDGE('',*,*,#430,.T.);
#181=ORIENTED_EDGE('',*,*,#431,.F.);
#182=ORIENTED_EDGE('',*,*,#432,.T.);
#183=ORIENTED_EDGE('',*,*,#431,.T.);
#184=ORIENTED_EDGE('',*,*,#433,.T.);
#185=ORIENTED_EDGE('',*,*,#421,.T.);
#186=ORIENTED_EDGE('',*,*,#434,.T.);
#187=ORIENTED_EDGE('',*,*,#435,.T.);
#188=ORIENTED_EDGE('',*,*,#436,.T.);
#189=ORIENTED_EDGE('',*,*,#409,.T.);
#190=ORIENTED_EDGE('',*,*,#437,.T.);
#191=ORIENTED_EDGE('',*,*,#438,.T.);
#192=ORIENTED_EDGE('',*,*,#402,.T.);
#193=ORIENTED_EDGE('',*,*,#439,.F.);
#194=ORIENTED_EDGE('',*,*,#440,.F.);
#195=ORIENTED_EDGE('',*,*,#439,.T.);
#196=ORIENTED_EDGE('',*,*,#401,.T.);
#197=ORIENTED_EDGE('',*,*,#397,.F.);
#198=ORIENTED_EDGE('',*,*,#441,.F.);
#199=ORIENTED_EDGE('',*,*,#442,.F.);
#200=ORIENTED_EDGE('',*,*,#388,.T.);
#201=ORIENTED_EDGE('',*,*,#404,.T.);
#202=ORIENTED_EDGE('',*,*,#443,.F.);
#203=ORIENTED_EDGE('',*,*,#443,.T.);
#204=ORIENTED_EDGE('',*,*,#403,.T.);
#205=ORIENTED_EDGE('',*,*,#438,.F.);
#206=ORIENTED_EDGE('',*,*,#444,.F.);
#207=ORIENTED_EDGE('',*,*,#445,.F.);
#208=ORIENTED_EDGE('',*,*,#446,.F.);
#209=ORIENTED_EDGE('',*,*,#427,.F.);
#210=ORIENTED_EDGE('',*,*,#447,.F.);
#211=ORIENTED_EDGE('',*,*,#448,.F.);
#212=ORIENTED_EDGE('',*,*,#449,.F.);
#213=ORIENTED_EDGE('',*,*,#450,.T.);
#214=ORIENTED_EDGE('',*,*,#451,.F.);
#215=ORIENTED_EDGE('',*,*,#452,.F.);
#216=ORIENTED_EDGE('',*,*,#435,.F.);
#217=ORIENTED_EDGE('',*,*,#453,.F.);
#218=ORIENTED_EDGE('',*,*,#454,.F.);
#219=ORIENTED_EDGE('',*,*,#455,.T.);
#220=ORIENTED_EDGE('',*,*,#456,.F.);
#221=ORIENTED_EDGE('',*,*,#396,.T.);
#222=ORIENTED_EDGE('',*,*,#391,.F.);
#223=ORIENTED_EDGE('',*,*,#457,.T.);
#224=ORIENTED_EDGE('',*,*,#458,.T.);
#225=ORIENTED_EDGE('',*,*,#459,.T.);
#226=ORIENTED_EDGE('',*,*,#383,.T.);
#227=ORIENTED_EDGE('',*,*,#442,.T.);
#228=ORIENTED_EDGE('',*,*,#444,.T.);
#229=ORIENTED_EDGE('',*,*,#440,.T.);
#230=ORIENTED_EDGE('',*,*,#441,.T.);
#231=ORIENTED_EDGE('',*,*,#460,.T.);
#232=ORIENTED_EDGE('',*,*,#461,.T.);
#233=ORIENTED_EDGE('',*,*,#462,.T.);
#234=ORIENTED_EDGE('',*,*,#463,.T.);
#235=ORIENTED_EDGE('',*,*,#464,.T.);
#236=ORIENTED_EDGE('',*,*,#465,.T.);
#237=ORIENTED_EDGE('',*,*,#466,.T.);
#238=ORIENTED_EDGE('',*,*,#467,.T.);
#239=ORIENTED_EDGE('',*,*,#468,.T.);
#240=ORIENTED_EDGE('',*,*,#469,.T.);
#241=ORIENTED_EDGE('',*,*,#470,.T.);
#242=ORIENTED_EDGE('',*,*,#471,.F.);
#243=ORIENTED_EDGE('',*,*,#464,.F.);
#244=ORIENTED_EDGE('',*,*,#472,.T.);
#245=ORIENTED_EDGE('',*,*,#473,.T.);
#246=ORIENTED_EDGE('',*,*,#474,.F.);
#247=ORIENTED_EDGE('',*,*,#461,.F.);
#248=ORIENTED_EDGE('',*,*,#475,.T.);
#249=ORIENTED_EDGE('',*,*,#476,.T.);
#250=ORIENTED_EDGE('',*,*,#472,.F.);
#251=ORIENTED_EDGE('',*,*,#460,.F.);
#252=ORIENTED_EDGE('',*,*,#474,.T.);
#253=ORIENTED_EDGE('',*,*,#477,.T.);
#254=ORIENTED_EDGE('',*,*,#478,.F.);
#255=ORIENTED_EDGE('',*,*,#462,.F.);
#256=ORIENTED_EDGE('',*,*,#471,.T.);
#257=ORIENTED_EDGE('',*,*,#479,.T.);
#258=ORIENTED_EDGE('',*,*,#475,.F.);
#259=ORIENTED_EDGE('',*,*,#465,.F.);
#260=ORIENTED_EDGE('',*,*,#478,.T.);
#261=ORIENTED_EDGE('',*,*,#480,.T.);
#262=ORIENTED_EDGE('',*,*,#469,.F.);
#263=ORIENTED_EDGE('',*,*,#463,.F.);
#264=ORIENTED_EDGE('',*,*,#481,.F.);
#265=ORIENTED_EDGE('',*,*,#482,.T.);
#266=ORIENTED_EDGE('',*,*,#385,.T.);
#267=ORIENTED_EDGE('',*,*,#483,.T.);
#268=ORIENTED_EDGE('',*,*,#484,.T.);
#269=ORIENTED_EDGE('',*,*,#485,.T.);
#270=ORIENTED_EDGE('',*,*,#389,.T.);
#271=ORIENTED_EDGE('',*,*,#486,.T.);
#272=ORIENTED_EDGE('',*,*,#487,.F.);
#273=ORIENTED_EDGE('',*,*,#414,.T.);
#274=ORIENTED_EDGE('',*,*,#488,.F.);
#275=ORIENTED_EDGE('',*,*,#429,.T.);
#276=ORIENTED_EDGE('',*,*,#489,.F.);
#277=ORIENTED_EDGE('',*,*,#407,.T.);
#278=ORIENTED_EDGE('',*,*,#425,.T.);
#279=ORIENTED_EDGE('',*,*,#490,.T.);
#280=ORIENTED_EDGE('',*,*,#405,.T.);
#281=ORIENTED_EDGE('',*,*,#416,.T.);
#282=ORIENTED_EDGE('',*,*,#491,.T.);
#283=ORIENTED_EDGE('',*,*,#423,.T.);
#284=ORIENTED_EDGE('',*,*,#436,.F.);
#285=ORIENTED_EDGE('',*,*,#452,.T.);
#286=ORIENTED_EDGE('',*,*,#492,.T.);
#287=ORIENTED_EDGE('',*,*,#410,.T.);
#288=ORIENTED_EDGE('',*,*,#492,.F.);
#289=ORIENTED_EDGE('',*,*,#451,.T.);
#290=ORIENTED_EDGE('',*,*,#493,.F.);
#291=ORIENTED_EDGE('',*,*,#449,.T.);
#292=ORIENTED_EDGE('',*,*,#494,.T.);
#293=ORIENTED_EDGE('',*,*,#411,.T.);
#294=ORIENTED_EDGE('',*,*,#494,.F.);
#295=ORIENTED_EDGE('',*,*,#448,.T.);
#296=ORIENTED_EDGE('',*,*,#495,.T.);
#297=ORIENTED_EDGE('',*,*,#412,.T.);
#298=ORIENTED_EDGE('',*,*,#495,.F.);
#299=ORIENTED_EDGE('',*,*,#447,.T.);
#300=ORIENTED_EDGE('',*,*,#426,.T.);
#301=ORIENTED_EDGE('',*,*,#413,.T.);
#302=ORIENTED_EDGE('',*,*,#496,.T.);
#303=ORIENTED_EDGE('',*,*,#453,.T.);
#304=ORIENTED_EDGE('',*,*,#434,.F.);
#305=ORIENTED_EDGE('',*,*,#420,.T.);
#306=ORIENTED_EDGE('',*,*,#497,.F.);
#307=ORIENTED_EDGE('',*,*,#454,.T.);
#308=ORIENTED_EDGE('',*,*,#496,.F.);
#309=ORIENTED_EDGE('',*,*,#419,.T.);
#310=ORIENTED_EDGE('',*,*,#498,.T.);
#311=ORIENTED_EDGE('',*,*,#456,.T.);
#312=ORIENTED_EDGE('',*,*,#499,.T.);
#313=ORIENTED_EDGE('',*,*,#445,.T.);
#314=ORIENTED_EDGE('',*,*,#498,.F.);
#315=ORIENTED_EDGE('',*,*,#418,.T.);
#316=ORIENTED_EDGE('',*,*,#428,.T.);
#317=ORIENTED_EDGE('',*,*,#446,.T.);
#318=ORIENTED_EDGE('',*,*,#499,.F.);
#319=ORIENTED_EDGE('',*,*,#417,.T.);
#320=ORIENTED_EDGE('',*,*,#450,.F.);
#321=ORIENTED_EDGE('',*,*,#493,.T.);
#322=ORIENTED_EDGE('',*,*,#455,.F.);
#323=ORIENTED_EDGE('',*,*,#497,.T.);
#324=ORIENTED_EDGE('',*,*,#479,.F.);
#325=ORIENTED_EDGE('',*,*,#470,.F.);
#326=ORIENTED_EDGE('',*,*,#480,.F.);
#327=ORIENTED_EDGE('',*,*,#477,.F.);
#328=ORIENTED_EDGE('',*,*,#473,.F.);
#329=ORIENTED_EDGE('',*,*,#476,.F.);
#330=ORIENTED_EDGE('',*,*,#500,.F.);
#331=ORIENTED_EDGE('',*,*,#489,.T.);
#332=ORIENTED_EDGE('',*,*,#432,.F.);
#333=ORIENTED_EDGE('',*,*,#437,.F.);
#334=ORIENTED_EDGE('',*,*,#408,.F.);
#335=ORIENTED_EDGE('',*,*,#501,.F.);
#336=ORIENTED_EDGE('',*,*,#430,.F.);
#337=ORIENTED_EDGE('',*,*,#488,.T.);
#338=ORIENTED_EDGE('',*,*,#422,.F.);
#339=ORIENTED_EDGE('',*,*,#433,.F.);
#340=ORIENTED_EDGE('',*,*,#502,.F.);
#341=ORIENTED_EDGE('',*,*,#487,.T.);
#342=ORIENTED_EDGE('',*,*,#406,.F.);
#343=ORIENTED_EDGE('',*,*,#490,.F.);
#344=ORIENTED_EDGE('',*,*,#424,.F.);
#345=ORIENTED_EDGE('',*,*,#491,.F.);
#346=ORIENTED_EDGE('',*,*,#415,.F.);
#347=ORIENTED_EDGE('',*,*,#503,.T.);
#348=ORIENTED_EDGE('',*,*,#466,.F.);
#349=ORIENTED_EDGE('',*,*,#503,.F.);
#350=ORIENTED_EDGE('',*,*,#500,.T.);
#351=ORIENTED_EDGE('',*,*,#504,.T.);
#352=ORIENTED_EDGE('',*,*,#467,.F.);
#353=ORIENTED_EDGE('',*,*,#504,.F.);
#354=ORIENTED_EDGE('',*,*,#501,.T.);
#355=ORIENTED_EDGE('',*,*,#505,.T.);
#356=ORIENTED_EDGE('',*,*,#468,.F.);
#357=ORIENTED_EDGE('',*,*,#505,.F.);
#358=ORIENTED_EDGE('',*,*,#502,.T.);
#359=ORIENTED_EDGE('',*,*,#484,.F.);
#360=ORIENTED_EDGE('',*,*,#506,.T.);
#361=ORIENTED_EDGE('',*,*,#458,.F.);
#362=ORIENTED_EDGE('',*,*,#507,.T.);
#363=ORIENTED_EDGE('',*,*,#399,.T.);
#364=ORIENTED_EDGE('',*,*,#508,.T.);
#365=ORIENTED_EDGE('',*,*,#481,.T.);
#366=ORIENTED_EDGE('',*,*,#509,.T.);
#367=ORIENTED_EDGE('',*,*,#486,.F.);
#368=ORIENTED_EDGE('',*,*,#394,.F.);
#369=ORIENTED_EDGE('',*,*,#400,.F.);
#370=ORIENTED_EDGE('',*,*,#509,.F.);
#371=ORIENTED_EDGE('',*,*,#398,.F.);
#372=ORIENTED_EDGE('',*,*,#386,.F.);
#373=ORIENTED_EDGE('',*,*,#482,.F.);
#374=ORIENTED_EDGE('',*,*,#508,.F.);
#375=ORIENTED_EDGE('',*,*,#485,.F.);
#376=ORIENTED_EDGE('',*,*,#507,.F.);
#377=ORIENTED_EDGE('',*,*,#457,.F.);
#378=ORIENTED_EDGE('',*,*,#390,.F.);
#379=ORIENTED_EDGE('',*,*,#459,.F.);
#380=ORIENTED_EDGE('',*,*,#506,.F.);
#381=ORIENTED_EDGE('',*,*,#483,.F.);
#382=ORIENTED_EDGE('',*,*,#384,.F.);
#383=EDGE_CURVE('',#510,#511,#597,.T.);
#384=EDGE_CURVE('',#510,#512,#598,.T.);
#385=EDGE_CURVE('',#513,#512,#599,.T.);
#386=EDGE_CURVE('',#513,#514,#600,.F.);
#387=EDGE_CURVE('',#514,#515,#601,.T.);
#388=EDGE_CURVE('',#511,#515,#602,.T.);
#389=EDGE_CURVE('',#516,#517,#603,.T.);
#390=EDGE_CURVE('',#516,#518,#604,.T.);
#391=EDGE_CURVE('',#518,#519,#605,.T.);
#392=EDGE_CURVE('',#519,#520,#606,.T.);
#393=EDGE_CURVE('',#520,#521,#607,.T.);
#394=EDGE_CURVE('',#521,#517,#608,.F.);
#395=EDGE_CURVE('',#522,#520,#609,.T.);
#396=EDGE_CURVE('',#523,#519,#610,.T.);
#397=EDGE_CURVE('',#523,#522,#611,.T.);
#398=EDGE_CURVE('',#514,#524,#72,.T.);
#399=EDGE_CURVE('',#525,#524,#612,.T.);
#400=EDGE_CURVE('',#525,#521,#73,.T.);
#401=EDGE_CURVE('',#526,#522,#613,.T.);
#402=EDGE_CURVE('',#527,#526,#74,.T.);
#403=EDGE_CURVE('',#528,#527,#614,.T.);
#404=EDGE_CURVE('',#515,#528,#615,.T.);
#405=EDGE_CURVE('',#529,#530,#75,.F.);
#406=EDGE_CURVE('',#529,#531,#44,.T.);
#407=EDGE_CURVE('',#532,#531,#76,.F.);
#408=EDGE_CURVE('',#532,#533,#45,.T.);
#409=EDGE_CURVE('',#534,#533,#77,.F.);
#410=EDGE_CURVE('',#535,#534,#78,.F.);
#411=EDGE_CURVE('',#536,#535,#79,.F.);
#412=EDGE_CURVE('',#537,#536,#80,.F.);
#413=EDGE_CURVE('',#530,#537,#81,.F.);
#414=EDGE_CURVE('',#538,#539,#82,.F.);
#415=EDGE_CURVE('',#538,#540,#46,.T.);
#416=EDGE_CURVE('',#541,#540,#83,.F.);
#417=EDGE_CURVE('',#542,#541,#84,.F.);
#418=EDGE_CURVE('',#543,#542,#85,.F.);
#419=EDGE_CURVE('',#544,#543,#86,.F.);
#420=EDGE_CURVE('',#545,#544,#87,.F.);
#421=EDGE_CURVE('',#546,#545,#88,.F.);
#422=EDGE_CURVE('',#546,#539,#47,.T.);
#423=EDGE_CURVE('',#547,#541,#89,.T.);
#424=EDGE_CURVE('',#547,#548,#48,.T.);
#425=EDGE_CURVE('',#530,#548,#90,.T.);
#426=EDGE_CURVE('',#549,#530,#91,.T.);
#427=EDGE_CURVE('',#549,#550,#92,.F.);
#428=EDGE_CURVE('',#541,#550,#93,.T.);
#429=EDGE_CURVE('',#551,#552,#94,.F.);
#430=EDGE_CURVE('',#551,#553,#49,.T.);
#431=EDGE_CURVE('',#554,#553,#95,.F.);
#432=EDGE_CURVE('',#554,#552,#50,.T.);
#433=EDGE_CURVE('',#553,#546,#51,.T.);
#434=EDGE_CURVE('',#545,#555,#96,.F.);
#435=EDGE_CURVE('',#555,#556,#52,.T.);
#436=EDGE_CURVE('',#556,#534,#97,.T.);
#437=EDGE_CURVE('',#533,#554,#53,.T.);
#438=EDGE_CURVE('',#557,#527,#616,.T.);
#439=EDGE_CURVE('',#558,#526,#617,.T.);
#440=EDGE_CURVE('',#557,#558,#98,.T.);
#441=EDGE_CURVE('',#558,#523,#618,.T.);
#442=EDGE_CURVE('',#511,#559,#619,.T.);
#443=EDGE_CURVE('',#559,#528,#620,.T.);
#444=EDGE_CURVE('',#559,#557,#621,.T.);
#445=EDGE_CURVE('',#560,#561,#54,.T.);
#446=EDGE_CURVE('',#550,#560,#55,.T.);
#447=EDGE_CURVE('',#562,#549,#56,.T.);
#448=EDGE_CURVE('',#563,#562,#57,.T.);
#449=EDGE_CURVE('',#564,#563,#58,.T.);
#450=EDGE_CURVE('',#564,#565,#59,.T.);
#451=EDGE_CURVE('',#566,#565,#60,.T.);
#452=EDGE_CURVE('',#556,#566,#61,.T.);
#453=EDGE_CURVE('',#567,#555,#62,.T.);
#454=EDGE_CURVE('',#568,#567,#63,.T.);
#455=EDGE_CURVE('',#568,#569,#64,.T.);
#456=EDGE_CURVE('',#561,#569,#65,.T.);
#457=EDGE_CURVE('',#518,#570,#99,.F.);
#458=EDGE_CURVE('',#570,#571,#622,.T.);
#459=EDGE_CURVE('',#571,#510,#100,.F.);
#460=EDGE_CURVE('',#572,#573,#623,.T.);
#461=EDGE_CURVE('',#573,#574,#624,.T.);
#462=EDGE_CURVE('',#574,#575,#625,.T.);
#463=EDGE_CURVE('',#575,#576,#101,.T.);
#464=EDGE_CURVE('',#576,#577,#626,.T.);
#465=EDGE_CURVE('',#577,#572,#102,.T.);
#466=EDGE_CURVE('',#578,#578,#103,.T.);
#467=EDGE_CURVE('',#579,#579,#104,.T.);
#468=EDGE_CURVE('',#580,#580,#105,.T.);
#469=EDGE_CURVE('',#576,#581,#627,.T.);
#470=EDGE_CURVE('',#581,#582,#628,.T.);
#471=EDGE_CURVE('',#577,#582,#629,.T.);
#472=EDGE_CURVE('',#573,#583,#630,.T.);
#473=EDGE_CURVE('',#583,#584,#631,.T.);
#474=EDGE_CURVE('',#574,#584,#632,.T.);
#475=EDGE_CURVE('',#572,#585,#633,.T.);
#476=EDGE_CURVE('',#585,#583,#634,.T.);
#477=EDGE_CURVE('',#584,#586,#635,.T.);
#478=EDGE_CURVE('',#575,#586,#636,.T.);
#479=EDGE_CURVE('',#582,#585,#106,.T.);
#480=EDGE_CURVE('',#586,#581,#107,.T.);
#481=EDGE_CURVE('',#587,#588,#637,.T.);
#482=EDGE_CURVE('',#587,#513,#108,.T.);
#483=EDGE_CURVE('',#512,#589,#109,.T.);
#484=EDGE_CURVE('',#589,#590,#638,.T.);
#485=EDGE_CURVE('',#590,#516,#110,.T.);
#486=EDGE_CURVE('',#517,#588,#111,.T.);
#487=EDGE_CURVE('',#538,#531,#112,.F.);
#488=EDGE_CURVE('',#551,#539,#113,.F.);
#489=EDGE_CURVE('',#532,#552,#114,.F.);
#490=EDGE_CURVE('',#548,#529,#115,.F.);
#491=EDGE_CURVE('',#540,#547,#116,.F.);
#492=EDGE_CURVE('',#566,#535,#117,.F.);
#493=EDGE_CURVE('',#564,#565,#66,.T.);
#494=EDGE_CURVE('',#563,#536,#118,.F.);
#495=EDGE_CURVE('',#562,#537,#119,.T.);
#496=EDGE_CURVE('',#544,#567,#120,.F.);
#497=EDGE_CURVE('',#568,#569,#67,.T.);
#498=EDGE_CURVE('',#543,#561,#121,.F.);
#499=EDGE_CURVE('',#542,#560,#122,.T.);
#500=EDGE_CURVE('',#591,#591,#123,.T.);
#501=EDGE_CURVE('',#592,#592,#124,.T.);
#502=EDGE_CURVE('',#593,#593,#125,.T.);
#503=EDGE_CURVE('',#594,#594,#126,.T.);
#504=EDGE_CURVE('',#595,#595,#127,.T.);
#505=EDGE_CURVE('',#596,#596,#128,.T.);
#506=EDGE_CURVE('',#589,#571,#639,.F.);
#507=EDGE_CURVE('',#570,#590,#640,.F.);
#508=EDGE_CURVE('',#524,#587,#641,.T.);
#509=EDGE_CURVE('',#588,#525,#642,.T.);
#510=VERTEX_POINT('',#1236);
#511=VERTEX_POINT('',#1237);
#512=VERTEX_POINT('',#1239);
#513=VERTEX_POINT('',#1241);
#514=VERTEX_POINT('',#1243);
#515=VERTEX_POINT('',#1245);
#516=VERTEX_POINT('',#1249);
#517=VERTEX_POINT('',#1250);
#518=VERTEX_POINT('',#1252);
#519=VERTEX_POINT('',#1254);
#520=VERTEX_POINT('',#1256);
#521=VERTEX_POINT('',#1258);
#522=VERTEX_POINT('',#1262);
#523=VERTEX_POINT('',#1264);
#524=VERTEX_POINT('',#1268);
#525=VERTEX_POINT('',#1270);
#526=VERTEX_POINT('',#1273);
#527=VERTEX_POINT('',#1275);
#528=VERTEX_POINT('',#1277);
#529=VERTEX_POINT('',#1281);
#530=VERTEX_POINT('',#1282);
#531=VERTEX_POINT('',#1287);
#532=VERTEX_POINT('',#1289);
#533=VERTEX_POINT('',#1294);
#534=VERTEX_POINT('',#1296);
#535=VERTEX_POINT('',#1298);
#536=VERTEX_POINT('',#1300);
#537=VERTEX_POINT('',#1302);
#538=VERTEX_POINT('',#1306);
#539=VERTEX_POINT('',#1307);
#540=VERTEX_POINT('',#1312);
#541=VERTEX_POINT('',#1314);
#542=VERTEX_POINT('',#1316);
#543=VERTEX_POINT('',#1318);
#544=VERTEX_POINT('',#1320);
#545=VERTEX_POINT('',#1322);
#546=VERTEX_POINT('',#1324);
#547=VERTEX_POINT('',#1331);
#548=VERTEX_POINT('',#1341);
#549=VERTEX_POINT('',#1344);
#550=VERTEX_POINT('',#1346);
#551=VERTEX_POINT('',#1350);
#552=VERTEX_POINT('',#1351);
#553=VERTEX_POINT('',#1356);
#554=VERTEX_POINT('',#1358);
#555=VERTEX_POINT('',#1402);
#556=VERTEX_POINT('',#1416);
#557=VERTEX_POINT('',#1425);
#558=VERTEX_POINT('',#1427);
#559=VERTEX_POINT('',#1433);
#560=VERTEX_POINT('',#1445);
#561=VERTEX_POINT('',#1446);
#562=VERTEX_POINT('',#1455);
#563=VERTEX_POINT('',#1463);
#564=VERTEX_POINT('',#1468);
#565=VERTEX_POINT('',#1481);
#566=VERTEX_POINT('',#1486);
#567=VERTEX_POINT('',#1495);
#568=VERTEX_POINT('',#1500);
#569=VERTEX_POINT('',#1513);
#570=VERTEX_POINT('',#1519);
#571=VERTEX_POINT('',#1521);
#572=VERTEX_POINT('',#1524);
#573=VERTEX_POINT('',#1525);
#574=VERTEX_POINT('',#1527);
#575=VERTEX_POINT('',#1529);
#576=VERTEX_POINT('',#1531);
#577=VERTEX_POINT('',#1533);
#578=VERTEX_POINT('',#1536);
#579=VERTEX_POINT('',#1538);
#580=VERTEX_POINT('',#1540);
#581=VERTEX_POINT('',#1543);
#582=VERTEX_POINT('',#1545);
#583=VERTEX_POINT('',#1549);
#584=VERTEX_POINT('',#1551);
#585=VERTEX_POINT('',#1555);
#586=VERTEX_POINT('',#1559);
#587=VERTEX_POINT('',#1567);
#588=VERTEX_POINT('',#1568);
#589=VERTEX_POINT('',#1571);
#590=VERTEX_POINT('',#1573);
#591=VERTEX_POINT('',#1764);
#592=VERTEX_POINT('',#1767);
#593=VERTEX_POINT('',#1770);
#594=VERTEX_POINT('',#1773);
#595=VERTEX_POINT('',#1777);
#596=VERTEX_POINT('',#1781);
#597=LINE('',#1235,#643);
#598=LINE('',#1238,#644);
#599=LINE('',#1240,#645);
#600=LINE('',#1242,#646);
#601=LINE('',#1244,#647);
#602=LINE('',#1246,#648);
#603=LINE('',#1248,#649);
#604=LINE('',#1251,#650);
#605=LINE('',#1253,#651);
#606=LINE('',#1255,#652);
#607=LINE('',#1257,#653);
#608=LINE('',#1259,#654);
#609=LINE('',#1261,#655);
#610=LINE('',#1263,#656);
#611=LINE('',#1265,#657);
#612=LINE('',#1269,#658);
#613=LINE('',#1272,#659);
#614=LINE('',#1276,#660);
#615=LINE('',#1278,#661);
#616=LINE('',#1424,#662);
#617=LINE('',#1426,#663);
#618=LINE('',#1430,#664);
#619=LINE('',#1432,#665);
#620=LINE('',#1434,#666);
#621=LINE('',#1436,#667);
#622=LINE('',#1520,#668);
#623=LINE('',#1523,#669);
#624=LINE('',#1526,#670);
#625=LINE('',#1528,#671);
#626=LINE('',#1532,#672);
#627=LINE('',#1542,#673);
#628=LINE('',#1544,#674);
#629=LINE('',#1546,#675);
#630=LINE('',#1548,#676);
#631=LINE('',#1550,#677);
#632=LINE('',#1552,#678);
#633=LINE('',#1554,#679);
#634=LINE('',#1556,#680);
#635=LINE('',#1558,#681);
#636=LINE('',#1560,#682);
#637=LINE('',#1566,#683);
#638=LINE('',#1572,#684);
#639=LINE('',#1784,#685);
#640=LINE('',#1785,#686);
#641=LINE('',#1787,#687);
#642=LINE('',#1788,#688);
#643=VECTOR('',#999,1000.);
#644=VECTOR('',#1000,1000.);
#645=VECTOR('',#1001,1000.);
#646=VECTOR('',#1002,1000.);
#647=VECTOR('',#1003,1000.);
#648=VECTOR('',#1004,1000.);
#649=VECTOR('',#1007,1000.);
#650=VECTOR('',#1008,1000.);
#651=VECTOR('',#1009,1000.);
#652=VECTOR('',#1010,1000.);
#653=VECTOR('',#1011,1000.);
#654=VECTOR('',#1012,1000.);
#655=VECTOR('',#1015,1000.);
#656=VECTOR('',#1016,1000.);
#657=VECTOR('',#1017,1000.);
#658=VECTOR('',#1022,1000.);
#659=VECTOR('',#1025,1000.);
#660=VECTOR('',#1028,1000.);
#661=VECTOR('',#1029,1000.);
#662=VECTOR('',#1086,1000.);
#663=VECTOR('',#1087,1000.);
#664=VECTOR('',#1092,1000.);
#665=VECTOR('',#1095,1000.);
#666=VECTOR('',#1096,1000.);
#667=VECTOR('',#1099,1000.);
#668=VECTOR('',#1104,1000.);
#669=VECTOR('',#1107,1000.);
#670=VECTOR('',#1108,1000.);
#671=VECTOR('',#1109,1000.);
#672=VECTOR('',#1112,1000.);
#673=VECTOR('',#1123,1000.);
#674=VECTOR('',#1124,1000.);
#675=VECTOR('',#1125,1000.);
#676=VECTOR('',#1128,1000.);
#677=VECTOR('',#1129,1000.);
#678=VECTOR('',#1130,1000.);
#679=VECTOR('',#1133,1000.);
#680=VECTOR('',#1134,1000.);
#681=VECTOR('',#1137,1000.);
#682=VECTOR('',#1138,1000.);
#683=VECTOR('',#1149,1000.);
#684=VECTOR('',#1154,1000.);
#685=VECTOR('',#1219,1000.);
#686=VECTOR('',#1220,1000.);
#687=VECTOR('',#1223,1000.);
#688=VECTOR('',#1224,1000.);
#689=EDGE_LOOP('',(#129,#130,#131,#132,#133,#134));
#690=EDGE_LOOP('',(#135,#136,#137,#138,#139,#140));
#691=EDGE_LOOP('',(#141,#142,#143,#144));
#692=EDGE_LOOP('',(#145,#146,#147,#148,#149,#150,#151,#152,#153,#154));
#693=EDGE_LOOP('',(#155,#156,#157,#158,#159,#160,#161,#162,#163));
#694=EDGE_LOOP('',(#164,#165,#166,#167,#168,#169,#170,#171,#172));
#695=EDGE_LOOP('',(#173,#174,#175,#176,#177,#178));
#696=EDGE_LOOP('',(#179,#180,#181,#182));
#697=EDGE_LOOP('',(#183,#184,#185,#186,#187,#188,#189,#190));
#698=EDGE_LOOP('',(#191,#192,#193,#194));
#699=EDGE_LOOP('',(#195,#196,#197,#198));
#700=EDGE_LOOP('',(#199,#200,#201,#202));
#701=EDGE_LOOP('',(#203,#204,#205,#206));
#702=EDGE_LOOP('',(#207,#208,#209,#210,#211,#212,#213,#214,#215,#216,#217,
#218,#219,#220));
#703=EDGE_LOOP('',(#221,#222,#223,#224,#225,#226,#227,#228,#229,#230));
#704=EDGE_LOOP('',(#231,#232,#233,#234,#235,#236));
#705=EDGE_LOOP('',(#237));
#706=EDGE_LOOP('',(#238));
#707=EDGE_LOOP('',(#239));
#708=EDGE_LOOP('',(#240,#241,#242,#243));
#709=EDGE_LOOP('',(#244,#245,#246,#247));
#710=EDGE_LOOP('',(#248,#249,#250,#251));
#711=EDGE_LOOP('',(#252,#253,#254,#255));
#712=EDGE_LOOP('',(#256,#257,#258,#259));
#713=EDGE_LOOP('',(#260,#261,#262,#263));
#714=EDGE_LOOP('',(#264,#265,#266,#267,#268,#269,#270,#271));
#715=EDGE_LOOP('',(#272,#273,#274,#275,#276,#277));
#716=EDGE_LOOP('',(#278,#279,#280));
#717=EDGE_LOOP('',(#281,#282,#283));
#718=EDGE_LOOP('',(#284,#285,#286,#287));
#719=EDGE_LOOP('',(#288,#289,#290,#291,#292,#293));
#720=EDGE_LOOP('',(#294,#295,#296,#297));
#721=EDGE_LOOP('',(#298,#299,#300,#301));
#722=EDGE_LOOP('',(#302,#303,#304,#305));
#723=EDGE_LOOP('',(#306,#307,#308,#309,#310,#311));
#724=EDGE_LOOP('',(#312,#313,#314,#315));
#725=EDGE_LOOP('',(#316,#317,#318,#319));
#726=EDGE_LOOP('',(#320,#321));
#727=EDGE_LOOP('',(#322,#323));
#728=EDGE_LOOP('',(#324,#325,#326,#327,#328,#329));
#729=EDGE_LOOP('',(#330));
#730=EDGE_LOOP('',(#331,#332,#333,#334));
#731=EDGE_LOOP('',(#335));
#732=EDGE_LOOP('',(#336,#337,#338,#339));
#733=EDGE_LOOP('',(#340));
#734=EDGE_LOOP('',(#341,#342,#343,#344,#345,#346));
#735=EDGE_LOOP('',(#347));
#736=EDGE_LOOP('',(#348));
#737=EDGE_LOOP('',(#349));
#738=EDGE_LOOP('',(#350));
#739=EDGE_LOOP('',(#351));
#740=EDGE_LOOP('',(#352));
#741=EDGE_LOOP('',(#353));
#742=EDGE_LOOP('',(#354));
#743=EDGE_LOOP('',(#355));
#744=EDGE_LOOP('',(#356));
#745=EDGE_LOOP('',(#357));
#746=EDGE_LOOP('',(#358));
#747=EDGE_LOOP('',(#359,#360,#361,#362));
#748=EDGE_LOOP('',(#363,#364,#365,#366));
#749=EDGE_LOOP('',(#367,#368,#369,#370));
#750=EDGE_LOOP('',(#371,#372,#373,#374));
#751=EDGE_LOOP('',(#375,#376,#377,#378));
#752=EDGE_LOOP('',(#379,#380,#381,#382));
#753=FACE_BOUND('',#689,.T.);
#754=FACE_BOUND('',#690,.T.);
#755=FACE_BOUND('',#691,.T.);
#756=FACE_BOUND('',#692,.T.);
#757=FACE_BOUND('',#693,.T.);
#758=FACE_BOUND('',#694,.T.);
#759=FACE_BOUND('',#695,.T.);
#760=FACE_BOUND('',#696,.T.);
#761=FACE_BOUND('',#697,.T.);
#762=FACE_BOUND('',#698,.T.);
#763=FACE_BOUND('',#699,.T.);
#764=FACE_BOUND('',#700,.T.);
#765=FACE_BOUND('',#701,.T.);
#766=FACE_BOUND('',#702,.T.);
#767=FACE_BOUND('',#703,.T.);
#768=FACE_BOUND('',#704,.T.);
#769=FACE_BOUND('',#705,.T.);
#770=FACE_BOUND('',#706,.T.);
#771=FACE_BOUND('',#707,.T.);
#772=FACE_BOUND('',#708,.T.);
#773=FACE_BOUND('',#709,.T.);
#774=FACE_BOUND('',#710,.T.);
#775=FACE_BOUND('',#711,.T.);
#776=FACE_BOUND('',#712,.T.);
#777=FACE_BOUND('',#713,.T.);
#778=FACE_BOUND('',#714,.T.);
#779=FACE_BOUND('',#715,.T.);
#780=FACE_BOUND('',#716,.T.);
#781=FACE_BOUND('',#717,.T.);
#782=FACE_BOUND('',#718,.T.);
#783=FACE_BOUND('',#719,.T.);
#784=FACE_BOUND('',#720,.T.);
#785=FACE_BOUND('',#721,.T.);
#786=FACE_BOUND('',#722,.T.);
#787=FACE_BOUND('',#723,.T.);
#788=FACE_BOUND('',#724,.T.);
#789=FACE_BOUND('',#725,.T.);
#790=FACE_BOUND('',#726,.T.);
#791=FACE_BOUND('',#727,.T.);
#792=FACE_BOUND('',#728,.T.);
#793=FACE_BOUND('',#729,.T.);
#794=FACE_BOUND('',#730,.T.);
#795=FACE_BOUND('',#731,.T.);
#796=FACE_BOUND('',#732,.T.);
#797=FACE_BOUND('',#733,.T.);
#798=FACE_BOUND('',#734,.T.);
#799=FACE_BOUND('',#735,.T.);
#800=FACE_BOUND('',#736,.T.);
#801=FACE_BOUND('',#737,.T.);
#802=FACE_BOUND('',#738,.T.);
#803=FACE_BOUND('',#739,.T.);
#804=FACE_BOUND('',#740,.T.);
#805=FACE_BOUND('',#741,.T.);
#806=FACE_BOUND('',#742,.T.);
#807=FACE_BOUND('',#743,.T.);
#808=FACE_BOUND('',#744,.T.);
#809=FACE_BOUND('',#745,.T.);
#810=FACE_BOUND('',#746,.T.);
#811=FACE_BOUND('',#747,.T.);
#812=FACE_BOUND('',#748,.T.);
#813=FACE_BOUND('',#749,.T.);
#814=FACE_BOUND('',#750,.T.);
#815=FACE_BOUND('',#751,.T.);
#816=FACE_BOUND('',#752,.T.);
#817=PLANE('',#900);
#818=PLANE('',#901);
#819=PLANE('',#902);
#820=PLANE('',#903);
#821=PLANE('',#936);
#822=PLANE('',#937);
#823=PLANE('',#938);
#824=PLANE('',#939);
#825=PLANE('',#947);
#826=PLANE('',#948);
#827=PLANE('',#949);
#828=PLANE('',#950);
#829=PLANE('',#955);
#830=PLANE('',#963);
#831=PLANE('',#965);
#832=PLANE('',#973);
#833=PLANE('',#982);
#834=PLANE('',#985);
#835=PLANE('',#988);
#836=PLANE('',#989);
#837=PLANE('',#990);
#838=ADVANCED_FACE('',(#753),#817,.F.);
#839=ADVANCED_FACE('',(#754),#818,.F.);
#840=ADVANCED_FACE('',(#755),#819,.F.);
#841=ADVANCED_FACE('',(#756),#820,.F.);
#842=ADVANCED_FACE('',(#757),#68,.T.);
#843=ADVANCED_FACE('',(#758),#69,.T.);
#844=ADVANCED_FACE('',(#759),#70,.T.);
#845=ADVANCED_FACE('',(#760),#71,.T.);
#846=ADVANCED_FACE('',(#761),#35,.T.);
#847=ADVANCED_FACE('',(#762),#22,.T.);
#848=ADVANCED_FACE('',(#763),#821,.F.);
#849=ADVANCED_FACE('',(#764),#822,.F.);
#850=ADVANCED_FACE('',(#765),#823,.F.);
#851=ADVANCED_FACE('',(#766,#767,#768,#769,#770,#771),#824,.T.);
#852=ADVANCED_FACE('',(#772),#825,.F.);
#853=ADVANCED_FACE('',(#773),#826,.F.);
#854=ADVANCED_FACE('',(#774),#827,.F.);
#855=ADVANCED_FACE('',(#775),#828,.F.);
#856=ADVANCED_FACE('',(#776),#23,.T.);
#857=ADVANCED_FACE('',(#777),#24,.T.);
#858=ADVANCED_FACE('',(#778,#779),#829,.F.);
#859=ADVANCED_FACE('',(#780),#830,.T.);
#860=ADVANCED_FACE('',(#781),#831,.T.);
#861=ADVANCED_FACE('',(#782),#36,.T.);
#862=ADVANCED_FACE('',(#783),#37,.T.);
#863=ADVANCED_FACE('',(#784),#38,.T.);
#864=ADVANCED_FACE('',(#785),#39,.T.);
#865=ADVANCED_FACE('',(#786),#40,.T.);
#866=ADVANCED_FACE('',(#787),#41,.T.);
#867=ADVANCED_FACE('',(#788),#42,.T.);
#868=ADVANCED_FACE('',(#789),#43,.T.);
#869=ADVANCED_FACE('',(#790),#20,.F.);
#870=ADVANCED_FACE('',(#791),#21,.F.);
#871=ADVANCED_FACE('',(#792),#832,.F.);
#872=ADVANCED_FACE('',(#793,#794),#25,.F.);
#873=ADVANCED_FACE('',(#795,#796),#26,.F.);
#874=ADVANCED_FACE('',(#797,#798),#27,.F.);
#875=ADVANCED_FACE('',(#799,#800),#28,.F.);
#876=ADVANCED_FACE('',(#801,#802),#833,.T.);
#877=ADVANCED_FACE('',(#803,#804),#29,.F.);
#878=ADVANCED_FACE('',(#805,#806),#834,.T.);
#879=ADVANCED_FACE('',(#807,#808),#30,.F.);
#880=ADVANCED_FACE('',(#809,#810),#835,.T.);
#881=ADVANCED_FACE('',(#811),#836,.F.);
#882=ADVANCED_FACE('',(#812),#837,.T.);
#883=ADVANCED_FACE('',(#813),#31,.F.);
#884=ADVANCED_FACE('',(#814),#32,.F.);
#885=ADVANCED_FACE('',(#815),#33,.F.);
#886=ADVANCED_FACE('',(#816),#34,.F.);
#887=CLOSED_SHELL('',(#838,#839,#840,#841,#842,#843,#844,#845,#846,#847,
#848,#849,#850,#851,#852,#853,#854,#855,#856,#857,#858,#859,#860,#861,#862,
#863,#864,#865,#866,#867,#868,#869,#870,#871,#872,#873,#874,#875,#876,#877,
#878,#879,#880,#881,#882,#883,#884,#885,#886));
#888=STYLED_ITEM('',(#889),#896);
#889=PRESENTATION_STYLE_ASSIGNMENT((#890));
#890=SURFACE_STYLE_USAGE(.BOTH.,#891);
#891=SURFACE_SIDE_STYLE('',(#892));
#892=SURFACE_STYLE_FILL_AREA(#893);
#893=FILL_AREA_STYLE('',(#894));
#894=FILL_AREA_STYLE_COLOUR('',#895);
#895=COLOUR_RGB('',0.699999988079071,0.670680642127991,0.670680642127991);
#896=MANIFOLD_SOLID_BREP('',#887);
#897=SHAPE_DEFINITION_REPRESENTATION(#1799,#898);
#898=SHAPE_REPRESENTATION('HandleR',(#899),#1794);
#899=AXIS2_PLACEMENT_3D('',#1233,#995,#996);
#900=AXIS2_PLACEMENT_3D('',#1234,#997,#998);
#901=AXIS2_PLACEMENT_3D('',#1247,#1005,#1006);
#902=AXIS2_PLACEMENT_3D('',#1260,#1013,#1014);
#903=AXIS2_PLACEMENT_3D('',#1266,#1018,#1019);
#904=AXIS2_PLACEMENT_3D('',#1267,#1020,#1021);
#905=AXIS2_PLACEMENT_3D('',#1271,#1023,#1024);
#906=AXIS2_PLACEMENT_3D('',#1274,#1026,#1027);
#907=AXIS2_PLACEMENT_3D('',#1279,#1030,#1031);
#908=AXIS2_PLACEMENT_3D('',#1280,#1032,#1033);
#909=AXIS2_PLACEMENT_3D('',#1288,#1034,#1035);
#910=AXIS2_PLACEMENT_3D('',#1295,#1036,#1037);
#911=AXIS2_PLACEMENT_3D('',#1297,#1038,#1039);
#912=AXIS2_PLACEMENT_3D('',#1299,#1040,#1041);
#913=AXIS2_PLACEMENT_3D('',#1301,#1042,#1043);
#914=AXIS2_PLACEMENT_3D('',#1303,#1044,#1045);
#915=AXIS2_PLACEMENT_3D('',#1304,#1046,#1047);
#916=AXIS2_PLACEMENT_3D('',#1305,#1048,#1049);
#917=AXIS2_PLACEMENT_3D('',#1313,#1050,#1051);
#918=AXIS2_PLACEMENT_3D('',#1315,#1052,#1053);
#919=AXIS2_PLACEMENT_3D('',#1317,#1054,#1055);
#920=AXIS2_PLACEMENT_3D('',#1319,#1056,#1057);
#921=AXIS2_PLACEMENT_3D('',#1321,#1058,#1059);
#922=AXIS2_PLACEMENT_3D('',#1323,#1060,#1061);
#923=AXIS2_PLACEMENT_3D('',#1329,#1062,#1063);
#924=AXIS2_PLACEMENT_3D('',#1330,#1064,#1065);
#925=AXIS2_PLACEMENT_3D('',#1342,#1066,#1067);
#926=AXIS2_PLACEMENT_3D('',#1343,#1068,#1069);
#927=AXIS2_PLACEMENT_3D('',#1345,#1070,#1071);
#928=AXIS2_PLACEMENT_3D('',#1347,#1072,#1073);
#929=AXIS2_PLACEMENT_3D('',#1348,#1074,#1075);
#930=AXIS2_PLACEMENT_3D('',#1349,#1076,#1077);
#931=AXIS2_PLACEMENT_3D('',#1357,#1078,#1079);
#932=AXIS2_PLACEMENT_3D('',#1401,#1080,#1081);
#933=AXIS2_PLACEMENT_3D('',#1417,#1082,#1083);
#934=AXIS2_PLACEMENT_3D('',#1423,#1084,#1085);
#935=AXIS2_PLACEMENT_3D('',#1428,#1088,#1089);
#936=AXIS2_PLACEMENT_3D('',#1429,#1090,#1091);
#937=AXIS2_PLACEMENT_3D('',#1431,#1093,#1094);
#938=AXIS2_PLACEMENT_3D('',#1435,#1097,#1098);
#939=AXIS2_PLACEMENT_3D('',#1437,#1100,#1101);
#940=AXIS2_PLACEMENT_3D('',#1518,#1102,#1103);
#941=AXIS2_PLACEMENT_3D('',#1522,#1105,#1106);
#942=AXIS2_PLACEMENT_3D('',#1530,#1110,#1111);
#943=AXIS2_PLACEMENT_3D('',#1534,#1113,#1114);
#944=AXIS2_PLACEMENT_3D('',#1535,#1115,#1116);
#945=AXIS2_PLACEMENT_3D('',#1537,#1117,#1118);
#946=AXIS2_PLACEMENT_3D('',#1539,#1119,#1120);
#947=AXIS2_PLACEMENT_3D('',#1541,#1121,#1122);
#948=AXIS2_PLACEMENT_3D('',#1547,#1126,#1127);
#949=AXIS2_PLACEMENT_3D('',#1553,#1131,#1132);
#950=AXIS2_PLACEMENT_3D('',#1557,#1135,#1136);
#951=AXIS2_PLACEMENT_3D('',#1561,#1139,#1140);
#952=AXIS2_PLACEMENT_3D('',#1562,#1141,#1142);
#953=AXIS2_PLACEMENT_3D('',#1563,#1143,#1144);
#954=AXIS2_PLACEMENT_3D('',#1564,#1145,#1146);
#955=AXIS2_PLACEMENT_3D('',#1565,#1147,#1148);
#956=AXIS2_PLACEMENT_3D('',#1569,#1150,#1151);
#957=AXIS2_PLACEMENT_3D('',#1570,#1152,#1153);
#958=AXIS2_PLACEMENT_3D('',#1574,#1155,#1156);
#959=AXIS2_PLACEMENT_3D('',#1575,#1157,#1158);
#960=AXIS2_PLACEMENT_3D('',#1576,#1159,#1160);
#961=AXIS2_PLACEMENT_3D('',#1577,#1161,#1162);
#962=AXIS2_PLACEMENT_3D('',#1578,#1163,#1164);
#963=AXIS2_PLACEMENT_3D('',#1579,#1165,#1166);
#964=AXIS2_PLACEMENT_3D('',#1580,#1167,#1168);
#965=AXIS2_PLACEMENT_3D('',#1581,#1169,#1170);
#966=AXIS2_PLACEMENT_3D('',#1582,#1171,#1172);
#967=AXIS2_PLACEMENT_3D('',#1595,#1173,#1174);
#968=AXIS2_PLACEMENT_3D('',#1630,#1175,#1176);
#969=AXIS2_PLACEMENT_3D('',#1649,#1177,#1178);
#970=AXIS2_PLACEMENT_3D('',#1674,#1179,#1180);
#971=AXIS2_PLACEMENT_3D('',#1709,#1181,#1182);
#972=AXIS2_PLACEMENT_3D('',#1728,#1183,#1184);
#973=AXIS2_PLACEMENT_3D('',#1761,#1185,#1186);
#974=AXIS2_PLACEMENT_3D('',#1762,#1187,#1188);
#975=AXIS2_PLACEMENT_3D('',#1763,#1189,#1190);
#976=AXIS2_PLACEMENT_3D('',#1765,#1191,#1192);
#977=AXIS2_PLACEMENT_3D('',#1766,#1193,#1194);
#978=AXIS2_PLACEMENT_3D('',#1768,#1195,#1196);
#979=AXIS2_PLACEMENT_3D('',#1769,#1197,#1198);
#980=AXIS2_PLACEMENT_3D('',#1771,#1199,#1200);
#981=AXIS2_PLACEMENT_3D('',#1772,#1201,#1202);
#982=AXIS2_PLACEMENT_3D('',#1774,#1203,#1204);
#983=AXIS2_PLACEMENT_3D('',#1775,#1205,#1206);
#984=AXIS2_PLACEMENT_3D('',#1776,#1207,#1208);
#985=AXIS2_PLACEMENT_3D('',#1778,#1209,#1210);
#986=AXIS2_PLACEMENT_3D('',#1779,#1211,#1212);
#987=AXIS2_PLACEMENT_3D('',#1780,#1213,#1214);
#988=AXIS2_PLACEMENT_3D('',#1782,#1215,#1216);
#989=AXIS2_PLACEMENT_3D('',#1783,#1217,#1218);
#990=AXIS2_PLACEMENT_3D('',#1786,#1221,#1222);
#991=AXIS2_PLACEMENT_3D('',#1789,#1225,#1226);
#992=AXIS2_PLACEMENT_3D('',#1790,#1227,#1228);
#993=AXIS2_PLACEMENT_3D('',#1791,#1229,#1230);
#994=AXIS2_PLACEMENT_3D('',#1792,#1231,#1232);
#995=DIRECTION('',(0.,0.,1.));
#996=DIRECTION('',(1.,0.,0.));
#997=DIRECTION('',(1.,0.,-3.22739251344522E-16));
#998=DIRECTION('',(-3.22739251344522E-16,0.,-1.));
#999=DIRECTION('',(-3.22739251344522E-16,0.,-1.));
#1000=DIRECTION('',(0.,-1.,0.));
#1001=DIRECTION('',(-3.22739251344522E-16,0.,-1.));
#1002=DIRECTION('',(0.,-1.,0.));
#1003=DIRECTION('',(-3.22739251344522E-16,0.,-1.));
#1004=DIRECTION('',(0.,1.,0.));
#1005=DIRECTION('',(-1.,0.,3.04669215136431E-16));
#1006=DIRECTION('',(3.04669215136431E-16,0.,1.));
#1007=DIRECTION('',(3.04669215136431E-16,0.,1.));
#1008=DIRECTION('',(0.,1.,0.));
#1009=DIRECTION('',(-3.22739251344522E-16,0.,-1.));
#1010=DIRECTION('',(0.,1.,0.));
#1011=DIRECTION('',(3.04669215136431E-16,0.,1.));
#1012=DIRECTION('',(0.,1.,0.));
#1013=DIRECTION('',(0.,0.,1.));
#1014=DIRECTION('',(1.,0.,0.));
#1015=DIRECTION('',(1.,0.,-3.0256804813549E-16));
#1016=DIRECTION('',(1.,0.,0.));
#1017=DIRECTION('',(0.,1.,0.));
#1018=DIRECTION('',(0.,-1.,0.));
#1019=DIRECTION('',(0.,0.,-1.));
#1020=DIRECTION('',(0.,-1.,0.));
#1021=DIRECTION('',(0.,0.,-1.));
#1022=DIRECTION('',(1.,0.,-3.44423294794232E-16));
#1023=DIRECTION('',(0.,-1.,0.));
#1024=DIRECTION('',(0.,0.,-1.));
#1025=DIRECTION('',(-0.533992991387986,0.,-0.845488903030968));
#1026=DIRECTION('',(0.,-1.,0.));
#1027=DIRECTION('',(0.,0.,-1.));
#1028=DIRECTION('',(-0.533992991387981,0.,0.845488903030971));
#1029=DIRECTION('',(1.,0.,-3.0256804813549E-16));
#1030=DIRECTION('',(0.,-1.,0.));
#1031=DIRECTION('',(0.,0.,-1.));
#1032=DIRECTION('',(0.,-1.,0.));
#1033=DIRECTION('',(0.,0.,-1.));
#1034=DIRECTION('',(0.,1.,0.));
#1035=DIRECTION('',(0.,0.,1.));
#1036=DIRECTION('',(0.,-1.,0.));
#1037=DIRECTION('',(0.,0.,-1.));
#1038=DIRECTION('',(0.,-1.,0.));
#1039=DIRECTION('',(0.,0.,-1.));
#1040=DIRECTION('',(0.,-1.,0.));
#1041=DIRECTION('',(0.,0.,-1.));
#1042=DIRECTION('',(0.,-1.,0.));
#1043=DIRECTION('',(0.,0.,-1.));
#1044=DIRECTION('',(0.,-1.,0.));
#1045=DIRECTION('',(0.,0.,-1.));
#1046=DIRECTION('',(0.,-1.,0.));
#1047=DIRECTION('',(0.,0.,-1.));
#1048=DIRECTION('',(0.,1.,0.));
#1049=DIRECTION('',(0.,0.,1.));
#1050=DIRECTION('',(0.,-1.,0.));
#1051=DIRECTION('',(0.,0.,-1.));
#1052=DIRECTION('',(0.,-1.,0.));
#1053=DIRECTION('',(0.,0.,-1.));
#1054=DIRECTION('',(0.,-1.,0.));
#1055=DIRECTION('',(0.,0.,-1.));
#1056=DIRECTION('',(0.,-1.,0.));
#1057=DIRECTION('',(0.,0.,-1.));
#1058=DIRECTION('',(0.,-1.,0.));
#1059=DIRECTION('',(0.,0.,-1.));
#1060=DIRECTION('',(0.,-1.,0.));
#1061=DIRECTION('',(0.,0.,-1.));
#1062=DIRECTION('',(0.,-1.,0.));
#1063=DIRECTION('',(0.,0.,-1.));
#1064=DIRECTION('',(0.,-1.,0.));
#1065=DIRECTION('',(0.,0.,-1.));
#1066=DIRECTION('',(0.,-1.,0.));
#1067=DIRECTION('',(0.,0.,-1.));
#1068=DIRECTION('',(0.325191381250699,3.76078082160608E-16,-0.9456482250606));
#1069=DIRECTION('',(-0.9456482250606,0.,-0.325191381250699));
#1070=DIRECTION('',(0.,1.,0.));
#1071=DIRECTION('',(0.,0.,1.));
#1072=DIRECTION('',(-0.325191381250699,0.,-0.9456482250606));
#1073=DIRECTION('',(-0.9456482250606,0.,0.325191381250699));
#1074=DIRECTION('',(0.,-1.,0.));
#1075=DIRECTION('',(0.,0.,-1.));
#1076=DIRECTION('',(0.,1.,0.));
#1077=DIRECTION('',(0.,0.,1.));
#1078=DIRECTION('',(0.,-1.,0.));
#1079=DIRECTION('',(0.,0.,-1.));
#1080=DIRECTION('',(-0.681982773606246,0.00676074480917444,0.731336987191238));
#1081=DIRECTION('',(0.731353701619195,0.,0.681998360062472));
#1082=DIRECTION('',(-0.681982773606266,-0.00676074480918337,-0.731336987191219));
#1083=DIRECTION('',(-0.731353701619176,0.,0.681998360062492));
#1084=DIRECTION('',(0.,1.,0.));
#1085=DIRECTION('',(0.,0.,1.));
#1086=DIRECTION('',(0.,1.,0.));
#1087=DIRECTION('',(0.,1.,0.));
#1088=DIRECTION('',(0.,-1.,0.));
#1089=DIRECTION('',(0.,0.,-1.));
#1090=DIRECTION('',(0.845488903030969,0.,-0.533992991387984));
#1091=DIRECTION('',(-0.533992991387984,0.,-0.84548890303097));
#1092=DIRECTION('',(-0.533992991387986,0.,-0.845488903030969));
#1093=DIRECTION('',(0.,0.,1.));
#1094=DIRECTION('',(1.,0.,0.));
#1095=DIRECTION('',(1.,0.,0.));
#1096=DIRECTION('',(0.,1.,0.));
#1097=DIRECTION('',(-0.845488903030971,0.,-0.533992991387981));
#1098=DIRECTION('',(-0.533992991387981,0.,0.845488903030971));
#1099=DIRECTION('',(-0.533992991387981,0.,0.845488903030971));
#1100=DIRECTION('',(0.,1.,0.));
#1101=DIRECTION('',(0.,0.,1.));
#1102=DIRECTION('',(0.,1.,0.));
#1103=DIRECTION('',(0.,0.,1.));
#1104=DIRECTION('',(1.,0.,-3.22739251344522E-16));
#1105=DIRECTION('',(0.,1.,0.));
#1106=DIRECTION('',(0.,0.,1.));
#1107=DIRECTION('',(0.307953507124323,0.,0.951401407109444));
#1108=DIRECTION('',(-1.,0.,-6.05136096270979E-17));
#1109=DIRECTION('',(0.308504698037437,0.,-0.951222818948762));
#1110=DIRECTION('',(0.,-1.,0.));
#1111=DIRECTION('',(0.,0.,1.));
#1112=DIRECTION('',(0.999999303353013,0.,-0.00118037853597066));
#1113=DIRECTION('',(0.,-1.,0.));
#1114=DIRECTION('',(0.,0.,1.));
#1115=DIRECTION('',(1.22740112139644E-16,-1.,0.));
#1116=DIRECTION('',(-1.,-1.22740112139644E-16,0.));
#1117=DIRECTION('',(1.19199421553624E-16,-1.,0.));
#1118=DIRECTION('',(-1.,-1.19199421553624E-16,0.));
#1119=DIRECTION('',(1.19199421553624E-16,-1.,0.));
#1120=DIRECTION('',(-1.,-1.19199421553624E-16,0.));
#1121=DIRECTION('',(0.00118037853597066,0.,0.999999303353013));
#1122=DIRECTION('',(0.999999303353013,0.,-0.00118037853597066));
#1123=DIRECTION('',(0.,1.,0.));
#1124=DIRECTION('',(0.999999303353013,0.,-0.00118037853597072));
#1125=DIRECTION('',(0.,1.,0.));
#1126=DIRECTION('',(8.06848128361306E-17,0.,-1.));
#1127=DIRECTION('',(-1.,0.,-8.06848128361306E-17));
#1128=DIRECTION('',(0.,1.,0.));
#1129=DIRECTION('',(-1.,0.,-6.05136096270979E-17));
#1130=DIRECTION('',(0.,1.,0.));
#1131=DIRECTION('',(-0.951401407109444,0.,0.307953507124323));
#1132=DIRECTION('',(0.307953507124323,0.,0.951401407109444));
#1133=DIRECTION('',(0.,1.,0.));
#1134=DIRECTION('',(0.307953507124323,0.,0.951401407109444));
#1135=DIRECTION('',(0.951222818948762,0.,0.308504698037437));
#1136=DIRECTION('',(0.308504698037437,0.,-0.951222818948762));
#1137=DIRECTION('',(0.308504698037437,0.,-0.951222818948762));
#1138=DIRECTION('',(0.,1.,0.));
#1139=DIRECTION('',(0.,1.,0.));
#1140=DIRECTION('',(0.,0.,1.));
#1141=DIRECTION('',(0.,-1.,0.));
#1142=DIRECTION('',(0.,0.,1.));
#1143=DIRECTION('',(0.,1.,0.));
#1144=DIRECTION('',(0.,0.,1.));
#1145=DIRECTION('',(0.,-1.,0.));
#1146=DIRECTION('',(0.,0.,1.));
#1147=DIRECTION('',(0.,1.,0.));
#1148=DIRECTION('',(0.,0.,1.));
#1149=DIRECTION('',(-1.,0.,3.44423294794232E-16));
#1150=DIRECTION('',(0.,1.,0.));
#1151=DIRECTION('',(0.,0.,1.));
#1152=DIRECTION('',(0.,1.,0.));
#1153=DIRECTION('',(0.,0.,1.));
#1154=DIRECTION('',(-1.,0.,3.22739251344522E-16));
#1155=DIRECTION('',(0.,1.,0.));
#1156=DIRECTION('',(0.,0.,1.));
#1157=DIRECTION('',(0.,1.,0.));
#1158=DIRECTION('',(0.,0.,1.));
#1159=DIRECTION('',(0.,1.,0.));
#1160=DIRECTION('',(0.,0.,1.));
#1161=DIRECTION('',(0.,1.,0.));
#1162=DIRECTION('',(0.,0.,1.));
#1163=DIRECTION('',(0.,1.,0.));
#1164=DIRECTION('',(0.,0.,1.));
#1165=DIRECTION('',(0.,-1.,0.));
#1166=DIRECTION('',(0.,0.,-1.));
#1167=DIRECTION('',(0.,-1.,0.));
#1168=DIRECTION('',(0.,0.,-1.));
#1169=DIRECTION('',(0.,-1.,0.));
#1170=DIRECTION('',(0.,0.,-1.));
#1171=DIRECTION('',(0.,-1.,0.));
#1172=DIRECTION('',(0.,0.,-1.));
#1173=DIRECTION('',(-0.00452398565784161,-0.211091116216513,0.977455919317201));
#1174=DIRECTION('',(0.,-0.977465921995249,-0.211093276392162));
#1175=DIRECTION('',(0.463224153203255,0.174340490053283,0.868923919234077));
#1176=DIRECTION('',(0.882438080114647,0.,-0.47042856499534));
#1177=DIRECTION('',(0.293707323334886,-0.00025392818875303,-0.955895362338332));
#1178=DIRECTION('',(-0.955895393156173,0.,-0.293707332803941));
#1179=DIRECTION('',(0.00675145922262683,-0.211879234763746,0.977272535004589));
#1180=DIRECTION('',(0.,-0.977294808882932,-0.211884063889839));
#1181=DIRECTION('',(-0.463168027746775,0.175890562197442,0.868641403689135));
#1182=DIRECTION('',(0.882398233256503,0.,0.4705033028001));
#1183=DIRECTION('',(-0.295963141390732,-0.000235534958698741,-0.955199331794895));
#1184=DIRECTION('',(-0.955199358290557,0.,0.295963149600264));
#1185=DIRECTION('',(0.,-1.,0.));
#1186=DIRECTION('',(0.,0.,-1.));
#1187=DIRECTION('',(0.,1.,0.));
#1188=DIRECTION('',(0.,0.,1.));
#1189=DIRECTION('',(1.22740112139644E-16,-1.,0.));
#1190=DIRECTION('',(1.,1.22740112139644E-16,0.));
#1191=DIRECTION('',(0.,1.,0.));
#1192=DIRECTION('',(0.,0.,1.));
#1193=DIRECTION('',(1.19199421553624E-16,-1.,0.));
#1194=DIRECTION('',(1.,1.19199421553624E-16,0.));
#1195=DIRECTION('',(0.,1.,0.));
#1196=DIRECTION('',(0.,0.,1.));
#1197=DIRECTION('',(1.19199421553624E-16,-1.,0.));
#1198=DIRECTION('',(1.,1.19199421553624E-16,0.));
#1199=DIRECTION('',(0.,1.,0.));
#1200=DIRECTION('',(0.,0.,1.));
#1201=DIRECTION('',(1.22740112139644E-16,-1.,0.));
#1202=DIRECTION('',(-1.,-1.22740112139644E-16,0.));
#1203=DIRECTION('',(1.22740112139644E-16,-1.,0.));
#1204=DIRECTION('',(1.,1.22740112139644E-16,0.));
#1205=DIRECTION('',(0.,1.,0.));
#1206=DIRECTION('',(0.,0.,1.));
#1207=DIRECTION('',(1.19199421553624E-16,-1.,0.));
#1208=DIRECTION('',(-1.,-1.19199421553624E-16,0.));
#1209=DIRECTION('',(1.19199421553624E-16,-1.,0.));
#1210=DIRECTION('',(1.,1.19199421553624E-16,0.));
#1211=DIRECTION('',(0.,1.,0.));
#1212=DIRECTION('',(0.,0.,1.));
#1213=DIRECTION('',(1.19199421553624E-16,-1.,0.));
#1214=DIRECTION('',(-1.,-1.19199421553624E-16,0.));
#1215=DIRECTION('',(1.19199421553624E-16,-1.,0.));
#1216=DIRECTION('',(1.,1.19199421553624E-16,0.));
#1217=DIRECTION('',(-3.22739251344522E-16,0.,-1.));
#1218=DIRECTION('',(-1.,0.,3.22739251344522E-16));
#1219=DIRECTION('',(0.,-1.,0.));
#1220=DIRECTION('',(0.,1.,0.));
#1221=DIRECTION('',(-3.44423294794232E-16,0.,-1.));
#1222=DIRECTION('',(-1.,0.,3.44423294794232E-16));
#1223=DIRECTION('',(0.,-1.,0.));
#1224=DIRECTION('',(0.,1.,0.));
#1225=DIRECTION('',(0.,1.,0.));
#1226=DIRECTION('',(0.,0.,1.));
#1227=DIRECTION('',(0.,-1.,0.));
#1228=DIRECTION('',(0.,0.,-1.));
#1229=DIRECTION('',(0.,-1.,0.));
#1230=DIRECTION('',(0.,0.,-1.));
#1231=DIRECTION('',(0.,1.,0.));
#1232=DIRECTION('',(0.,0.,1.));
#1233=CARTESIAN_POINT('',(0.,0.,0.));
#1234=CARTESIAN_POINT('',(10.5,-10.6471126959607,11.7543367209709));
#1235=CARTESIAN_POINT('',(10.5,-2.50495606202842,5.95433672097092));
#1236=CARTESIAN_POINT('',(10.5,-2.50495606202842,6.95433672097092));
#1237=CARTESIAN_POINT('',(10.5,-2.50495606202842,5.75433672097092));
#1238=CARTESIAN_POINT('',(10.5,-5.,6.95433672097092));
#1239=CARTESIAN_POINT('',(10.5,-5.,6.95433672097092));
#1240=CARTESIAN_POINT('',(10.5,-5.,-3.38876213911748E-15));
#1241=CARTESIAN_POINT('',(10.5,-5.,10.5543367209709));
#1242=CARTESIAN_POINT('',(10.5,-10.6471126959607,10.5543367209709));
#1243=CARTESIAN_POINT('',(10.5,-2.5,10.5543367209709));
#1244=CARTESIAN_POINT('',(10.5,-2.5,11.7543367209709));
#1245=CARTESIAN_POINT('',(10.5,-2.5,5.75433672097092));
#1246=CARTESIAN_POINT('',(10.5,-10.6471126959607,5.75433672097092));
#1247=CARTESIAN_POINT('',(0.499999999999997,-10.6471126959607,5.75433672097092));
#1248=CARTESIAN_POINT('',(0.499999999999995,-5.,-1.52334607568214E-16));
#1249=CARTESIAN_POINT('',(0.499999999999997,-5.,6.95433672097092));
#1250=CARTESIAN_POINT('',(0.499999999999999,-5.,10.5543367209709));
#1251=CARTESIAN_POINT('',(0.499999999999997,-2.50495606202842,6.95433672097092));
#1252=CARTESIAN_POINT('',(0.499999999999997,-2.50495606202842,6.95433672097092));
#1253=CARTESIAN_POINT('',(0.499999999999997,-2.50495606202842,5.95433672097092));
#1254=CARTESIAN_POINT('',(0.499999999999997,-2.50495606202842,5.75433672097092));
#1255=CARTESIAN_POINT('',(0.499999999999997,-10.6471126959607,5.75433672097092));
#1256=CARTESIAN_POINT('',(0.499999999999997,-2.5,5.75433672097092));
#1257=CARTESIAN_POINT('',(0.499999999999997,-2.5,5.75433672097092));
#1258=CARTESIAN_POINT('',(0.499999999999998,-2.5,10.5543367209709));
#1259=CARTESIAN_POINT('',(0.499999999999998,-10.6471126959607,10.5543367209709));
#1260=CARTESIAN_POINT('',(-21.5,-0.0049560620284197,5.75433672097092));
#1261=CARTESIAN_POINT('',(-21.5,-2.5,5.75433672097093));
#1262=CARTESIAN_POINT('',(-21.5,-2.5,5.75433672097093));
#1263=CARTESIAN_POINT('',(-21.5,-2.50495606202842,5.75433672097092));
#1264=CARTESIAN_POINT('',(-21.5,-2.50495606202842,5.75433672097092));
#1265=CARTESIAN_POINT('',(-21.5,-0.0049560620284197,5.75433672097092));
#1266=CARTESIAN_POINT('',(0.,-2.5,-14.9039966123624));
#1267=CARTESIAN_POINT('',(9.5,-2.5,10.5543367209709));
#1268=CARTESIAN_POINT('',(9.5,-2.5,11.5543367209709));
#1269=CARTESIAN_POINT('',(0.499999999999999,-2.5,11.5543367209709));
#1270=CARTESIAN_POINT('',(1.5,-2.5,11.5543367209709));
#1271=CARTESIAN_POINT('',(1.5,-2.5,10.5543367209709));
#1272=CARTESIAN_POINT('',(-15.4999999999999,-2.5,15.254336720971));
#1273=CARTESIAN_POINT('',(-15.4999999999999,-2.5,15.254336720971));
#1274=CARTESIAN_POINT('',(0.,-2.5,-14.9039966123624));
#1275=CARTESIAN_POINT('',(15.5,-2.5,15.2543367209709));
#1276=CARTESIAN_POINT('',(21.5,-2.5,5.75433672097092));
#1277=CARTESIAN_POINT('',(21.5,-2.5,5.75433672097092));
#1278=CARTESIAN_POINT('',(-21.5,-2.5,5.75433672097093));
#1279=CARTESIAN_POINT('',(0.,0.,0.));
#1280=CARTESIAN_POINT('',(0.,-4.64495606202842,0.));
#1281=CARTESIAN_POINT('',(2.49605406540096,-4.64495606202842,22.1163311876294));
#1282=CARTESIAN_POINT('',(20.8042609513332,-4.64495606202842,7.9085471084863));
#1283=CARTESIAN_POINT('',(2.49605406540095,-4.64495606202842,22.1163311876294));
#1284=CARTESIAN_POINT('',(2.45948177697842,-4.9039724158434,21.4661751229523));
#1285=CARTESIAN_POINT('',(2.13878265689446,-5.,20.7885050552712));
#1286=CARTESIAN_POINT('',(1.608308111562,-5.,20.3427514236877));
#1287=CARTESIAN_POINT('',(1.608308111562,-5.,20.3427514236877));
#1288=CARTESIAN_POINT('',(0.,-5.,0.));
#1289=CARTESIAN_POINT('',(10.7128526220961,-5.,-17.3680447709266));
#1290=CARTESIAN_POINT('',(10.7128526220961,-5.,-17.3680447709266));
#1291=CARTESIAN_POINT('',(11.003583268493,-5.,-18.1019006305746));
#1292=CARTESIAN_POINT('',(10.9216593513687,-4.79933907603118,-18.9590508738278));
#1293=CARTESIAN_POINT('',(10.5030739491835,-4.64495606202973,-19.622635621043));
#1294=CARTESIAN_POINT('',(10.5030739491855,-4.64495606202842,-19.6226356210438));
#1295=CARTESIAN_POINT('',(0.,-4.64495606202842,0.));
#1296=CARTESIAN_POINT('',(16.661810583939,-4.64495606202842,-14.7562345862097));
#1297=CARTESIAN_POINT('',(0.,-4.64495606202842,0.));
#1298=CARTESIAN_POINT('',(17.01634417321,-4.64495606202842,-14.3459549029396));
#1299=CARTESIAN_POINT('',(0.,-4.64495606202842,0.));
#1300=CARTESIAN_POINT('',(21.5802162418143,-4.64495606202842,-5.44579269297382));
#1301=CARTESIAN_POINT('',(0.,-4.64495606202842,0.));
#1302=CARTESIAN_POINT('',(21.0519151833329,-4.64495606202842,7.22352117821154));
#1303=CARTESIAN_POINT('',(0.,-4.64495606202842,0.));
#1304=CARTESIAN_POINT('',(0.,0.,0.));
#1305=CARTESIAN_POINT('',(0.,-5.,0.));
#1306=CARTESIAN_POINT('',(-1.608308111562,-5.,20.3427514236877));
#1307=CARTESIAN_POINT('',(-10.722295959731,-5.,-17.3622164431733));
#1308=CARTESIAN_POINT('',(-1.608308111562,-5.00000000000019,20.3427514236876));
#1309=CARTESIAN_POINT('',(-2.14073596640344,-5.00000000000019,20.7901464060483));
#1310=CARTESIAN_POINT('',(-2.45950845217927,-4.9037834937604,21.466649335629));
#1311=CARTESIAN_POINT('',(-2.49605406540218,-4.64495606202908,22.1163311876295));
#1312=CARTESIAN_POINT('',(-2.49605406540097,-4.64495606202842,22.1163311876294));
#1313=CARTESIAN_POINT('',(0.,-4.64495606202842,0.));
#1314=CARTESIAN_POINT('',(-20.8042609513332,-4.64495606202842,7.9085471084863));
#1315=CARTESIAN_POINT('',(0.,-4.64495606202842,0.));
#1316=CARTESIAN_POINT('',(-21.0349932539757,-4.64495606202842,7.27265081682816));
#1317=CARTESIAN_POINT('',(0.,-4.64495606202842,0.));
#1318=CARTESIAN_POINT('',(-21.5830829058495,-4.64495606202842,-5.43442024300102));
#1319=CARTESIAN_POINT('',(0.,-4.64495606202842,0.));
#1320=CARTESIAN_POINT('',(-17.0172201158116,-4.64495606202842,-14.3449158459829));
#1321=CARTESIAN_POINT('',(0.,-4.64495606202842,0.));
#1322=CARTESIAN_POINT('',(-16.661810583939,-4.64495606202842,-14.7562345862097));
#1323=CARTESIAN_POINT('',(0.,-4.64495606202842,0.));
#1324=CARTESIAN_POINT('',(-10.4900666277026,-4.64495606202841,-19.6295922842191));
#1325=CARTESIAN_POINT('',(-10.4900666277026,-4.64495606202847,-19.6295922842191));
#1326=CARTESIAN_POINT('',(-10.9185535293327,-4.79662303819475,-18.9689586588404));
#1327=CARTESIAN_POINT('',(-11.0150071224675,-5.,-18.114085941455));
#1328=CARTESIAN_POINT('',(-10.722295959731,-5.,-17.3622164431733));
#1329=CARTESIAN_POINT('',(0.,-1.64495606202842,0.754336720970923));
#1330=CARTESIAN_POINT('',(0.,-4.64495606202842,0.754336720970923));
#1331=CARTESIAN_POINT('',(-2.47423101090185,-4.64495606202842,22.6147617146597));
#1332=CARTESIAN_POINT('',(-2.47423101090187,-4.64495606202877,22.6147617146597));
#1333=CARTESIAN_POINT('',(-2.38689720701737,-4.64495606202876,23.2183085209681));
#1334=CARTESIAN_POINT('',(-1.91554220249224,-4.37198303651937,24.039650001662));
#1335=CARTESIAN_POINT('',(-0.915505150886872,-3.97710668468362,24.6395207004315));
#1336=CARTESIAN_POINT('',(0.000499188997125387,-3.82997965895315,24.8149423849795));
#1337=CARTESIAN_POINT('',(0.912007228142786,-3.97621785551603,24.6411383177359));
#1338=CARTESIAN_POINT('',(1.91877554621133,-4.37290987702568,24.036272551098));
#1339=CARTESIAN_POINT('',(2.38571783782535,-4.64495606202842,23.2264589103665));
#1340=CARTESIAN_POINT('',(2.47423101090185,-4.64495606202842,22.6147617146597));
#1341=CARTESIAN_POINT('',(2.47423101090184,-4.64495606202842,22.6147617146597));
#1342=CARTESIAN_POINT('',(0.,-4.64495606202842,0.754336720970923));
#1343=CARTESIAN_POINT('',(20.8042609513332,-1.64495606202842,7.9085471084863));
#1344=CARTESIAN_POINT('',(23.5221401561092,-2.50495606202842,8.84317678287398));
#1345=CARTESIAN_POINT('',(0.,-2.50495606202842,0.754336720970923));
#1346=CARTESIAN_POINT('',(-23.5221401561092,-2.50495606202842,8.84317678287398));
#1347=CARTESIAN_POINT('',(-20.8042609513332,-1.64495606202842,7.9085471084863));
#1348=CARTESIAN_POINT('',(0.,0.,0.));
#1349=CARTESIAN_POINT('',(0.,-5.,0.));
#1350=CARTESIAN_POINT('',(-6.18679216354512,-5.,-19.4457654308788));
#1351=CARTESIAN_POINT('',(6.17445806581746,-5.,-19.4496852946551));
#1352=CARTESIAN_POINT('',(-6.18679216354512,-5.,-19.4457654308787));
#1353=CARTESIAN_POINT('',(-6.56086148519131,-5.,-20.1470624473508));
#1354=CARTESIAN_POINT('',(-7.27476365313477,-4.79723586157142,-20.6409923610432));
#1355=CARTESIAN_POINT('',(-8.05826770008943,-4.64495606202789,-20.746727760593));
#1356=CARTESIAN_POINT('',(-8.05826770009035,-4.64495606202842,-20.746727760589));
#1357=CARTESIAN_POINT('',(0.,-4.64495606202842,0.));
#1358=CARTESIAN_POINT('',(8.02006382182029,-4.64495606202842,-20.7615261335058));
#1359=CARTESIAN_POINT('',(8.02006382182029,-4.64495606202842,-20.7615261335058));
#1360=CARTESIAN_POINT('',(7.25126594388716,-4.79790553164104,-20.6469414442199));
#1361=CARTESIAN_POINT('',(6.54097975197896,-5.,-20.1487722133223));
#1362=CARTESIAN_POINT('',(6.17445806581746,-5.,-19.4496852946551));
#1363=CARTESIAN_POINT('',(-18.224399556086,-2.45609975219713,-16.2336069591233));
#1364=CARTESIAN_POINT('',(-17.9224086212041,-4.19037752643482,-15.9359635626493));
#1365=CARTESIAN_POINT('',(-16.661810583939,-4.64495606202842,-14.7562345862097));
#1366=CARTESIAN_POINT('',(-17.0671044000105,-2.45972957784602,-17.477469471311));
#1367=CARTESIAN_POINT('',(-16.7949360099086,-4.17320754257954,-17.1624649255276));
#1368=CARTESIAN_POINT('',(-15.6308011561027,-4.64495606201211,-15.9203854878426));
#1369=CARTESIAN_POINT('',(-14.4667285910138,-2.46791441460527,-19.7486376256995));
#1370=CARTESIAN_POINT('',(-14.2540776379947,-4.14340721039425,-19.4082885638724));
#1371=CARTESIAN_POINT('',(-13.2917392653364,-4.64495606203599,-18.0567491829322));
#1372=CARTESIAN_POINT('',(-10.036189471417,-2.47949861144806,-22.2485131760938));
#1373=CARTESIAN_POINT('',(-9.89783764007278,-4.11309921399835,-21.8915902737392));
#1374=CARTESIAN_POINT('',(-9.25326088204203,-4.64495606202637,-20.4249880585969));
#1375=CARTESIAN_POINT('',(-5.91997023708036,-2.48652560061879,-23.5604406774416));
#1376=CARTESIAN_POINT('',(-5.83875927881338,-4.0981126581834,-23.1972653428899));
#1377=CARTESIAN_POINT('',(-5.46784931427448,-4.6449560620286,-21.6746518210117));
#1378=CARTESIAN_POINT('',(-2.57855187709936,-2.48941570025612,-24.0795313453227));
#1379=CARTESIAN_POINT('',(-2.54318394561485,-4.09229672612968,-23.7133895594828));
#1380=CARTESIAN_POINT('',(-2.38328868798404,-4.64495606202851,-22.1702681752941));
#1381=CARTESIAN_POINT('',(2.5542020028921,-2.49098075497555,-24.3494913785743));
#1382=CARTESIAN_POINT('',(2.51792783610499,-4.08932885090879,-23.9822001468772));
#1383=CARTESIAN_POINT('',(2.36147268788032,-4.64495606202733,-22.4283514960084));
#1384=CARTESIAN_POINT('',(8.52564943693888,-2.48350114320091,-23.1050306999248));
#1385=CARTESIAN_POINT('',(8.42324593643846,-4.10281385398773,-22.737084395239));
#1386=CARTESIAN_POINT('',(7.87166714686032,-4.64495606204355,-21.2393317524761));
#1387=CARTESIAN_POINT('',(14.5186362292566,-2.46775707617322,-19.7121289808289));
#1388=CARTESIAN_POINT('',(14.3049588614564,-4.14386216885667,-19.3720011754168));
#1389=CARTESIAN_POINT('',(13.3387438982246,-4.64495606200279,-18.0222767351701));
#1390=CARTESIAN_POINT('',(17.0669054048346,-2.45973020198886,-17.4776833514771));
#1391=CARTESIAN_POINT('',(16.7947426494562,-4.17320459795991,-17.1626752688572));
#1392=CARTESIAN_POINT('',(15.6306236392741,-4.64495606208494,-15.9205859282464));
#1393=CARTESIAN_POINT('',(18.224399556086,-2.45609975219713,-16.2336069591233));
#1394=CARTESIAN_POINT('',(17.9224086212041,-4.19037752643482,-15.9359635626494));
#1395=CARTESIAN_POINT('',(16.661810583939,-4.64495606202842,-14.7562345862097));
#1396=CARTESIAN_POINT('',(-8.05826770007193,-4.64495606202842,-20.7467277605962));
#1397=CARTESIAN_POINT('',(-8.52503113552141,-4.56790142427416,-20.8097183967478));
#1398=CARTESIAN_POINT('',(-9.48835267694318,-4.44018422489833,-20.6666246093397));
#1399=CARTESIAN_POINT('',(-10.2334272439979,-4.57105818517091,-20.0252744061855));
#1400=CARTESIAN_POINT('',(-10.4900666277026,-4.64495606202842,-19.6295922842191));
#1401=CARTESIAN_POINT('',(-16.0897814356218,-1.74389908049109,-14.249627200404));
#1402=CARTESIAN_POINT('',(-18.2155734287065,-2.50495606202842,-16.2249248167118));
#1403=CARTESIAN_POINT('',(-18.2155734287065,-2.50495606202842,-16.2249248167118));
#1404=CARTESIAN_POINT('',(-17.045997224856,-2.50495606202842,-17.4836089303974));
#1405=CARTESIAN_POINT('',(-14.4703564771273,-2.50495606202842,-19.7375572222357));
#1406=CARTESIAN_POINT('',(-10.7250912288227,-2.50495606202842,-21.8453901932649));
#1407=CARTESIAN_POINT('',(-7.55827141384107,-2.50495606202842,-23.03569578538));
#1408=CARTESIAN_POINT('',(-4.22627632820568,-2.50495606202842,-23.9091510431006));
#1409=CARTESIAN_POINT('',(-0.015041568422256,-2.50495606202842,-24.3416543925233));
#1410=CARTESIAN_POINT('',(5.13400078125222,-2.50495606202842,-23.8099272980523));
#1411=CARTESIAN_POINT('',(9.17245482490132,-2.50495606202842,-22.5228831398533));
#1412=CARTESIAN_POINT('',(12.252024453576,-2.50495606202842,-20.9879147378282));
#1413=CARTESIAN_POINT('',(15.1076077504343,-2.50495606202842,-19.1751425374295));
#1414=CARTESIAN_POINT('',(17.0459991922352,-2.50495606202842,-17.4836068131271));
#1415=CARTESIAN_POINT('',(18.2155734287064,-2.50495606202842,-16.2249248167118));
#1416=CARTESIAN_POINT('',(18.2155734287065,-2.50495606202842,-16.2249248167118));
#1417=CARTESIAN_POINT('',(16.0897814356217,-1.74389908049178,-14.249627200404));
#1418=CARTESIAN_POINT('',(10.5030739491855,-4.64495606202842,-19.6226356210438));
#1419=CARTESIAN_POINT('',(10.2456510079981,-4.5677414999152,-20.0307290148017));
#1420=CARTESIAN_POINT('',(9.49521046233075,-4.42801855194727,-20.6885870078363));
#1421=CARTESIAN_POINT('',(8.49688671856096,-4.56433692515134,-20.8325937119106));
#1422=CARTESIAN_POINT('',(8.02006382182029,-4.64495606202842,-20.7615261335058));
#1423=CARTESIAN_POINT('',(0.,-0.0049560620284197,-14.9039966123624));
#1424=CARTESIAN_POINT('',(15.5,-0.0049560620284197,15.2543367209709));
#1425=CARTESIAN_POINT('',(15.5,-2.50495606202842,15.2543367209709));
#1426=CARTESIAN_POINT('',(-15.4999999999999,-0.0049560620284197,15.254336720971));
#1427=CARTESIAN_POINT('',(-15.4999999999999,-2.50495606202842,15.254336720971));
#1428=CARTESIAN_POINT('',(0.,-2.50495606202842,-14.9039966123624));
#1429=CARTESIAN_POINT('',(-15.4999999999999,-0.0049560620284197,15.254336720971));
#1430=CARTESIAN_POINT('',(-15.4999999999999,-2.50495606202842,15.254336720971));
#1431=CARTESIAN_POINT('',(-21.5,-0.0049560620284197,5.75433672097092));
#1432=CARTESIAN_POINT('',(-21.5,-2.50495606202842,5.75433672097092));
#1433=CARTESIAN_POINT('',(21.5,-2.50495606202842,5.75433672097092));
#1434=CARTESIAN_POINT('',(21.5,-0.0049560620284197,5.75433672097092));
#1435=CARTESIAN_POINT('',(21.5,-0.0049560620284197,5.75433672097092));
#1436=CARTESIAN_POINT('',(21.5,-2.50495606202842,5.75433672097092));
#1437=CARTESIAN_POINT('',(-20.4501804808679,-2.50495606202842,-9.88946081958248));
#1438=CARTESIAN_POINT('',(-23.7596786100152,-2.50495606202842,8.11635156664841));
#1439=CARTESIAN_POINT('',(-24.1298108598413,-2.50495606202842,6.92207458664228));
#1440=CARTESIAN_POINT('',(-24.625075948789,-2.50495606202842,4.50507176345201));
#1441=CARTESIAN_POINT('',(-24.6552481896568,-2.50495606202842,0.742175972132588));
#1442=CARTESIAN_POINT('',(-23.9834413385852,-2.50495606202842,-2.90383515582412));
#1443=CARTESIAN_POINT('',(-23.0787529966391,-2.50495606202842,-5.24862967762331));
#1444=CARTESIAN_POINT('',(-22.5083727924917,-2.50495606202842,-6.36112082574306));
#1445=CARTESIAN_POINT('',(-23.7596786100152,-2.50495606202842,8.11635156664841));
#1446=CARTESIAN_POINT('',(-22.5083727924915,-2.50495606202842,-6.361120825743));
#1447=CARTESIAN_POINT('',(-23.5221401561092,-2.50495606202842,8.84317678287398));
#1448=CARTESIAN_POINT('',(-23.6050364666029,-2.50495606202842,8.60211643071786));
#1449=CARTESIAN_POINT('',(-23.6842158689011,-2.50495606202842,8.35984133173356));
#1450=CARTESIAN_POINT('',(-23.7596786100152,-2.50495606202842,8.11635156664841));
#1451=CARTESIAN_POINT('',(23.7769913075828,-2.50495606202842,8.06025649415317));
#1452=CARTESIAN_POINT('',(23.6963519196087,-2.50495606202842,8.3226332112291));
#1453=CARTESIAN_POINT('',(23.6114016382809,-2.50495606202842,8.58360667416676));
#1454=CARTESIAN_POINT('',(23.5221401561092,-2.50495606202842,8.84317678287398));
#1455=CARTESIAN_POINT('',(23.7769913075828,-2.50495606202842,8.06025649415317));
#1456=CARTESIAN_POINT('',(22.5131047391984,-2.50495606202842,-6.37248502486128));
#1457=CARTESIAN_POINT('',(23.0816943565786,-2.50495606202842,-5.26272677252859));
#1458=CARTESIAN_POINT('',(23.9719462802373,-2.50495606202842,-2.96994584479936));
#1459=CARTESIAN_POINT('',(24.6573580468357,-2.50495606202842,0.717096076886541));
#1460=CARTESIAN_POINT('',(24.6362698145024,-2.50495606202842,4.4118078788074));
#1461=CARTESIAN_POINT('',(24.1431127177333,-2.50495606202842,6.86900571634063));
#1462=CARTESIAN_POINT('',(23.7769913075829,-2.50495606202842,8.06025649415318));
#1463=CARTESIAN_POINT('',(22.5131047391984,-2.50495606202842,-6.37248502486127));
#1464=CARTESIAN_POINT('',(21.7520058653381,-2.50495606202893,-7.728983758321));
#1465=CARTESIAN_POINT('',(22.0201809081667,-2.50495606202893,-7.28493932347966));
#1466=CARTESIAN_POINT('',(22.2765163675662,-2.50495606202842,-6.83425198260928));
#1467=CARTESIAN_POINT('',(22.5131047391984,-2.50495606202842,-6.37248502486127));
#1468=CARTESIAN_POINT('',(21.7520058653381,-2.50495606202842,-7.728983758321));
#1469=CARTESIAN_POINT('',(22.5016958811153,-2.50495606202842,-6.42156201711688));
#1470=CARTESIAN_POINT('',(22.1844551830042,-2.50495606202842,-7.01664763352324));
#1471=CARTESIAN_POINT('',(21.8367964073531,-2.50495606202842,-7.59374555609482));
#1472=CARTESIAN_POINT('',(21.1320855011646,-2.50495606202842,-8.74238665204149));
#1473=CARTESIAN_POINT('',(20.7756943691201,-2.50495606202842,-9.31495373195038));
#1474=CARTESIAN_POINT('',(20.2916384077037,-2.50495606202842,-10.1994834886443));
#1475=CARTESIAN_POINT('',(20.1387596248768,-2.50495606202842,-10.4986277944236));
#1476=CARTESIAN_POINT('',(19.8601218324131,-2.50495606202842,-11.1106825790151));
#1477=CARTESIAN_POINT('',(19.7337626026207,-2.50495606202842,-11.4253429116503));
#1478=CARTESIAN_POINT('',(19.4171715753453,-2.50495606202842,-12.3849894402144));
#1479=CARTESIAN_POINT('',(19.2880766479031,-2.50495606202842,-13.0403219853929));
#1480=CARTESIAN_POINT('',(19.2912259949067,-2.50495606202842,-13.7207723898664));
#1481=CARTESIAN_POINT('',(19.4926886482066,-2.50495606202842,-12.202697290329));
#1482=CARTESIAN_POINT('',(19.2036500370291,-2.50495606202842,-13.8736775143254));
#1483=CARTESIAN_POINT('',(19.230808862027,-2.50495606202842,-13.3047163860799));
#1484=CARTESIAN_POINT('',(19.349142929121,-2.50495606202842,-12.7515263393654));
#1485=CARTESIAN_POINT('',(19.4926886482066,-2.50495606202842,-12.202697290329));
#1486=CARTESIAN_POINT('',(19.2036500370291,-2.50495606202842,-13.8736775143254));
#1487=CARTESIAN_POINT('',(18.2155734287065,-2.50495606202842,-16.2249248167118));
#1488=CARTESIAN_POINT('',(18.8124554744511,-2.50495606202842,-15.5825674001966));
#1489=CARTESIAN_POINT('',(19.1618440271208,-2.50495606202842,-14.7494883996165));
#1490=CARTESIAN_POINT('',(19.2036500370291,-2.50495606202842,-13.8736775143254));
#1491=CARTESIAN_POINT('',(-19.2040157903628,-2.50495606202842,-13.8658420897383));
#1492=CARTESIAN_POINT('',(-19.1639298634938,-2.50495606202842,-14.7444386018059));
#1493=CARTESIAN_POINT('',(-18.814293278645,-2.50495606202842,-15.5805895770025));
#1494=CARTESIAN_POINT('',(-18.2155734287066,-2.50495606202842,-16.2249248167117));
#1495=CARTESIAN_POINT('',(-19.2040157903628,-2.50495606202842,-13.8658420897383));
#1496=CARTESIAN_POINT('',(-19.4865303450743,-2.50495606202843,-12.205596658498));
#1497=CARTESIAN_POINT('',(-19.3457936944873,-2.50495606202843,-12.7510880776049));
#1498=CARTESIAN_POINT('',(-19.2297963017347,-2.50495606202842,-13.3007892359958));
#1499=CARTESIAN_POINT('',(-19.2040157903611,-2.50495606202842,-13.8658420897378));
#1500=CARTESIAN_POINT('',(-19.4865303450746,-2.50495606202842,-12.2055966584968));
#1501=CARTESIAN_POINT('',(-19.2911766745321,-2.50495606202842,-13.7122222813305));
#1502=CARTESIAN_POINT('',(-19.2864551871884,-2.50495606202842,-13.0287878187615));
#1503=CARTESIAN_POINT('',(-19.4151559562052,-2.50495606202842,-12.3731300533007));
#1504=CARTESIAN_POINT('',(-19.7299478115513,-2.50495606202842,-11.4149881616177));
#1505=CARTESIAN_POINT('',(-19.8564723512492,-2.50495606202842,-11.0987931194684));
#1506=CARTESIAN_POINT('',(-20.135721896127,-2.50495606202842,-10.4843130770066));
#1507=CARTESIAN_POINT('',(-20.2887900322538,-2.50495606202842,-10.1845672519729));
#1508=CARTESIAN_POINT('',(-20.7729613780961,-2.50495606202842,-9.29924795480158));
#1509=CARTESIAN_POINT('',(-21.1288141063411,-2.50495606202842,-8.72747145728656));
#1510=CARTESIAN_POINT('',(-21.8329124085013,-2.50495606202842,-7.5796777448013));
#1511=CARTESIAN_POINT('',(-22.1802053864553,-2.50495606202842,-7.00312949152866));
#1512=CARTESIAN_POINT('',(-22.4967625816169,-2.50495606202842,-6.40944713462937));
#1513=CARTESIAN_POINT('',(-21.7672036182478,-2.50495606202842,-7.68332222611853));
#1514=CARTESIAN_POINT('',(-22.5083727924916,-2.50495606202842,-6.36112082574298));
#1515=CARTESIAN_POINT('',(-22.2776980919362,-2.50495606202842,-6.81103749640769));
#1516=CARTESIAN_POINT('',(-22.0282093000339,-2.50495606202842,-7.25040779755277));
#1517=CARTESIAN_POINT('',(-21.7672036182478,-2.50495606202842,-7.68332222611853));
#1518=CARTESIAN_POINT('',(1.5,-2.50495606202842,6.95433672097092));
#1519=CARTESIAN_POINT('',(1.5,-2.50495606202842,5.95433672097092));
#1520=CARTESIAN_POINT('',(0.499999999999997,-2.50495606202842,5.95433672097092));
#1521=CARTESIAN_POINT('',(9.5,-2.50495606202842,5.95433672097092));
#1522=CARTESIAN_POINT('',(9.5,-2.50495606202842,6.95433672097092));
#1523=CARTESIAN_POINT('',(15.7242824812657,-2.50495606202842,-13.0893495734415));
#1524=CARTESIAN_POINT('',(15.7242824812657,-2.50495606202842,-13.0893495734415));
#1525=CARTESIAN_POINT('',(21.5,-2.50495606202842,4.75433672097092));
#1526=CARTESIAN_POINT('',(21.5,-2.50495606202842,4.75433672097092));
#1527=CARTESIAN_POINT('',(-21.5,-2.50495606202842,4.75433672097092));
#1528=CARTESIAN_POINT('',(-21.5,-2.50495606202842,4.75433672097092));
#1529=CARTESIAN_POINT('',(-15.7239905692996,-2.50495606202842,-13.0550256903552));
#1530=CARTESIAN_POINT('',(-14.7727677503509,-2.50495606202842,-12.7465209923178));
#1531=CARTESIAN_POINT('',(-14.7739481288868,-2.50495606202842,-13.7465202956708));
#1532=CARTESIAN_POINT('',(-14.7739481288868,-2.50495606202842,-13.7465202956708));
#1533=CARTESIAN_POINT('',(14.7717006956203,-2.50495606202842,-13.7813953696702));
#1534=CARTESIAN_POINT('',(14.7728810741562,-2.50495606202842,-12.7813960663172));
#1535=CARTESIAN_POINT('',(8.38860285267532,-2.50495606202842,-18.2888395414088));
#1536=CARTESIAN_POINT('',(7.15860285267532,-2.50495606202842,-18.2888395414088));
#1537=CARTESIAN_POINT('',(-8.39261672707077,-2.50495606202842,-18.2691864938979));
#1538=CARTESIAN_POINT('',(-9.62261672707077,-2.50495606202842,-18.2691864938979));
#1539=CARTESIAN_POINT('',(-1.73472347597681E-15,-2.50495606202842,22.2567381055337));
#1540=CARTESIAN_POINT('',(-1.23,-2.50495606202842,22.2567381055337));
#1541=CARTESIAN_POINT('',(-14.7739481288868,-0.0049560620284197,-13.7465202956708));
#1542=CARTESIAN_POINT('',(-14.7739481288868,-0.0049560620284197,-13.7465202956708));
#1543=CARTESIAN_POINT('',(-14.7739481288868,-2.5,-13.7465202956708));
#1544=CARTESIAN_POINT('',(-14.7739481288868,-2.5,-13.7465202956708));
#1545=CARTESIAN_POINT('',(14.7717006956203,-2.5,-13.7813953696702));
#1546=CARTESIAN_POINT('',(14.7717006956203,-0.0049560620284197,-13.7813953696702));
#1547=CARTESIAN_POINT('',(21.5,-0.0049560620284197,4.75433672097092));
#1548=CARTESIAN_POINT('',(21.5,-0.0049560620284197,4.75433672097092));
#1549=CARTESIAN_POINT('',(21.5,-2.5,4.75433672097092));
#1550=CARTESIAN_POINT('',(21.5,-2.5,4.75433672097092));
#1551=CARTESIAN_POINT('',(-21.5,-2.5,4.75433672097092));
#1552=CARTESIAN_POINT('',(-21.5,-0.0049560620284197,4.75433672097092));
#1553=CARTESIAN_POINT('',(15.7242824812657,-0.0049560620284197,-13.0893495734415));
#1554=CARTESIAN_POINT('',(15.7242824812657,-0.0049560620284197,-13.0893495734415));
#1555=CARTESIAN_POINT('',(15.7242824812657,-2.5,-13.0893495734415));
#1556=CARTESIAN_POINT('',(15.7242824812657,-2.5,-13.0893495734415));
#1557=CARTESIAN_POINT('',(-21.5,-0.0049560620284197,4.75433672097092));
#1558=CARTESIAN_POINT('',(-21.5,-2.5,4.75433672097092));
#1559=CARTESIAN_POINT('',(-15.7239905692996,-2.5,-13.0550256903552));
#1560=CARTESIAN_POINT('',(-15.7239905692996,-0.0049560620284197,-13.0550256903552));
#1561=CARTESIAN_POINT('',(14.7728810741562,-0.0049560620284197,-12.7813960663172));
#1562=CARTESIAN_POINT('',(14.7728810741562,-2.5,-12.7813960663172));
#1563=CARTESIAN_POINT('',(-14.7727677503509,-0.0049560620284197,-12.7465209923178));
#1564=CARTESIAN_POINT('',(-14.7727677503509,-2.5,-12.7465209923178));
#1565=CARTESIAN_POINT('',(0.,-5.,0.));
#1566=CARTESIAN_POINT('',(0.499999999999999,-5.,11.5543367209709));
#1567=CARTESIAN_POINT('',(9.5,-5.,11.5543367209709));
#1568=CARTESIAN_POINT('',(1.5,-5.,11.5543367209709));
#1569=CARTESIAN_POINT('',(9.5,-5.,10.5543367209709));
#1570=CARTESIAN_POINT('',(9.5,-5.,6.95433672097092));
#1571=CARTESIAN_POINT('',(9.5,-5.,5.95433672097092));
#1572=CARTESIAN_POINT('',(10.5,-5.,5.95433672097092));
#1573=CARTESIAN_POINT('',(1.5,-5.,5.95433672097092));
#1574=CARTESIAN_POINT('',(1.5,-5.,6.95433672097092));
#1575=CARTESIAN_POINT('',(1.5,-5.,10.5543367209709));
#1576=CARTESIAN_POINT('',(-1.73472347597681E-15,-5.,22.2567381055337));
#1577=CARTESIAN_POINT('',(-8.39261672707077,-5.,-18.2691864938979));
#1578=CARTESIAN_POINT('',(8.38860285267532,-5.,-18.2888395414088));
#1579=CARTESIAN_POINT('',(0.,-4.64495606202842,0.754336720970923));
#1580=CARTESIAN_POINT('',(-1.73472347597681E-15,-4.64495606202842,22.2567381055337));
#1581=CARTESIAN_POINT('',(0.,-4.64495606202842,0.754336720970923));
#1582=CARTESIAN_POINT('',(-1.73472347597681E-15,-4.64495606202842,22.2567381055337));
#1583=CARTESIAN_POINT('',(18.2271343835993,-2.44020137499479,-16.2363041974122));
#1584=CARTESIAN_POINT('',(17.9302406151217,-4.18755326666238,-15.9432931236155));
#1585=CARTESIAN_POINT('',(16.661810583939,-4.64495606202842,-14.7562345862097));
#1586=CARTESIAN_POINT('',(18.8269014789546,-2.43923731296983,-15.5913867509366));
#1587=CARTESIAN_POINT('',(18.3796277585981,-4.18739066331279,-15.4552409906068));
#1588=CARTESIAN_POINT('',(16.7916724007758,-4.64495606187563,-14.6096028036457));
#1589=CARTESIAN_POINT('',(19.1776547712864,-2.44986807213108,-14.7177307516564));
#1590=CARTESIAN_POINT('',(18.6724836708672,-4.18272810534807,-14.8270767952028));
#1591=CARTESIAN_POINT('',(16.9206894361668,-4.64495606052134,-14.4594150412853));
#1592=CARTESIAN_POINT('',(19.2083425175914,-2.48612905546277,-13.8695899207396));
#1593=CARTESIAN_POINT('',(18.7832701123922,-4.21644580524334,-14.2452360325772));
#1594=CARTESIAN_POINT('',(17.01634417321,-4.64495606202842,-14.3459549029396));
#1595=CARTESIAN_POINT('',(16.2912581265072,-1.79880684414259,-13.7346572222588));
#1596=CARTESIAN_POINT('',(21.5802162418143,-4.64495606202842,-5.44579269297382));
#1597=CARTESIAN_POINT('',(22.6293270331119,-3.76240493115584,-6.18214928347096));
#1598=CARTESIAN_POINT('',(22.5016958811153,-2.23003982733813,-6.42156201711688));
#1599=CARTESIAN_POINT('',(21.3719205922912,-4.64495606202764,-6.27121250095928));
#1600=CARTESIAN_POINT('',(22.21459636802,-3.75531970875202,-6.98807457639458));
#1601=CARTESIAN_POINT('',(22.0523730035979,-2.37289236621899,-7.26440968176078));
#1602=CARTESIAN_POINT('',(20.8668630687235,-4.6449560620319,-7.89165465888492));
#1603=CARTESIAN_POINT('',(21.3275493698486,-3.80768153709333,-8.4125887922483));
#1604=CARTESIAN_POINT('',(21.1432158909795,-2.76802252506883,-8.69831415954886));
#1605=CARTESIAN_POINT('',(19.9270441243974,-4.64495606201982,-9.98979420546745));
#1606=CARTESIAN_POINT('',(20.2474017345595,-3.95362733086589,-10.1987867316252));
#1607=CARTESIAN_POINT('',(20.2458897303414,-3.16563597485219,-10.2295554742061));
#1608=CARTESIAN_POINT('',(19.0199397164498,-4.64495606204321,-11.5839417895574));
#1609=CARTESIAN_POINT('',(19.6409404337891,-3.85871142830688,-11.6244418136693));
#1610=CARTESIAN_POINT('',(19.7393273391126,-2.89038645083316,-11.3878507425388));
#1611=CARTESIAN_POINT('',(18.3341416826608,-4.64495606197207,-12.6372930968436));
#1612=CARTESIAN_POINT('',(19.3562384596782,-3.77721856058345,-12.6305557352995));
#1613=CARTESIAN_POINT('',(19.4795397765816,-2.51839369950794,-12.1925846867452));
#1614=CARTESIAN_POINT('',(17.6546304416795,-4.64495606223901,-13.5675848949994));
#1615=CARTESIAN_POINT('',(19.2405580553037,-3.80416256148269,-13.5532481934787));
#1616=CARTESIAN_POINT('',(19.3244095456286,-2.11409561772643,-12.9599674178019));
#1617=CARTESIAN_POINT('',(17.2200945931222,-4.64495606157467,-14.1042779101));
#1618=CARTESIAN_POINT('',(19.2695697215858,-3.96877312204545,-14.0359795581429));
#1619=CARTESIAN_POINT('',(19.2900550425696,-1.88462613651916,-13.4677755017704));
#1620=CARTESIAN_POINT('',(17.01634417321,-4.64495606202842,-14.3459549029395));
#1621=CARTESIAN_POINT('',(19.2935187676289,-4.09270163610113,-14.2161506776005));
#1622=CARTESIAN_POINT('',(19.2912259949067,-1.79880684414274,-13.7207723898664));
#1623=CARTESIAN_POINT('',(21.7520058653382,-2.50495606202891,-7.72898375832091));
#1624=CARTESIAN_POINT('',(21.5331735238888,-2.59498086992579,-8.09132651161731));
#1625=CARTESIAN_POINT('',(21.0890884526349,-2.79430765317282,-8.80526583182877));
#1626=CARTESIAN_POINT('',(20.4376185737203,-3.08676434808003,-9.89956927946483));
#1627=CARTESIAN_POINT('',(19.8548903226774,-3.03634534629789,-11.0672445098974));
#1628=CARTESIAN_POINT('',(19.5904768122837,-2.68952392713801,-11.8288165125579));
#1629=CARTESIAN_POINT('',(19.4926886482065,-2.50495606202898,-12.2026972903293));
#1630=CARTESIAN_POINT('',(19.8543816407714,-2.23003982733812,-5.01027632213087));
#1631=CARTESIAN_POINT('',(21.0519151833329,-4.64495606202842,7.22352117821155));
#1632=CARTESIAN_POINT('',(23.5234035604122,-4.62472318450498,7.98290251510976));
#1633=CARTESIAN_POINT('',(23.8691818723415,-2.0645243796208,8.08846586418993));
#1634=CARTESIAN_POINT('',(21.7361043710603,-4.64495606202261,5.22955004176209));
#1635=CARTESIAN_POINT('',(24.2474818236629,-4.56688208228341,5.66983037011115));
#1636=CARTESIAN_POINT('',(24.6023972478232,-2.05997071339691,5.70464818236832));
#1637=CARTESIAN_POINT('',(22.3390018826628,-4.64495606201528,2.08300815785004));
#1638=CARTESIAN_POINT('',(24.6848345817566,-4.33369834868947,2.1171205937155));
#1639=CARTESIAN_POINT('',(24.987467848266,-2.03351805166653,1.9307366567164));
#1640=CARTESIAN_POINT('',(22.2258008352505,-4.64495606205225,-2.21606038371673));
#1641=CARTESIAN_POINT('',(23.8875574674392,-3.98026997627603,-2.71490726107836));
#1642=CARTESIAN_POINT('',(24.0335960789851,-2.15541998729943,-2.96953581443706));
#1643=CARTESIAN_POINT('',(21.8490700373918,-4.6449560619754,-4.38039719015212));
#1644=CARTESIAN_POINT('',(23.0418887965171,-3.86813520120761,-5.0136845790788));
#1645=CARTESIAN_POINT('',(23.0880928546213,-2.33856842141199,-5.28418414462421));
#1646=CARTESIAN_POINT('',(21.5802162418143,-4.64495606202842,-5.44579269297382));
#1647=CARTESIAN_POINT('',(22.5161400235598,-3.85762206561766,-6.10270486145782));
#1648=CARTESIAN_POINT('',(22.5130969723261,-2.49613913458823,-6.37424990854548));
#1649=CARTESIAN_POINT('',(21.0296986494358,-1.64504801119987,7.21589804265762));
#1650=CARTESIAN_POINT('',(23.7842623910664,-2.47911710831205,8.0624837350342));
#1651=CARTESIAN_POINT('',(23.1897241739677,-4.62745485592234,7.88037729147387));
#1652=CARTESIAN_POINT('',(21.0519151833329,-4.64495606202842,7.22352117821154));
#1653=CARTESIAN_POINT('',(23.7034194962044,-2.48026193235203,8.32439702579746));
#1654=CARTESIAN_POINT('',(23.108663378768,-4.63327671677266,8.13504950489922));
#1655=CARTESIAN_POINT('',(20.9732186520509,-4.64495606202814,7.45287091799998));
#1656=CARTESIAN_POINT('',(23.6181373263902,-2.48143142763335,8.58534471169128));
#1657=CARTESIAN_POINT('',(23.0233514104257,-4.63911072856486,8.38853900043588));
#1658=CARTESIAN_POINT('',(20.8906795222912,-4.64495606202842,7.68121401205532));
#1659=CARTESIAN_POINT('',(23.5283698483895,-2.48262486562332,8.84531906177188));
#1660=CARTESIAN_POINT('',(22.9337638108592,-4.64495606202842,8.64084476200559));
#1661=CARTESIAN_POINT('',(20.8042609513332,-4.64495606202842,7.9085471084863));
#1662=CARTESIAN_POINT('',(-19.2086991844558,-2.48612369219939,-13.861726750661));
#1663=CARTESIAN_POINT('',(-18.7845241667596,-4.21670050070948,-14.2398578010957));
#1664=CARTESIAN_POINT('',(-17.0172201158116,-4.64495606202842,-14.3449158459829));
#1665=CARTESIAN_POINT('',(-19.1800468723882,-2.44995324488095,-14.7037794282144));
#1666=CARTESIAN_POINT('',(-18.6754904913116,-4.18295431331828,-14.8174358496264));
#1667=CARTESIAN_POINT('',(-16.9224359655788,-4.64495606027618,-14.4573572769545));
#1668=CARTESIAN_POINT('',(-18.8310645051744,-2.43888710245652,-15.5870315737603));
#1669=CARTESIAN_POINT('',(-18.3828932860587,-4.18732845394382,-15.4520376014206));
#1670=CARTESIAN_POINT('',(-16.7925547055541,-4.64495606219836,-14.6086065588192));
#1671=CARTESIAN_POINT('',(-18.2271927341185,-2.43985786423732,-16.2363617856936));
#1672=CARTESIAN_POINT('',(-17.9304100066248,-4.18749218316091,-15.9434516484285));
#1673=CARTESIAN_POINT('',(-16.6618105839386,-4.64495606202842,-14.7562345862102));
#1674=CARTESIAN_POINT('',(-16.2912482624323,-1.79917686379286,-13.7329472005517));
#1675=CARTESIAN_POINT('',(-22.4967625816169,-2.23572210958037,-6.40944713462937));
#1676=CARTESIAN_POINT('',(-22.6250866077823,-3.7621583201085,-6.16878379964565));
#1677=CARTESIAN_POINT('',(-21.5830829058496,-4.64495606202842,-5.43442024300101));
#1678=CARTESIAN_POINT('',(-22.0467044701028,-2.38006637652374,-7.2535017461472));
#1679=CARTESIAN_POINT('',(-22.2098257637333,-3.7558660424356,-6.97576179459813));
#1680=CARTESIAN_POINT('',(-21.3749143279086,-4.6449560620288,-6.26117258735052));
#1681=CARTESIAN_POINT('',(-21.1369901921039,-2.77958261758783,-8.68776665500858));
#1682=CARTESIAN_POINT('',(-21.3219535428495,-3.8107048555149,-8.40094365166704));
#1683=CARTESIAN_POINT('',(-20.8699849093574,-4.64495606203131,-7.88381216378152));
#1684=CARTESIAN_POINT('',(-20.2401447143776,-3.18276989501993,-10.2198258734375));
#1685=CARTESIAN_POINT('',(-20.2410593730186,-3.9601906562885,-10.1898013701014));
#1686=CARTESIAN_POINT('',(-19.9291004886767,-4.64495606201999,-9.98603963889575));
#1687=CARTESIAN_POINT('',(-19.7346920102412,-2.90064523512644,-11.3794906087763));
#1688=CARTESIAN_POINT('',(-19.6357576685162,-3.8619570546907,-11.6183820739592));
#1689=CARTESIAN_POINT('',(-19.0203068532762,-4.64495606204302,-11.5833670473469));
#1690=CARTESIAN_POINT('',(-19.476371104143,-2.52416939110307,-12.183709338063));
#1691=CARTESIAN_POINT('',(-19.3529995999332,-3.77816493120088,-12.6245661311077));
#1692=CARTESIAN_POINT('',(-18.3348410980595,-4.64495606197262,-12.6362961621139));
#1693=CARTESIAN_POINT('',(-19.3225627859526,-2.11588506397927,-12.9518469325971));
#1694=CARTESIAN_POINT('',(-19.239551466287,-3.80417396529249,-13.5486252589981));
#1695=CARTESIAN_POINT('',(-17.6543508499046,-4.64495606223701,-13.5679543129165));
#1696=CARTESIAN_POINT('',(-19.2894272456682,-1.88539682909818,-13.4589927609769));
#1697=CARTESIAN_POINT('',(-19.2701558500762,-3.96895840638656,-14.0298379733414));
#1698=CARTESIAN_POINT('',(-17.220735104462,-4.64495606157886,-14.1034881955229));
#1699=CARTESIAN_POINT('',(-19.2911766745321,-1.79917686379287,-13.7122222813305));
#1700=CARTESIAN_POINT('',(-19.2946123480581,-4.0930952273062,-14.209535419942));
#1701=CARTESIAN_POINT('',(-17.0172201158116,-4.64495606202842,-14.3449158459829));
#1702=CARTESIAN_POINT('',(-19.4865303450746,-2.50495606202895,-12.205596658497));
#1703=CARTESIAN_POINT('',(-19.5837337458336,-2.69326528454873,-11.8288389283613));
#1704=CARTESIAN_POINT('',(-19.8470003167273,-3.04926672459511,-11.0639264488523));
#1705=CARTESIAN_POINT('',(-20.4366423361277,-3.10304053074039,-9.87999599594487));
#1706=CARTESIAN_POINT('',(-21.0965958832421,-2.79948018073186,-8.77282216660594));
#1707=CARTESIAN_POINT('',(-21.5459357787129,-2.59646317133575,-8.05032588541334));
#1708=CARTESIAN_POINT('',(-21.7672036182478,-2.50495606202841,-7.68332222611853));
#1709=CARTESIAN_POINT('',(-19.8495678818474,-2.23572210958037,-4.99793722622909));
#1710=CARTESIAN_POINT('',(-23.8528329860306,-2.05681177056346,8.14510442188861));
#1711=CARTESIAN_POINT('',(-23.5125751087846,-4.62611360481688,8.040310975642));
#1712=CARTESIAN_POINT('',(-21.0349932539757,-4.64495606202842,7.27265081682817));
#1713=CARTESIAN_POINT('',(-24.5939102203197,-2.05231006355431,5.75571558684744));
#1714=CARTESIAN_POINT('',(-24.2443062785054,-4.56793283230281,5.72124273599768));
#1715=CARTESIAN_POINT('',(-21.7258361806521,-4.64495606202295,5.27449682161482));
#1716=CARTESIAN_POINT('',(-24.9868076894573,-2.02588373151566,1.96909404370666));
#1717=CARTESIAN_POINT('',(-24.6889253809151,-4.33270574162776,2.15704373853645));
#1718=CARTESIAN_POINT('',(-22.3367606170268,-4.64495606201684,2.11881337849905));
#1719=CARTESIAN_POINT('',(-24.0335878703505,-2.15003739525275,-2.94735700403666));
#1720=CARTESIAN_POINT('',(-23.8915521863912,-3.97714860193568,-2.69204111868042));
#1721=CARTESIAN_POINT('',(-22.2285278964269,-4.64495606204954,-2.19372786412521));
#1722=CARTESIAN_POINT('',(-23.0852280476143,-2.33600784070965,-5.26973681579321));
#1723=CARTESIAN_POINT('',(-23.0426484681966,-3.86519006242239,-4.99883009703549));
#1724=CARTESIAN_POINT('',(-21.8522023250569,-4.64495606198141,-4.36559845977636));
#1725=CARTESIAN_POINT('',(-22.5083429165939,-2.49608948699496,-6.36290028191474));
#1726=CARTESIAN_POINT('',(-22.5147752558684,-3.85561538959595,-6.09104066247686));
#1727=CARTESIAN_POINT('',(-21.5830829058496,-4.64495606202842,-5.43442024300101));
#1728=CARTESIAN_POINT('',(-21.0143858823923,-1.64503530084237,7.26552601217672));
#1729=CARTESIAN_POINT('',(-21.0349932539757,-4.64495606202842,7.27265081682817));
#1730=CARTESIAN_POINT('',(-23.1722924502594,-4.62870151585628,7.93487694561065));
#1731=CARTESIAN_POINT('',(-23.7668718859001,-2.47937925599981,8.11857405595005));
#1732=CARTESIAN_POINT('',(-20.9614077350825,-4.64495606202816,7.48548530225535));
#1733=CARTESIAN_POINT('',(-23.0964526064131,-4.63410949193362,8.17121836104742));
#1734=CARTESIAN_POINT('',(-23.691212583979,-2.48044562426697,8.36165702550773));
#1735=CARTESIAN_POINT('',(-20.8845069333892,-4.64495606202842,7.69745165325442));
#1736=CARTESIAN_POINT('',(-23.0169454733892,-4.63952789596307,8.40653980044766));
#1737=CARTESIAN_POINT('',(-23.611722819549,-2.48153322132497,8.60390693005797));
#1738=CARTESIAN_POINT('',(-20.8042609513332,-4.64495606202842,7.90854710848631));
#1739=CARTESIAN_POINT('',(-22.9337510328136,-4.64495606202842,8.64084036786604));
#1740=CARTESIAN_POINT('',(-23.528365284165,-2.48264146360309,8.84531749221734));
#1741=CARTESIAN_POINT('',(19.4851552880706,-3.07584024313574,-12.2317533691257));
#1742=CARTESIAN_POINT('',(19.4851552880706,-2.50495606202842,-12.2317533691257));
#1743=CARTESIAN_POINT('',(19.6951481909472,-3.07584024313574,-11.4146162225536));
#1744=CARTESIAN_POINT('',(19.6951481909472,-2.50495606202842,-11.4146162225536));
#1745=CARTESIAN_POINT('',(20.4108366903389,-3.07584024313574,-9.85589923919168));
#1746=CARTESIAN_POINT('',(20.4108366903389,-2.50495606202842,-9.85589923919168));
#1747=CARTESIAN_POINT('',(21.3289790324213,-3.07584024313574,-8.43038292389101));
#1748=CARTESIAN_POINT('',(21.3289790324213,-2.50495606202842,-8.43038292389101));
#1749=CARTESIAN_POINT('',(21.7676173043305,-3.07584024313574,-7.70311720260487));
#1750=CARTESIAN_POINT('',(21.7676173043305,-2.50495606202842,-7.70311720260487));
#1751=CARTESIAN_POINT('',(-21.7829395648393,-3.07317749966873,-7.65720381054748));
#1752=CARTESIAN_POINT('',(-21.7829395648393,-2.50495606202842,-7.65720381054748));
#1753=CARTESIAN_POINT('',(-21.34081733459,-3.07317749966873,-8.39155121903516));
#1754=CARTESIAN_POINT('',(-21.34081733459,-2.50495606202842,-8.39155121903516));
#1755=CARTESIAN_POINT('',(-20.4133672698039,-3.07317749966873,-9.82824143110051));
#1756=CARTESIAN_POINT('',(-20.4133672698039,-2.50495606202842,-9.82824143110051));
#1757=CARTESIAN_POINT('',(-19.6882008275826,-3.07317749966873,-11.4093736349649));
#1758=CARTESIAN_POINT('',(-19.6882008275826,-2.50495606202842,-11.4093736349649));
#1759=CARTESIAN_POINT('',(-19.4790246829001,-3.07317749966873,-12.2349515745344));
#1760=CARTESIAN_POINT('',(-19.4790246829001,-2.50495606202842,-12.2349515745344));
#1761=CARTESIAN_POINT('',(14.7728810741562,-2.5,-12.7813960663172));
#1762=CARTESIAN_POINT('',(8.38860285267532,-22.8550643942249,-18.2888395414088));
#1763=CARTESIAN_POINT('',(8.38860285267532,-3.50495606202842,-18.2888395414088));
#1764=CARTESIAN_POINT('',(10.8886028526753,-3.50495606202842,-18.2888395414088));
#1765=CARTESIAN_POINT('',(-8.39261672707077,-55.7700362833189,-18.2691864938979));
#1766=CARTESIAN_POINT('',(-8.39261672707077,-3.50495606202842,-18.2691864938979));
#1767=CARTESIAN_POINT('',(-5.89261672707077,-3.50495606202842,-18.2691864938979));
#1768=CARTESIAN_POINT('',(-1.73472347597681E-15,-122.005528201514,22.2567381055337));
#1769=CARTESIAN_POINT('',(-1.73472347597681E-15,-3.50495606202841,22.2567381055337));
#1770=CARTESIAN_POINT('',(2.5,-3.50495606202841,22.2567381055337));
#1771=CARTESIAN_POINT('',(8.38860285267532,-3.50495606202842,-18.2888395414088));
#1772=CARTESIAN_POINT('',(8.38860285267532,-3.50495606202842,-18.2888395414088));
#1773=CARTESIAN_POINT('',(7.15860285267532,-3.50495606202842,-18.2888395414088));
#1774=CARTESIAN_POINT('',(8.38860285267532,-3.50495606202842,-18.2888395414088));
#1775=CARTESIAN_POINT('',(-8.39261672707077,-3.50495606202842,-18.2691864938979));
#1776=CARTESIAN_POINT('',(-8.39261672707077,-3.50495606202842,-18.2691864938979));
#1777=CARTESIAN_POINT('',(-9.62261672707077,-3.50495606202842,-18.2691864938979));
#1778=CARTESIAN_POINT('',(-8.39261672707077,-3.50495606202842,-18.2691864938979));
#1779=CARTESIAN_POINT('',(-1.73472347597681E-15,-3.50495606202842,22.2567381055337));
#1780=CARTESIAN_POINT('',(-1.73472347597681E-15,-3.50495606202842,22.2567381055337));
#1781=CARTESIAN_POINT('',(-1.23,-3.50495606202842,22.2567381055337));
#1782=CARTESIAN_POINT('',(-1.73472347597681E-15,-3.50495606202842,22.2567381055337));
#1783=CARTESIAN_POINT('',(1.92169817557935E-15,0.,5.95433672097092));
#1784=CARTESIAN_POINT('',(9.5,-2.50495606202842,5.95433672097092));
#1785=CARTESIAN_POINT('',(1.5,-5.,5.95433672097092));
#1786=CARTESIAN_POINT('',(3.97958272259879E-15,0.,11.5543367209709));
#1787=CARTESIAN_POINT('',(9.5,0.,11.5543367209709));
#1788=CARTESIAN_POINT('',(1.5,0.,11.5543367209709));
#1789=CARTESIAN_POINT('',(1.5,0.,10.5543367209709));
#1790=CARTESIAN_POINT('',(9.5,0.,10.5543367209709));
#1791=CARTESIAN_POINT('',(1.5,-10.6471126959607,6.95433672097092));
#1792=CARTESIAN_POINT('',(9.5,-10.6471126959607,6.95433672097092));
#1793=MECHANICAL_DESIGN_GEOMETRIC_PRESENTATION_REPRESENTATION('',(#888),
#1794);
#1794=(
GEOMETRIC_REPRESENTATION_CONTEXT(3)
GLOBAL_UNCERTAINTY_ASSIGNED_CONTEXT((#1795))
GLOBAL_UNIT_ASSIGNED_CONTEXT((#1798,#1797,#1796))
REPRESENTATION_CONTEXT('HandleR','TOP_LEVEL_ASSEMBLY_PART')
);
#1795=UNCERTAINTY_MEASURE_WITH_UNIT(LENGTH_MEASURE(0.005),#1798,
'DISTANCE_ACCURACY_VALUE','Maximum Tolerance applied to model');
#1796=(
NAMED_UNIT(*)
SI_UNIT($,.STERADIAN.)
SOLID_ANGLE_UNIT()
);
#1797=(
NAMED_UNIT(*)
PLANE_ANGLE_UNIT()
SI_UNIT($,.RADIAN.)
);
#1798=(
LENGTH_UNIT()
NAMED_UNIT(*)
SI_UNIT(.MILLI.,.METRE.)
);
#1799=PRODUCT_DEFINITION_SHAPE('','',#1800);
#1800=PRODUCT_DEFINITION('','',#1802,#1801);
#1801=PRODUCT_DEFINITION_CONTEXT('',#1808,'design');
#1802=PRODUCT_DEFINITION_FORMATION_WITH_SPECIFIED_SOURCE('','',#1804,
 .NOT_KNOWN.);
#1803=PRODUCT_RELATED_PRODUCT_CATEGORY('','',(#1804));
#1804=PRODUCT('HandleR','HandleR','HandleR',(#1806));
#1805=PRODUCT_CATEGORY('','');
#1806=PRODUCT_CONTEXT('',#1808,'mechanical');
#1807=APPLICATION_PROTOCOL_DEFINITION('international standard',
'automotive_design',2010,#1808);
#1808=APPLICATION_CONTEXT(
'core data for automotive mechanical design processes');
ENDSEC;
END-ISO-10303-21;
