ISO-10303-21;
HEADER;
/* Generated by software containing ST-Developer
 * from STEP Tools, Inc. (www.steptools.com) 
 */
/* OPTION: strings as raw bytes, not using required /X/ escapes */

FILE_DESCRIPTION(
/* description */ ('Unknown'),
/* implementation_level */ '2;1');

FILE_NAME(
/* name */ 'HandleA',
/* time_stamp */ '2024-01-05T19:14:33+01:00',
/* author */ ('Unknown'),
/* organization */ ('Unknown'),
/* preprocessor_version */ 'ST-DEVELOPER v18.102',
/* originating_system */ 'Solid Edge',
/* authorisation */ 'Unknown');

FILE_SCHEMA (('AUTOMOTIVE_DESIGN {1 0 10303 214 3 1 1}'));
ENDSEC;

DATA;
#10=PROPERTY_DEFINITION_REPRESENTATION(#14,#12);
#11=PROPERTY_DEFINITION_REPRESENTATION(#15,#13);
#12=REPRESENTATION('',(#16),#6308);
#13=REPRESENTATION('',(#17),#6308);
#14=PROPERTY_DEFINITION('pmi validation property','',#6313);
#15=PROPERTY_DEFINITION('pmi validation property','',#6313);
#16=VALUE_REPRESENTATION_ITEM('number of annotations',COUNT_MEASURE(0.));
#17=VALUE_REPRESENTATION_ITEM('number of views',COUNT_MEASURE(0.));
#18=SHAPE_REPRESENTATION_RELATIONSHIP('','',#3670,#19);
#19=ADVANCED_BREP_SHAPE_REPRESENTATION('',(#3668),#6308);
#20=B_SPLINE_SURFACE_WITH_KNOTS('',3,1,((#6148,#6149),(#6150,#6151),(#6152,
#6153),(#6154,#6155)),.SURF_OF_LINEAR_EXTRUSION.,.F.,.F.,.F.,(4,4),(2,2),
(2.73312570290577,2.79879127493907),(0.,1.),.PIECEWISE_BEZIER_KNOTS.);
#21=(
BOUNDED_SURFACE()
B_SPLINE_SURFACE(3,2,((#5447,#5448,#5449),(#5450,#5451,#5452),(#5453,#5454,
#5455),(#5456,#5457,#5458),(#5459,#5460,#5461),(#5462,#5463,#5464),(#5465,
#5466,#5467),(#5468,#5469,#5470),(#5471,#5472,#5473),(#5474,#5475,#5476),
(#5477,#5478,#5479),(#5480,#5481,#5482),(#5483,#5484,#5485),(#5486,#5487,
#5488),(#5489,#5490,#5491)),.UNSPECIFIED.,.F.,.F.,.F.)
B_SPLINE_SURFACE_WITH_KNOTS((4,1,1,1,1,1,1,1,1,1,1,1,4),(3,3),(0.0122603532598501,
0.015038811034138,0.0164280399212819,0.0178172688084258,0.0205957265827136,
0.0219849554698575,0.0233741843570015,0.0247634132441454,0.0261526421312893,
0.0275418710184332,0.0289310999055771,0.0317095576798649,0.0344880154541528),
(0.,1.),.UNSPECIFIED.)
GEOMETRIC_REPRESENTATION_ITEM()
RATIONAL_B_SPLINE_SURFACE(((1.,0.733327154344118,1.),(1.,0.75674867527932,
1.),(1.,0.791070075900015,1.),(1.,0.834575614944258,1.),(1.,0.877461649829707,
1.),(1.,0.917277416302079,1.),(1.,0.944587945904061,1.),(1.,0.952620641436772,
1.),(1.,0.944189721496537,1.),(1.,0.923768141007553,1.),(1.,0.89681469815712,
1.),(1.,0.856124678250486,1.),(1.,0.801993878469657,1.),(1.,0.756810137082931,
1.),(1.,0.733319133280403,1.)))
REPRESENTATION_ITEM('')
SURFACE()
);
#22=(
BOUNDED_SURFACE()
B_SPLINE_SURFACE(3,2,((#5499,#5500,#5501),(#5502,#5503,#5504),(#5505,#5506,
#5507),(#5508,#5509,#5510),(#5511,#5512,#5513),(#5514,#5515,#5516),(#5517,
#5518,#5519),(#5520,#5521,#5522),(#5523,#5524,#5525),(#5526,#5527,#5528),
(#5529,#5530,#5531),(#5532,#5533,#5534),(#5535,#5536,#5537),(#5538,#5539,
#5540),(#5541,#5542,#5543)),.UNSPECIFIED.,.F.,.F.,.F.)
B_SPLINE_SURFACE_WITH_KNOTS((4,1,1,1,1,1,1,1,1,1,1,1,4),(3,3),(0.0122603532598584,
0.0150388110341453,0.0164280399212888,0.0178172688084322,0.0205957265827192,
0.0219849554698626,0.0233741843570061,0.0247634132441496,0.026152642131293,
0.0275418710184365,0.02893109990558,0.0317095576798669,0.0344880154541538),
(0.,1.),.UNSPECIFIED.)
GEOMETRIC_REPRESENTATION_ITEM()
RATIONAL_B_SPLINE_SURFACE(((1.,0.733327154344334,1.),(1.,0.756748675279631,
1.),(1.,0.791070075900182,1.),(1.,0.834575614944433,1.),(1.,0.877461649829857,
1.),(1.,0.9172774163022,1.),(1.,0.944587945904125,1.),(1.,0.952620641436769,
1.),(1.,0.944189721496482,1.),(1.,0.923768141007476,1.),(1.,0.89681469815703,
1.),(1.,0.85612467825044,1.),(1.,0.801993878469298,1.),(1.,0.75681013708349,
1.),(1.,0.733319133280353,1.)))
REPRESENTATION_ITEM('')
SURFACE()
);
#23=(
BOUNDED_SURFACE()
B_SPLINE_SURFACE(3,2,((#5558,#5559,#5560),(#5561,#5562,#5563),(#5564,#5565,
#5566),(#5567,#5568,#5569),(#5570,#5571,#5572),(#5573,#5574,#5575),(#5576,
#5577,#5578),(#5579,#5580,#5581),(#5582,#5583,#5584),(#5585,#5586,#5587),
(#5588,#5589,#5590),(#5591,#5592,#5593),(#5594,#5595,#5596)),
 .UNSPECIFIED.,.F.,.F.,.F.)
B_SPLINE_SURFACE_WITH_KNOTS((4,1,1,1,1,1,1,1,1,1,4),(3,3),(0.0122849307547629,
0.0145452130114296,0.0168054952680962,0.0190657775247629,0.0213260597814295,
0.0224562009097628,0.0235863420380962,0.0247164831664295,0.0258466242947628,
0.0281069065514294,0.0303671888080961),(0.,1.),.UNSPECIFIED.)
GEOMETRIC_REPRESENTATION_ITEM()
RATIONAL_B_SPLINE_SURFACE(((1.,0.733948480085495,1.),(1.,0.752988742859259,
1.),(1.,0.790349414173788,1.),(1.,0.843593215387789,1.),(1.,0.89488482667143,
1.),(1.,0.931188730912587,1.),(1.,0.94819938016761,1.),(1.,0.951452520475448,
1.),(1.,0.943992694777188,1.),(1.,0.923474525692129,1.),(1.,0.885327881879937,
1.),(1.,0.850741178644661,1.),(1.,0.833240322793806,1.)))
REPRESENTATION_ITEM('')
SURFACE()
);
#24=(
BOUNDED_SURFACE()
B_SPLINE_SURFACE(3,2,((#5614,#5615,#5616),(#5617,#5618,#5619),(#5620,#5621,
#5622),(#5623,#5624,#5625),(#5626,#5627,#5628),(#5629,#5630,#5631)),
 .UNSPECIFIED.,.F.,.F.,.F.)
B_SPLINE_SURFACE_WITH_KNOTS((4,1,1,4),(3,3),(0.,0.00553836094721032,0.0110767218944206,
0.0221534437888413),(0.,1.),.UNSPECIFIED.)
GEOMETRIC_REPRESENTATION_ITEM()
RATIONAL_B_SPLINE_SURFACE(((1.,0.993498818483978,1.),(1.,0.988820495549238,
1.),(1.,0.975007139237474,1.),(1.,0.939211447867286,1.),(1.,0.914786650560865,
1.),(1.,0.902908858693177,1.)))
REPRESENTATION_ITEM('')
SURFACE()
);
#25=(
BOUNDED_SURFACE()
B_SPLINE_SURFACE(3,2,((#5637,#5638,#5639),(#5640,#5641,#5642),(#5643,#5644,
#5645),(#5646,#5647,#5648)),.UNSPECIFIED.,.F.,.F.,.F.)
B_SPLINE_SURFACE_WITH_KNOTS((4,4),(3,3),(0.,0.00574370347406538),(0.,1.),
 .PIECEWISE_BEZIER_KNOTS.)
GEOMETRIC_REPRESENTATION_ITEM()
RATIONAL_B_SPLINE_SURFACE(((1.,0.993498818483977,1.),(1.,0.993752517356243,
1.),(1.,0.993872285311104,1.),(1.,0.993830844438076,1.)))
REPRESENTATION_ITEM('')
SURFACE()
);
#26=(
BOUNDED_SURFACE()
B_SPLINE_SURFACE(3,2,((#5649,#5650,#5651),(#5652,#5653,#5654),(#5655,#5656,
#5657),(#5658,#5659,#5660),(#5661,#5662,#5663),(#5664,#5665,#5666),(#5667,
#5668,#5669),(#5670,#5671,#5672),(#5673,#5674,#5675),(#5676,#5677,#5678),
(#5679,#5680,#5681),(#5682,#5683,#5684),(#5685,#5686,#5687),(#5688,#5689,
#5690),(#5691,#5692,#5693)),.UNSPECIFIED.,.F.,.F.,.F.)
B_SPLINE_SURFACE_WITH_KNOTS((4,1,1,1,1,1,1,1,1,1,1,1,4),(3,3),(0.0146463368179395,
0.0174084586355033,0.020170580453067,0.0229327022706307,0.0243137631794125,
0.0256948240881944,0.0270758849969763,0.0284569459057581,0.02983800681454,
0.0312190677233218,0.0326001286321037,0.0339811895408855,0.0367433113584493),
(0.,1.),.UNSPECIFIED.)
GEOMETRIC_REPRESENTATION_ITEM()
RATIONAL_B_SPLINE_SURFACE(((1.,0.73336071753894,1.),(1.,0.756822029112664,
1.),(1.,0.802346954812639,1.),(1.,0.867542344284402,1.),(1.,0.917333140809249,
1.),(1.,0.944862915632669,1.),(1.,0.953024203729562,1.),(1.,0.944849749335256,
1.),(1.,0.924265305183625,1.),(1.,0.897362494504831,1.),(1.,0.866721687647697,
1.),(1.,0.835017635884001,1.),(1.,0.790741893086947,1.),(1.,0.756955082457011,
1.),(1.,0.733336260143271,1.)))
REPRESENTATION_ITEM('')
SURFACE()
);
#27=(
BOUNDED_SURFACE()
B_SPLINE_SURFACE(3,2,((#5701,#5702,#5703),(#5704,#5705,#5706),(#5707,#5708,
#5709),(#5710,#5711,#5712),(#5713,#5714,#5715),(#5716,#5717,#5718),(#5719,
#5720,#5721),(#5722,#5723,#5724),(#5725,#5726,#5727),(#5728,#5729,#5730),
(#5731,#5732,#5733),(#5734,#5735,#5736),(#5737,#5738,#5739),(#5740,#5741,
#5742),(#5743,#5744,#5745)),.UNSPECIFIED.,.F.,.F.,.F.)
B_SPLINE_SURFACE_WITH_KNOTS((4,1,1,1,1,1,1,1,1,1,1,1,4),(3,3),(0.0146463368179472,
0.0174084586355101,0.0201705804530729,0.0229327022706358,0.0243137631794172,
0.0256948240881986,0.0270758849969801,0.0284569459057615,0.0298380068145429,
0.0312190677233243,0.0326001286321057,0.0339811895408872,0.03674331135845),
(0.,1.),.UNSPECIFIED.)
GEOMETRIC_REPRESENTATION_ITEM()
RATIONAL_B_SPLINE_SURFACE(((1.,0.73336071753915,1.),(1.,0.756822029113073,
1.),(1.,0.80234695481272,1.),(1.,0.867542344284581,1.),(1.,0.917333140809363,
1.),(1.,0.944862915632733,1.),(1.,0.95302420372956,1.),(1.,0.944849749335202,
1.),(1.,0.924265305183549,1.),(1.,0.897362494504747,1.),(1.,0.86672168764762,
1.),(1.,0.835017635883921,1.),(1.,0.790741893086917,1.),(1.,0.7569550824568,
1.),(1.,0.733336260143221,1.)))
REPRESENTATION_ITEM('')
SURFACE()
);
#28=(
BOUNDED_SURFACE()
B_SPLINE_SURFACE(3,2,((#5760,#5761,#5762),(#5763,#5764,#5765),(#5766,#5767,
#5768),(#5769,#5770,#5771),(#5772,#5773,#5774),(#5775,#5776,#5777),(#5778,
#5779,#5780),(#5781,#5782,#5783),(#5784,#5785,#5786),(#5787,#5788,#5789),
(#5790,#5791,#5792),(#5793,#5794,#5795)),.UNSPECIFIED.,.F.,.F.,.F.)
B_SPLINE_SURFACE_WITH_KNOTS((4,1,1,1,1,1,1,1,1,4),(3,3),(0.0146707074624877,
0.0169190148575864,0.0191673222526852,0.0214156296477839,0.0236639370428826,
0.0259122444379813,0.0270363981355307,0.02816055183308,0.0304088592281787,
0.0326571666232774),(0.,1.),.UNSPECIFIED.)
GEOMETRIC_REPRESENTATION_ITEM()
RATIONAL_B_SPLINE_SURFACE(((1.,0.73398157170893,1.),(1.,0.753069091113023,
1.),(1.,0.790422199387007,1.),(1.,0.844108118650608,1.),(1.,0.894807687359782,
1.),(1.,0.938968151416168,1.),(1.,0.954435978270704,1.),(1.,0.944544153607546,
1.),(1.,0.923796727210382,1.),(1.,0.885448343076336,1.),(1.,0.851060506551816,
1.),(1.,0.83342623987491,1.)))
REPRESENTATION_ITEM('')
SURFACE()
);
#29=(
BOUNDED_SURFACE()
B_SPLINE_SURFACE(3,2,((#5813,#5814,#5815),(#5816,#5817,#5818),(#5819,#5820,
#5821),(#5822,#5823,#5824),(#5825,#5826,#5827)),.UNSPECIFIED.,.F.,.F.,.F.)
B_SPLINE_SURFACE_WITH_KNOTS((4,1,4),(3,3),(0.,0.0109757167864072,0.0219514335728143),
(0.,1.),.UNSPECIFIED.)
GEOMETRIC_REPRESENTATION_ITEM()
RATIONAL_B_SPLINE_SURFACE(((1.,0.99347006434587,1.),(1.,0.983876570271349,
1.),(1.,0.947298726684163,1.),(1.,0.915017525456479,1.),(1.,0.903211717787598,
1.)))
REPRESENTATION_ITEM('')
SURFACE()
);
#30=(
BOUNDED_SURFACE()
B_SPLINE_SURFACE(3,2,((#5833,#5834,#5835),(#5836,#5837,#5838),(#5839,#5840,
#5841),(#5842,#5843,#5844)),.UNSPECIFIED.,.F.,.F.,.F.)
B_SPLINE_SURFACE_WITH_KNOTS((4,4),(3,3),(0.,0.00595825243751942),(0.,1.),
 .PIECEWISE_BEZIER_KNOTS.)
GEOMETRIC_REPRESENTATION_ITEM()
RATIONAL_B_SPLINE_SURFACE(((1.,0.993470064345875,1.),(1.,0.993742746934229,
1.),(1.,0.99387387207529,1.),(1.,0.993830816570474,1.)))
REPRESENTATION_ITEM('')
SURFACE()
);
#31=(
BOUNDED_SURFACE()
B_SPLINE_SURFACE(3,2,((#5845,#5846,#5847),(#5848,#5849,#5850),(#5851,#5852,
#5853),(#5854,#5855,#5856),(#5857,#5858,#5859)),.UNSPECIFIED.,.F.,.F.,.F.)
B_SPLINE_SURFACE_WITH_KNOTS((4,1,4),(3,3),(0.,0.00363492133339833,0.00726984266679665),
(0.,1.),.UNSPECIFIED.)
GEOMETRIC_REPRESENTATION_ITEM()
RATIONAL_B_SPLINE_SURFACE(((1.,0.923463970086756,1.),(1.,0.939777979224845,
1.),(1.,0.976291239010019,1.),(1.,0.999999999304536,1.),(1.,1.,1.)))
REPRESENTATION_ITEM('')
SURFACE()
);
#32=(
BOUNDED_SURFACE()
B_SPLINE_SURFACE(3,2,((#5861,#5862,#5863),(#5864,#5865,#5866),(#5867,#5868,
#5869),(#5870,#5871,#5872)),.UNSPECIFIED.,.F.,.F.,.F.)
B_SPLINE_SURFACE_WITH_KNOTS((4,4),(3,3),(0.,4.22076404326016E-5),(0.,1.),
 .PIECEWISE_BEZIER_KNOTS.)
GEOMETRIC_REPRESENTATION_ITEM()
RATIONAL_B_SPLINE_SURFACE(((1.,0.924147141771373,1.),(1.,0.924228736221202,
1.),(1.,0.923999149328017,1.),(1.,0.923463970086885,1.)))
REPRESENTATION_ITEM('')
SURFACE()
);
#33=(
BOUNDED_SURFACE()
B_SPLINE_SURFACE(3,2,((#5880,#5881,#5882),(#5883,#5884,#5885),(#5886,#5887,
#5888),(#5889,#5890,#5891)),.UNSPECIFIED.,.F.,.F.,.F.)
B_SPLINE_SURFACE_WITH_KNOTS((4,4),(3,3),(0.,4.20328781878795E-5),(0.,1.),
 .PIECEWISE_BEZIER_KNOTS.)
GEOMETRIC_REPRESENTATION_ITEM()
RATIONAL_B_SPLINE_SURFACE(((1.,0.924147141771374,1.),(1.,0.924228044523145,
1.),(1.,0.924000302483233,1.),(1.,0.923469414728904,1.)))
REPRESENTATION_ITEM('')
SURFACE()
);
#34=(
BOUNDED_SURFACE()
B_SPLINE_SURFACE(3,2,((#5893,#5894,#5895),(#5896,#5897,#5898),(#5899,#5900,
#5901),(#5902,#5903,#5904),(#5905,#5906,#5907)),.UNSPECIFIED.,.F.,.F.,.F.)
B_SPLINE_SURFACE_WITH_KNOTS((4,1,4),(3,3),(0.,0.00363590712216267,0.00727181424432533),
(0.,1.),.UNSPECIFIED.)
GEOMETRIC_REPRESENTATION_ITEM()
RATIONAL_B_SPLINE_SURFACE(((1.,0.923469414728874,1.),(1.,0.939748077849754,
1.),(1.,0.976139036874219,1.),(1.,0.99999999930206,1.),(1.,1.,1.)))
REPRESENTATION_ITEM('')
SURFACE()
);
#35=(
BOUNDED_SURFACE()
B_SPLINE_SURFACE(3,2,((#5908,#5909,#5910),(#5911,#5912,#5913),(#5914,#5915,
#5916),(#5917,#5918,#5919),(#5920,#5921,#5922),(#5923,#5924,#5925),(#5926,
#5927,#5928)),.UNSPECIFIED.,.F.,.F.,.F.)
B_SPLINE_SURFACE_WITH_KNOTS((4,1,1,1,4),(3,3),(-3.15590629694459E-5,0.00240338452903828,
0.004838328121046,0.00727327171305372,0.00970821530506144),(0.,1.),
 .UNSPECIFIED.)
GEOMETRIC_REPRESENTATION_ITEM()
RATIONAL_B_SPLINE_SURFACE(((1.,1.,1.),(1.,1.00000000040144,1.),(1.,0.998843439227139,
1.),(1.,0.971846337275703,1.),(1.,0.930557202886188,1.),(1.,0.905473503982782,
1.),(1.,0.894857504521019,1.)))
REPRESENTATION_ITEM('')
SURFACE()
);
#36=(
BOUNDED_SURFACE()
B_SPLINE_SURFACE(3,2,((#5936,#5937,#5938),(#5939,#5940,#5941),(#5942,#5943,
#5944),(#5945,#5946,#5947),(#5948,#5949,#5950),(#5951,#5952,#5953),(#5954,
#5955,#5956)),.UNSPECIFIED.,.F.,.F.,.F.)
B_SPLINE_SURFACE_WITH_KNOTS((4,1,1,1,4),(3,3),(-3.15456184238535E-5,0.00240585641515589,
0.00484325844873564,0.00728066048231539,0.00971806251589514),(0.,1.),
 .UNSPECIFIED.)
GEOMETRIC_REPRESENTATION_ITEM()
RATIONAL_B_SPLINE_SURFACE(((1.,1.,1.),(1.,1.00000000040298,1.),(1.,0.998831284216211,
1.),(1.,0.971741256048878,1.),(1.,0.930455202442854,1.),(1.,0.905438391276192,
1.),(1.,0.894857504521045,1.)))
REPRESENTATION_ITEM('')
SURFACE()
);
#37=(
BOUNDED_SURFACE()
B_SPLINE_SURFACE(3,2,((#5957,#5958,#5959),(#5960,#5961,#5962),(#5963,#5964,
#5965),(#5966,#5967,#5968),(#5969,#5970,#5971),(#5972,#5973,#5974),(#5975,
#5976,#5977)),.UNSPECIFIED.,.F.,.F.,.F.)
B_SPLINE_SURFACE_WITH_KNOTS((4,1,1,1,4),(3,3),(-3.15590629694267E-5,0.002403384529038,
0.00483832812104542,0.00727327171305285,0.00970821530506027),(0.,1.),
 .UNSPECIFIED.)
GEOMETRIC_REPRESENTATION_ITEM()
RATIONAL_B_SPLINE_SURFACE(((1.,1.,1.),(1.,1.00000000040144,1.),(1.,0.99884343922715,
1.),(1.,0.971846337275644,1.),(1.,0.930557202886375,1.),(1.,0.905473503982377,
1.),(1.,0.894857504521023,1.)))
REPRESENTATION_ITEM('')
SURFACE()
);
#38=(
BOUNDED_SURFACE()
B_SPLINE_SURFACE(3,2,((#5985,#5986,#5987),(#5988,#5989,#5990),(#5991,#5992,
#5993),(#5994,#5995,#5996),(#5997,#5998,#5999),(#6000,#6001,#6002),(#6003,
#6004,#6005)),.UNSPECIFIED.,.F.,.F.,.F.)
B_SPLINE_SURFACE_WITH_KNOTS((4,1,1,1,4),(3,3),(-3.15456184205829E-5,0.00240585641515888,
0.00484325844873833,0.00728066048231779,0.00971806251589725),(0.,1.),
 .UNSPECIFIED.)
GEOMETRIC_REPRESENTATION_ITEM()
RATIONAL_B_SPLINE_SURFACE(((1.,1.,1.),(1.,1.00000000040298,1.),(1.,0.998831284216197,
1.),(1.,0.971741256048904,1.),(1.,0.930455202442726,1.),(1.,0.905438391276465,
1.),(1.,0.894857504521048,1.)))
REPRESENTATION_ITEM('')
SURFACE()
);
#39=(
BOUNDED_SURFACE()
B_SPLINE_SURFACE(3,2,((#6160,#6161,#6162),(#6163,#6164,#6165),(#6166,#6167,
#6168),(#6169,#6170,#6171)),.UNSPECIFIED.,.F.,.F.,.F.)
B_SPLINE_SURFACE_WITH_KNOTS((4,4),(3,3),(0.00792920591061394,0.0101731254843272),
(0.,1.),.PIECEWISE_BEZIER_KNOTS.)
GEOMETRIC_REPRESENTATION_ITEM()
RATIONAL_B_SPLINE_SURFACE(((1.,0.989885548703293,1.),(1.,0.989965767434437,
1.),(1.,0.990053743118053,1.),(1.,0.990148938647611,1.)))
REPRESENTATION_ITEM('')
SURFACE()
);
#40=DEGENERATE_TOROIDAL_SURFACE('',#3787,80.3795490741742,80.3828124999963,
 .T.);
#41=DEGENERATE_TOROIDAL_SURFACE('',#3809,80.3795490741742,80.3828124999963,
 .T.);
#42=DEGENERATE_TOROIDAL_SURFACE('',#3816,0.488216582454398,3.,.T.);
#43=DEGENERATE_TOROIDAL_SURFACE('',#3820,0.488216582454397,3.,.T.);
#44=DEGENERATE_TOROIDAL_SURFACE('',#3824,0.281137590412938,3.,.T.);
#45=DEGENERATE_TOROIDAL_SURFACE('',#3828,0.281137590412949,3.,.T.);
#46=DEGENERATE_TOROIDAL_SURFACE('',#3831,0.281137590413005,3.,.T.);
#47=DEGENERATE_TOROIDAL_SURFACE('',#3835,0.281137590413012,3.,.T.);
#48=TOROIDAL_SURFACE('',#3700,15.7166702328607,10.);
#49=TOROIDAL_SURFACE('',#3771,101.629549074174,80.3828124999963);
#50=TOROIDAL_SURFACE('',#3776,13.3124999999996,11.5624999999996);
#51=TOROIDAL_SURFACE('',#3780,13.3125,11.5624999999999);
#52=TOROIDAL_SURFACE('',#3784,13.3125000000003,11.5625000000001);
#53=TOROIDAL_SURFACE('',#3790,34.5624999999999,11.5624999999999);
#54=TOROIDAL_SURFACE('',#3794,34.5625000000001,11.5625000000001);
#55=TOROIDAL_SURFACE('',#3797,34.5624999999995,11.5624999999996);
#56=TOROIDAL_SURFACE('',#3801,13.3124999999996,11.5624999999996);
#57=TOROIDAL_SURFACE('',#3804,13.3125,11.5624999999999);
#58=TOROIDAL_SURFACE('',#3807,13.3125000000003,11.5625000000001);
#59=TOROIDAL_SURFACE('',#3818,21.7382165824543,3.);
#60=TOROIDAL_SURFACE('',#3826,21.5311375904128,3.);
#61=TOROIDAL_SURFACE('',#3833,21.5311375904128,3.);
#62=TOROIDAL_SURFACE('',#3840,15.,10.);
#63=TOROIDAL_SURFACE('',#3841,15.3208981937956,10.);
#64=B_SPLINE_CURVE_WITH_KNOTS('',3,(#4800,#4801,#4802,#4803,#4804,#4805,
#4806,#4807,#4808,#4809,#4810,#4811,#4812,#4813,#4814,#4815,#4816,#4817,
#4818,#4819,#4820,#4821,#4822,#4823,#4824,#4825,#4826,#4827,#4828,#4829,
#4830,#4831,#4832,#4833,#4834),.UNSPECIFIED.,.F.,.F.,(4,1,1,1,1,1,1,1,1,
1,1,1,1,1,1,1,1,1,1,1,1,1,1,1,1,1,1,1,1,1,1,1,4),(-0.0310516613288295,-0.0305661586062983,
-0.0300806558837671,-0.0291096504387048,-0.0281386449936425,-0.0271676395485801,
-0.0261966341035178,-0.0252256286584555,-0.0232836177683308,-0.0213416068782062,
-0.0193995959880815,-0.0174575850979568,-0.0155155742078322,-0.0116315524275828,
-0.00774753064733353,-0.0038635088670842,2.05129131651185E-5,0.00390453469341444,
0.00778855647366376,0.0116725782539131,0.0155566000341624,0.0174986109242871,
0.0194406218144117,0.0213826327045364,0.023324643594661,0.0252666544847857,
0.026237659929848,0.0272086653749104,0.0281796708199727,0.029150676265035,
0.0301216817100974,0.0306071844326285,0.0310926871551597),.UNSPECIFIED.);
#65=B_SPLINE_CURVE_WITH_KNOTS('',3,(#4842,#4843,#4844,#4845,#4846),
 .UNSPECIFIED.,.F.,.F.,(4,1,4),(0.,0.00082481680800184,0.00164963361600368),
 .UNSPECIFIED.);
#66=B_SPLINE_CURVE_WITH_KNOTS('',3,(#4850,#4851,#4852,#4853,#4854),
 .UNSPECIFIED.,.F.,.F.,(4,1,4),(0.,0.000789579646162101,0.0015791592923242),
 .UNSPECIFIED.);
#67=B_SPLINE_CURVE_WITH_KNOTS('',3,(#4858,#4859,#4860,#4861,#4862),
 .UNSPECIFIED.,.F.,.F.,(4,1,4),(0.,0.000789568069285007,0.00157913613857001),
 .UNSPECIFIED.);
#68=B_SPLINE_CURVE_WITH_KNOTS('',3,(#4870,#4871,#4872,#4873),
 .UNSPECIFIED.,.F.,.F.,(4,4),(0.,0.00569229366407848),.UNSPECIFIED.);
#69=B_SPLINE_CURVE_WITH_KNOTS('',3,(#4875,#4876,#4877,#4878,#4879),
 .UNSPECIFIED.,.F.,.F.,(4,1,4),(0.,0.0107164373750447,0.0214328747500893),
 .UNSPECIFIED.);
#70=B_SPLINE_CURVE_WITH_KNOTS('',3,(#4881,#4882,#4883,#4884,#4885,#4886,
#4887,#4888,#4889,#4890,#4891),.UNSPECIFIED.,.F.,.F.,(4,1,1,1,1,1,1,1,4),
(0.,0.00201337668244699,0.00402675336489398,0.00604013004734097,0.00805350672978796,
0.010066883412235,0.0120802600946819,0.0140936367771289,0.0161070134595759),
 .UNSPECIFIED.);
#71=B_SPLINE_CURVE_WITH_KNOTS('',3,(#4893,#4894,#4895,#4896,#4897,#4898,
#4899,#4900,#4901,#4902,#4903),.UNSPECIFIED.,.F.,.F.,(4,1,1,1,1,1,1,1,4),
(0.,0.0024177587454587,0.0048355174909174,0.0072532762363761,0.0096710349818348,
0.0120887937272935,0.0145065524727522,0.0169243112182109,0.0193420699636696),
 .UNSPECIFIED.);
#72=B_SPLINE_CURVE_WITH_KNOTS('',3,(#4905,#4906,#4907,#4908,#4909,#4910,
#4911,#4912,#4913,#4914,#4915),.UNSPECIFIED.,.F.,.F.,(4,1,1,1,1,1,1,1,4),
(0.,0.00241775874545945,0.00483551749091889,0.00725327623637834,0.00967103498183778,
0.0120887937272972,0.0145065524727567,0.0169243112182161,0.0193420699636756),
 .UNSPECIFIED.);
#73=B_SPLINE_CURVE_WITH_KNOTS('',3,(#4923,#4924,#4925,#4926),
 .UNSPECIFIED.,.F.,.F.,(4,4),(3.05311331771918E-16,0.000763269103478147),
 .UNSPECIFIED.);
#74=B_SPLINE_CURVE_WITH_KNOTS('',3,(#4932,#4933,#4934,#4935),
 .UNSPECIFIED.,.F.,.F.,(4,4),(0.,0.0011179299479615),.UNSPECIFIED.);
#75=B_SPLINE_CURVE_WITH_KNOTS('',3,(#4937,#4938,#4939,#4940,#4941,#4942,
#4943,#4944,#4945,#4946,#4947,#4948,#4949,#4950,#4951,#4952,#4953,#4954,
#4955,#4956,#4957,#4958,#4959,#4960),.UNSPECIFIED.,.F.,.F.,(4,1,1,1,1,1,
1,1,1,1,1,1,1,1,1,1,1,1,1,1,1,4),(-0.0277444392124181,-0.0241005444959557,
-0.0204566497794933,-0.0168127550630309,-0.0131688603465685,-0.00952496563010608,
-0.00588107091364366,0.00140671851928116,0.00505061323574358,0.00869450795220599,
0.0123384026686684,0.0159822973851308,0.0196261921015932,0.0214481394598244,
0.0232700868180556,0.0250920341762868,0.0269139815345181,0.0278249552136337,
0.0287359288927493,0.0296469025718649,0.0301023894114227,0.0305578762509805),
 .UNSPECIFIED.);
#76=B_SPLINE_CURVE_WITH_KNOTS('',3,(#4965,#4966,#4967,#4968),
 .UNSPECIFIED.,.F.,.F.,(4,4),(7.75791922889773E-18,0.000544959700760894),
 .UNSPECIFIED.);
#77=B_SPLINE_CURVE_WITH_KNOTS('',3,(#4970,#4971,#4972,#4973),
 .UNSPECIFIED.,.F.,.F.,(4,4),(0.0312154213152434,0.0321186844313065),
 .UNSPECIFIED.);
#78=B_SPLINE_CURVE_WITH_KNOTS('',3,(#4991,#4992,#4993,#4994),
 .UNSPECIFIED.,.F.,.F.,(4,4),(0.,0.000280574527242122),.UNSPECIFIED.);
#79=B_SPLINE_CURVE_WITH_KNOTS('',3,(#4998,#4999,#5000,#5001,#5002,#5003,
#5004,#5005,#5006,#5007,#5008,#5009,#5010),.UNSPECIFIED.,.F.,.F.,(4,1,1,
1,1,1,1,1,1,1,4),(0.,0.00236317144775179,0.00354475717162768,0.00472634289550357,
0.00590792861937947,0.00708951434325536,0.00945268579100715,0.0118158572387589,
0.0141790286865107,0.0165422001342625,0.0189053715820143),.UNSPECIFIED.);
#80=B_SPLINE_CURVE_WITH_KNOTS('',3,(#5012,#5013,#5014,#5015),
 .UNSPECIFIED.,.F.,.F.,(4,4),(0.00270754493333685,0.00688773914830818),
 .UNSPECIFIED.);
#81=B_SPLINE_CURVE_WITH_KNOTS('',3,(#5017,#5018,#5019,#5020,#5021),
 .UNSPECIFIED.,.F.,.F.,(4,1,4),(1.78811203067275E-17,0.00224510863354981,
0.0044902172670996),.UNSPECIFIED.);
#82=B_SPLINE_CURVE_WITH_KNOTS('',3,(#5045,#5046,#5047,#5048,#5049,#5050,
#5051,#5052,#5053,#5054,#5055,#5056,#5057,#5058,#5059,#5060,#5061,#5062,
#5063,#5064,#5065,#5066,#5067,#5068,#5069,#5070,#5071,#5072,#5073,#5074,
#5075,#5076,#5077,#5078,#5079,#5080,#5081),.UNSPECIFIED.,.F.,.F.,(4,1,1,
1,1,1,1,1,1,1,1,1,1,1,1,1,1,1,1,1,1,1,1,1,1,1,1,1,1,1,1,1,1,1,4),(-0.0316019406161538,
-0.0311079712167589,-0.0306140018173639,-0.030120032417969,-0.029626063018574,
-0.0286381242197841,-0.0276501854209942,-0.0266622466222043,-0.0256743078234144,
-0.0236984302258346,-0.0217225526282548,-0.019746675030675,-0.0177707974330952,
-0.0157949198355154,-0.0118431646403558,-0.00789140944519619,-0.00393965425003659,
1.2100945123019E-5,0.00396385614028262,0.00791561133544223,0.0118673665306018,
0.0158191217257614,0.0177949993233412,0.019770876920921,0.0217467545185008,
0.0237226321160806,0.0256985097136604,0.0266864485124503,0.0276743873112403,
0.0286623261100302,0.0296502649088201,0.030144234308215,0.03063820370761,
0.0311321731070049,0.0316261425063999),.UNSPECIFIED.);
#83=B_SPLINE_CURVE_WITH_KNOTS('',3,(#5106,#5107,#5108,#5109),
 .UNSPECIFIED.,.F.,.F.,(4,4),(0.,0.00110950324295251),.UNSPECIFIED.);
#84=B_SPLINE_CURVE_WITH_KNOTS('',3,(#5113,#5114,#5115,#5116),
 .UNSPECIFIED.,.F.,.F.,(4,4),(0.,0.00110950324295243),.UNSPECIFIED.);
#85=B_SPLINE_CURVE_WITH_KNOTS('',3,(#5209,#5210,#5211,#5212,#5213),
 .UNSPECIFIED.,.F.,.F.,(4,1,4),(0.,0.00403612739996655,0.0080722547999331),
 .UNSPECIFIED.);
#86=B_SPLINE_CURVE_WITH_KNOTS('',3,(#5221,#5222,#5223,#5224,#5225),
 .UNSPECIFIED.,.F.,.F.,(4,1,4),(0.,0.00400746825979118,0.00801493651958237),
 .UNSPECIFIED.);
#87=B_SPLINE_CURVE_WITH_KNOTS('',3,(#5252,#5253,#5254,#5255),
 .UNSPECIFIED.,.F.,.F.,(4,4),(0.,0.00458159445091892),.UNSPECIFIED.);
#88=B_SPLINE_CURVE_WITH_KNOTS('',3,(#5259,#5260,#5261,#5262),
 .UNSPECIFIED.,.F.,.F.,(4,4),(0.,0.0048069661889275),.UNSPECIFIED.);
#89=B_SPLINE_CURVE_WITH_KNOTS('',3,(#5266,#5267,#5268,#5269,#5270),
 .UNSPECIFIED.,.F.,.F.,(4,1,4),(0.00120347737514056,0.00671870039414762,
0.0122339234131547),.UNSPECIFIED.);
#90=B_SPLINE_CURVE_WITH_KNOTS('',3,(#5279,#5280,#5281,#5282,#5283),
 .UNSPECIFIED.,.F.,.F.,(4,1,4),(0.00156347324930607,0.00689869833123036,
0.0122339234131547),.UNSPECIFIED.);
#91=B_SPLINE_CURVE_WITH_KNOTS('',3,(#5296,#5297,#5298,#5299,#5300,#5301,
#5302),.UNSPECIFIED.,.F.,.F.,(4,1,1,1,4),(0.00156347324930603,0.00461989693502743,
0.00767632062074882,0.0107327443064702,0.0137891679921916),
 .UNSPECIFIED.);
#92=B_SPLINE_CURVE_WITH_KNOTS('',3,(#5306,#5307,#5308,#5309,#5310),
 .UNSPECIFIED.,.F.,.F.,(4,1,4),(0.,0.00893156151313033,0.0178631230262607),
 .UNSPECIFIED.);
#93=B_SPLINE_CURVE_WITH_KNOTS('',3,(#5312,#5313,#5314,#5315),
 .UNSPECIFIED.,.F.,.F.,(4,4),(6.00242097675552E-15,0.000290064777193952),
 .UNSPECIFIED.);
#94=B_SPLINE_CURVE_WITH_KNOTS('',3,(#5317,#5318,#5319,#5320,#5321,#5322,
#5323,#5324,#5325,#5326,#5327,#5328,#5329),.UNSPECIFIED.,.F.,.F.,(4,1,1,
1,1,1,1,1,1,1,4),(0.,9.65241071211449E-5,0.00019304821424229,0.00038609642848458,
0.00057914464272687,0.000772192856969159,0.000965241071211449,0.00115828928545374,
0.00135133749969603,0.00144786160681717,0.00154438571393832),
 .UNSPECIFIED.);
#95=B_SPLINE_CURVE_WITH_KNOTS('',3,(#5330,#5331,#5332,#5333,#5334,#5335,
#5336,#5337,#5338,#5339,#5340,#5341,#5342),.UNSPECIFIED.,.F.,.F.,(4,1,1,
1,1,1,1,1,1,1,4),(0.,9.65241071200572E-5,0.000193048214240114,0.000386096428480229,
0.000579144642720343,0.000772192856960457,0.000965241071200572,0.00115828928544069,
0.0013513374996808,0.00144786160680086,0.00154438571392091),
 .UNSPECIFIED.);
#96=B_SPLINE_CURVE_WITH_KNOTS('',3,(#5362,#5363,#5364,#5365,#5366),
 .UNSPECIFIED.,.F.,.F.,(4,1,4),(0.00156698796429264,0.00712362740647117,
0.0126802668486497),.UNSPECIFIED.);
#97=B_SPLINE_CURVE_WITH_KNOTS('',3,(#5372,#5373,#5374,#5375,#5376),
 .UNSPECIFIED.,.F.,.F.,(4,1,4),(0.00156698796429261,0.00694303732027009,
0.0123190866762476),.UNSPECIFIED.);
#98=B_SPLINE_CURVE_WITH_KNOTS('',3,(#5380,#5381,#5382,#5383,#5384,#5385),
 .UNSPECIFIED.,.F.,.F.,(4,1,1,4),(2.88896426210365E-19,0.00615954333812378,
0.00923931500718567,0.0123190866762476),.UNSPECIFIED.);
#99=B_SPLINE_CURVE_WITH_KNOTS('',3,(#5389,#5390,#5391,#5392,#5393),
 .UNSPECIFIED.,.F.,.F.,(4,1,4),(0.00132023397194045,0.01035775124473,0.0193952685175195),
 .UNSPECIFIED.);
#100=B_SPLINE_CURVE_WITH_KNOTS('',3,(#5397,#5398,#5399,#5400),
 .UNSPECIFIED.,.F.,.F.,(4,4),(0.,0.000288868934493704),.UNSPECIFIED.);
#101=B_SPLINE_CURVE_WITH_KNOTS('',3,(#5402,#5403,#5404,#5405),
 .UNSPECIFIED.,.F.,.F.,(4,4),(2.11749985874298E-17,0.00590302473683628),
 .UNSPECIFIED.);
#102=B_SPLINE_CURVE_WITH_KNOTS('',3,(#5407,#5408,#5409,#5410,#5411,#5412,
#5413,#5414,#5415,#5416,#5417),.UNSPECIFIED.,.F.,.F.,(4,1,1,1,1,1,1,1,4),
(9.12754330942353E-19,0.0024498389879423,0.0048996779758846,0.0073495169638269,
0.0097993559517692,0.0122491949397115,0.0146990339276538,0.0171488729155961,
0.0195987119035384),.UNSPECIFIED.);
#103=B_SPLINE_CURVE_WITH_KNOTS('',3,(#5419,#5420,#5421,#5422,#5423,#5424,
#5425,#5426,#5427,#5428,#5429),.UNSPECIFIED.,.F.,.F.,(4,1,1,1,1,1,1,1,4),
(6.65322993120653E-16,0.00244983898794222,0.00489967797588377,0.00734951696382532,
0.00979935595176687,0.0122491949397084,0.01469903392765,0.0171488729155915,
0.0195987119035331),.UNSPECIFIED.);
#104=B_SPLINE_CURVE_WITH_KNOTS('',3,(#5431,#5432,#5433,#5434,#5435,#5436,
#5437,#5438,#5439,#5440),.UNSPECIFIED.,.F.,.F.,(4,1,1,1,1,1,1,4),(6.64912968587801E-16,
0.00405482439277812,0.00608223658916685,0.00810964878555558,0.0101370609819443,
0.012164473178333,0.0141918853747218,0.0162192975711105),.UNSPECIFIED.);
#105=B_SPLINE_CURVE_WITH_KNOTS('',3,(#5442,#5443,#5444,#5445,#5446),
 .UNSPECIFIED.,.F.,.F.,(4,1,4),(0.,0.0106056685706345,0.0212113371412689),
 .UNSPECIFIED.);
#106=B_SPLINE_CURVE_WITH_KNOTS('',3,(#5492,#5493,#5494,#5495,#5496,#5497,
#5498),.UNSPECIFIED.,.F.,.F.,(4,1,1,1,4),(0.,0.00216832929620287,0.00433665859240574,
0.00650498788860861,0.00867331718481148),.UNSPECIFIED.);
#107=B_SPLINE_CURVE_WITH_KNOTS('',3,(#5544,#5545,#5546,#5547,#5548,#5549,
#5550),.UNSPECIFIED.,.F.,.F.,(4,1,1,1,4),(6.3499301076439E-15,0.00216832645837226,
0.00433665291673818,0.00650497937510409,0.00867330583347),.UNSPECIFIED.);
#108=B_SPLINE_CURVE_WITH_KNOTS('',3,(#5551,#5552,#5553,#5554,#5555,#5556,
#5557),.UNSPECIFIED.,.F.,.F.,(4,1,1,1,4),(1.73472347597681E-18,0.00216832929620326,
0.00433665859240651,0.00650498788860976,0.00867331718481302),
 .UNSPECIFIED.);
#109=B_SPLINE_CURVE_WITH_KNOTS('',3,(#5597,#5598,#5599,#5600,#5601,#5602,
#5603),.UNSPECIFIED.,.F.,.F.,(4,1,1,1,4),(6.35680630480915E-15,0.00216832645837363,
0.0043366529167409,0.00650497937510817,0.00867330583347544),
 .UNSPECIFIED.);
#110=B_SPLINE_CURVE_WITH_KNOTS('',3,(#5604,#5605,#5606,#5607,#5608),
 .UNSPECIFIED.,.F.,.F.,(4,1,4),(3.7535824553895E-16,0.00268897288329125,
0.00537794576658212),.UNSPECIFIED.);
#111=B_SPLINE_CURVE_WITH_KNOTS('',3,(#5610,#5611,#5612,#5613),
 .UNSPECIFIED.,.F.,.F.,(4,4),(0.,2.81074165424396E-5),.UNSPECIFIED.);
#112=B_SPLINE_CURVE_WITH_KNOTS('',3,(#5632,#5633,#5634,#5635),
 .UNSPECIFIED.,.F.,.F.,(4,4),(9.29379620035191E-16,0.00561349877217002),
 .UNSPECIFIED.);
#113=B_SPLINE_CURVE_WITH_KNOTS('',3,(#5694,#5695,#5696,#5697,#5698,#5699,
#5700),.UNSPECIFIED.,.F.,.F.,(4,1,1,1,4),(7.94950163848063E-18,0.00216774255320556,
0.00433548510641111,0.00650322765961665,0.0086709702128222),
 .UNSPECIFIED.);
#114=B_SPLINE_CURVE_WITH_KNOTS('',3,(#5746,#5747,#5748,#5749,#5750,#5751,
#5752),.UNSPECIFIED.,.F.,.F.,(4,1,1,1,4),(7.94950163848063E-18,0.00216773973688733,
0.00433547947377466,0.00650321921066199,0.00867095894754931),
 .UNSPECIFIED.);
#115=B_SPLINE_CURVE_WITH_KNOTS('',3,(#5753,#5754,#5755,#5756,#5757,#5758,
#5759),.UNSPECIFIED.,.F.,.F.,(4,1,1,1,4),(8.94855049541408E-17,0.00216774255320594,
0.0043354851064118,0.00650322765961765,0.0086709702128235),
 .UNSPECIFIED.);
#116=B_SPLINE_CURVE_WITH_KNOTS('',3,(#5796,#5797,#5798,#5799,#5800,#5801,
#5802),.UNSPECIFIED.,.F.,.F.,(4,1,1,1,4),(9.34177181294034E-18,0.00216773973688766,
0.00433547947377532,0.00650321921066297,0.00867095894755063),
 .UNSPECIFIED.);
#117=B_SPLINE_CURVE_WITH_KNOTS('',3,(#5803,#5804,#5805,#5806),
 .UNSPECIFIED.,.F.,.F.,(4,4),(3.40045626793945E-16,2.82406563050122E-5),
 .UNSPECIFIED.);
#118=B_SPLINE_CURVE_WITH_KNOTS('',3,(#5808,#5809,#5810,#5811,#5812),
 .UNSPECIFIED.,.F.,.F.,(4,1,4),(1.4304896245382E-17,0.00268951562192435,
0.00537903124384868),.UNSPECIFIED.);
#119=B_SPLINE_CURVE_WITH_KNOTS('',3,(#5828,#5829,#5830,#5831),
 .UNSPECIFIED.,.F.,.F.,(4,4),(4.98553279779149E-15,0.00561130533850876),
 .UNSPECIFIED.);
#120=B_SPLINE_CURVE_WITH_KNOTS('',3,(#6066,#6067,#6068,#6069,#6070),
 .UNSPECIFIED.,.F.,.F.,(4,1,4),(3.46944695195361E-18,0.000913522361909248,
0.00182704472381849),.UNSPECIFIED.);
#121=B_SPLINE_CURVE_WITH_KNOTS('',3,(#6073,#6074,#6075,#6076),
 .UNSPECIFIED.,.F.,.F.,(4,4),(0.,1.),.UNSPECIFIED.);
#122=B_SPLINE_CURVE_WITH_KNOTS('',3,(#6086,#6087,#6088,#6089,#6090,#6091),
 .UNSPECIFIED.,.F.,.F.,(4,1,1,4),(1.73472347597681E-18,0.00103190365033434,
0.00154785547550151,0.00206380730066868),.UNSPECIFIED.);
#123=B_SPLINE_CURVE_WITH_KNOTS('',3,(#6134,#6135,#6136,#6137),
 .UNSPECIFIED.,.F.,.F.,(4,4),(0.,0.370612258603031),.UNSPECIFIED.);
#124=B_SPLINE_CURVE_WITH_KNOTS('',3,(#6139,#6140,#6141,#6142),
 .UNSPECIFIED.,.F.,.F.,(4,4),(0.,1.),.UNSPECIFIED.);
#125=B_SPLINE_CURVE_WITH_KNOTS('',3,(#6144,#6145,#6146,#6147),
 .UNSPECIFIED.,.F.,.F.,(4,4),(0.,1.),.UNSPECIFIED.);
#126=B_SPLINE_CURVE_WITH_KNOTS('',3,(#6156,#6157,#6158,#6159),
 .UNSPECIFIED.,.F.,.F.,(4,4),(0.,0.00215019670867787),.UNSPECIFIED.);
#127=B_SPLINE_CURVE_WITH_KNOTS('',3,(#6173,#6174,#6175,#6176,#6177,#6178,
#6179,#6180,#6181,#6182),.UNSPECIFIED.,.F.,.F.,(4,1,1,1,1,1,1,4),(0.,0.000573704118172143,
0.00114740823634429,0.00143426029543036,0.00172111235451643,0.0020079644136025,
0.00215139044314553,0.00229481647268857),.UNSPECIFIED.);
#128=B_SPLINE_CURVE_WITH_KNOTS('',3,(#6189,#6190,#6191,#6192,#6193,#6194),
 .UNSPECIFIED.,.F.,.F.,(4,1,1,4),(0.,0.000882333844441435,0.00132350076666215,
0.00176466768888287),.UNSPECIFIED.);
#129=ELLIPSE('',#3679,1.11394737658839,0.999999999999999);
#130=ELLIPSE('',#3680,1.11394737658839,0.999999999999999);
#131=ELLIPSE('',#3682,2.2696841435349,0.999999999999999);
#132=ELLIPSE('',#3683,2.2696841435349,0.999999999999997);
#133=ELLIPSE('',#3685,1.11396229061401,1.);
#134=ELLIPSE('',#3709,995.542468517028,1.);
#135=ELLIPSE('',#3710,32.7463995436167,32.7460462300658);
#136=ELLIPSE('',#3712,32.7463995436167,32.7460462300658);
#137=ELLIPSE('',#3868,32.7463995436167,32.7460462300658);
#138=ELLIPSE('',#3869,7049.31106579995,32.7460462300658);
#139=ELLIPSE('',#3872,7049.31106581034,32.7460462300658);
#140=ELLIPSE('',#3873,32.7463995436167,32.7460462300658);
#141=ELLIPSE('',#3903,1.8908121076796,0.999999999999999);
#142=ELLIPSE('',#3904,1.00000012612246,0.999999999999999);
#143=ELLIPSE('',#3920,1.04342157544407,0.999999999999999);
#144=ELLIPSE('',#3928,1.41421356237309,0.999999999999999);
#145=PLANE('',#3678);
#146=PLANE('',#3681);
#147=PLANE('',#3684);
#148=PLANE('',#3687);
#149=PLANE('',#3688);
#150=PLANE('',#3701);
#151=PLANE('',#3702);
#152=PLANE('',#3707);
#153=PLANE('',#3708);
#154=PLANE('',#3711);
#155=PLANE('',#3715);
#156=PLANE('',#3722);
#157=PLANE('',#3737);
#158=PLANE('',#3741);
#159=PLANE('',#3759);
#160=PLANE('',#3837);
#161=PLANE('',#3838);
#162=PLANE('',#3839);
#163=PLANE('',#3843);
#164=PLANE('',#3845);
#165=PLANE('',#3847);
#166=PLANE('',#3848);
#167=PLANE('',#3849);
#168=PLANE('',#3857);
#169=PLANE('',#3859);
#170=PLANE('',#3860);
#171=PLANE('',#3865);
#172=PLANE('',#3882);
#173=PLANE('',#3885);
#174=PLANE('',#3886);
#175=PLANE('',#3889);
#176=PLANE('',#3896);
#177=PLANE('',#3897);
#178=PLANE('',#3898);
#179=PLANE('',#3899);
#180=PLANE('',#3907);
#181=PLANE('',#3908);
#182=PLANE('',#3915);
#183=PLANE('',#3916);
#184=PLANE('',#3917);
#185=PLANE('',#3918);
#186=PLANE('',#3919);
#187=PLANE('',#3921);
#188=PLANE('',#3922);
#189=PLANE('',#3924);
#190=PLANE('',#3925);
#191=PLANE('',#3933);
#192=PLANE('',#3935);
#193=PLANE('',#3937);
#194=PLANE('',#3938);
#195=PLANE('',#3940);
#196=PLANE('',#3942);
#197=PLANE('',#3943);
#198=PLANE('',#3948);
#199=PLANE('',#3951);
#200=LINE('',#4686,#365);
#201=LINE('',#4691,#366);
#202=LINE('',#4698,#367);
#203=LINE('',#4700,#368);
#204=LINE('',#4702,#369);
#205=LINE('',#4704,#370);
#206=LINE('',#4706,#371);
#207=LINE('',#4708,#372);
#208=LINE('',#4710,#373);
#209=LINE('',#4714,#374);
#210=LINE('',#4716,#375);
#211=LINE('',#4719,#376);
#212=LINE('',#4721,#377);
#213=LINE('',#4723,#378);
#214=LINE('',#4727,#379);
#215=LINE('',#4731,#380);
#216=LINE('',#4733,#381);
#217=LINE('',#4735,#382);
#218=LINE('',#4737,#383);
#219=LINE('',#4740,#384);
#220=LINE('',#4742,#385);
#221=LINE('',#4744,#386);
#222=LINE('',#4746,#387);
#223=LINE('',#4748,#388);
#224=LINE('',#4749,#389);
#225=LINE('',#4752,#390);
#226=LINE('',#4754,#391);
#227=LINE('',#4756,#392);
#228=LINE('',#4757,#393);
#229=LINE('',#4759,#394);
#230=LINE('',#4761,#395);
#231=LINE('',#4765,#396);
#232=LINE('',#4767,#397);
#233=LINE('',#4769,#398);
#234=LINE('',#4771,#399);
#235=LINE('',#4773,#400);
#236=LINE('',#4775,#401);
#237=LINE('',#4777,#402);
#238=LINE('',#4779,#403);
#239=LINE('',#4783,#404);
#240=LINE('',#4785,#405);
#241=LINE('',#4787,#406);
#242=LINE('',#4789,#407);
#243=LINE('',#4792,#408);
#244=LINE('',#4793,#409);
#245=LINE('',#4798,#410);
#246=LINE('',#4836,#411);
#247=LINE('',#4840,#412);
#248=LINE('',#4856,#413);
#249=LINE('',#4866,#414);
#250=LINE('',#4919,#415);
#251=LINE('',#4921,#416);
#252=LINE('',#4928,#417);
#253=LINE('',#4961,#418);
#254=LINE('',#4975,#419);
#255=LINE('',#4977,#420);
#256=LINE('',#4979,#421);
#257=LINE('',#4983,#422);
#258=LINE('',#4989,#423);
#259=LINE('',#4996,#424);
#260=LINE('',#5023,#425);
#261=LINE('',#5026,#426);
#262=LINE('',#5028,#427);
#263=LINE('',#5030,#428);
#264=LINE('',#5035,#429);
#265=LINE('',#5038,#430);
#266=LINE('',#5040,#431);
#267=LINE('',#5083,#432);
#268=LINE('',#5085,#433);
#269=LINE('',#5088,#434);
#270=LINE('',#5090,#435);
#271=LINE('',#5092,#436);
#272=LINE('',#5117,#437);
#273=LINE('',#5123,#438);
#274=LINE('',#5127,#439);
#275=LINE('',#5132,#440);
#276=LINE('',#5135,#441);
#277=LINE('',#5139,#442);
#278=LINE('',#5143,#443);
#279=LINE('',#5147,#444);
#280=LINE('',#5151,#445);
#281=LINE('',#5157,#446);
#282=LINE('',#5162,#447);
#283=LINE('',#5166,#448);
#284=LINE('',#5170,#449);
#285=LINE('',#5175,#450);
#286=LINE('',#5179,#451);
#287=LINE('',#5203,#452);
#288=LINE('',#5208,#453);
#289=LINE('',#5230,#454);
#290=LINE('',#5233,#455);
#291=LINE('',#5235,#456);
#292=LINE('',#5239,#457);
#293=LINE('',#6007,#458);
#294=LINE('',#6008,#459);
#295=LINE('',#6009,#460);
#296=LINE('',#6010,#461);
#297=LINE('',#6012,#462);
#298=LINE('',#6013,#463);
#299=LINE('',#6014,#464);
#300=LINE('',#6016,#465);
#301=LINE('',#6017,#466);
#302=LINE('',#6018,#467);
#303=LINE('',#6019,#468);
#304=LINE('',#6029,#469);
#305=LINE('',#6030,#470);
#306=LINE('',#6032,#471);
#307=LINE('',#6033,#472);
#308=LINE('',#6047,#473);
#309=LINE('',#6052,#474);
#310=LINE('',#6056,#475);
#311=LINE('',#6058,#476);
#312=LINE('',#6060,#477);
#313=LINE('',#6061,#478);
#314=LINE('',#6063,#479);
#315=LINE('',#6094,#480);
#316=LINE('',#6106,#481);
#317=LINE('',#6109,#482);
#318=LINE('',#6110,#483);
#319=LINE('',#6112,#484);
#320=LINE('',#6113,#485);
#321=LINE('',#6117,#486);
#322=LINE('',#6121,#487);
#323=LINE('',#6122,#488);
#324=LINE('',#6130,#489);
#325=LINE('',#6132,#490);
#326=LINE('',#6197,#491);
#327=LINE('',#6199,#492);
#328=LINE('',#6201,#493);
#329=LINE('',#6203,#494);
#330=LINE('',#6205,#495);
#331=LINE('',#6210,#496);
#332=LINE('',#6214,#497);
#333=LINE('',#6218,#498);
#334=LINE('',#6223,#499);
#335=LINE('',#6225,#500);
#336=LINE('',#6228,#501);
#337=LINE('',#6229,#502);
#338=LINE('',#6231,#503);
#339=LINE('',#6232,#504);
#340=LINE('',#6234,#505);
#341=LINE('',#6235,#506);
#342=LINE('',#6237,#507);
#343=LINE('',#6238,#508);
#344=LINE('',#6240,#509);
#345=LINE('',#6242,#510);
#346=LINE('',#6246,#511);
#347=LINE('',#6248,#512);
#348=LINE('',#6249,#513);
#349=LINE('',#6250,#514);
#350=LINE('',#6252,#515);
#351=LINE('',#6264,#516);
#352=LINE('',#6268,#517);
#353=LINE('',#6270,#518);
#354=LINE('',#6272,#519);
#355=LINE('',#6276,#520);
#356=LINE('',#6278,#521);
#357=LINE('',#6280,#522);
#358=LINE('',#6284,#523);
#359=LINE('',#6286,#524);
#360=LINE('',#6288,#525);
#361=LINE('',#6292,#526);
#362=LINE('',#6294,#527);
#363=LINE('',#6296,#528);
#364=LINE('',#6297,#529);
#365=VECTOR('',#3962,1000.);
#366=VECTOR('',#3965,1000.);
#367=VECTOR('',#3972,1000.);
#368=VECTOR('',#3973,1000.);
#369=VECTOR('',#3974,1000.);
#370=VECTOR('',#3975,1000.);
#371=VECTOR('',#3976,1000.);
#372=VECTOR('',#3977,1000.);
#373=VECTOR('',#3978,1000.);
#374=VECTOR('',#3981,1000.);
#375=VECTOR('',#3984,1000.);
#376=VECTOR('',#3985,1000.);
#377=VECTOR('',#3986,1000.);
#378=VECTOR('',#3987,1000.);
#379=VECTOR('',#3990,1000.);
#380=VECTOR('',#3993,1000.);
#381=VECTOR('',#3994,1000.);
#382=VECTOR('',#3995,1000.);
#383=VECTOR('',#3998,1000.);
#384=VECTOR('',#3999,1000.);
#385=VECTOR('',#4000,1000.);
#386=VECTOR('',#4001,1000.);
#387=VECTOR('',#4002,1000.);
#388=VECTOR('',#4003,1000.);
#389=VECTOR('',#4004,1000.);
#390=VECTOR('',#4005,1000.);
#391=VECTOR('',#4006,1000.);
#392=VECTOR('',#4007,1000.);
#393=VECTOR('',#4008,1000.);
#394=VECTOR('',#4009,1000.);
#395=VECTOR('',#4010,1000.);
#396=VECTOR('',#4013,1000.);
#397=VECTOR('',#4014,1000.);
#398=VECTOR('',#4015,1000.);
#399=VECTOR('',#4016,1000.);
#400=VECTOR('',#4017,1000.);
#401=VECTOR('',#4018,1000.);
#402=VECTOR('',#4019,1000.);
#403=VECTOR('',#4020,1000.);
#404=VECTOR('',#4025,1000.);
#405=VECTOR('',#4026,1000.);
#406=VECTOR('',#4027,1000.);
#407=VECTOR('',#4030,1000.);
#408=VECTOR('',#4031,1000.);
#409=VECTOR('',#4032,1000.);
#410=VECTOR('',#4037,1000.);
#411=VECTOR('',#4038,1000.);
#412=VECTOR('',#4041,1000.);
#413=VECTOR('',#4046,1000.);
#414=VECTOR('',#4049,1000.);
#415=VECTOR('',#4054,1000.);
#416=VECTOR('',#4055,1000.);
#417=VECTOR('',#4056,1000.);
#418=VECTOR('',#4061,1000.);
#419=VECTOR('',#4068,1000.);
#420=VECTOR('',#4069,1000.);
#421=VECTOR('',#4070,1000.);
#422=VECTOR('',#4075,1000.);
#423=VECTOR('',#4080,1000.);
#424=VECTOR('',#4081,1000.);
#425=VECTOR('',#4086,1000.);
#426=VECTOR('',#4087,1000.);
#427=VECTOR('',#4088,1000.);
#428=VECTOR('',#4089,1000.);
#429=VECTOR('',#4094,1000.);
#430=VECTOR('',#4099,1000.);
#431=VECTOR('',#4100,1000.);
#432=VECTOR('',#4107,1000.);
#433=VECTOR('',#4110,1000.);
#434=VECTOR('',#4111,1000.);
#435=VECTOR('',#4112,1000.);
#436=VECTOR('',#4113,1000.);
#437=VECTOR('',#4132,1000.);
#438=VECTOR('',#4137,1000.);
#439=VECTOR('',#4140,1000.);
#440=VECTOR('',#4147,1000.);
#441=VECTOR('',#4148,1000.);
#442=VECTOR('',#4151,1000.);
#443=VECTOR('',#4154,1000.);
#444=VECTOR('',#4157,1000.);
#445=VECTOR('',#4160,1000.);
#446=VECTOR('',#4167,1000.);
#447=VECTOR('',#4170,1000.);
#448=VECTOR('',#4173,1000.);
#449=VECTOR('',#4178,1000.);
#450=VECTOR('',#4181,1000.);
#451=VECTOR('',#4184,1000.);
#452=VECTOR('',#4215,1000.);
#453=VECTOR('',#4222,1000.);
#454=VECTOR('',#4233,1000.);
#455=VECTOR('',#4234,1000.);
#456=VECTOR('',#4235,1000.);
#457=VECTOR('',#4238,1000.);
#458=VECTOR('',#4379,1000.);
#459=VECTOR('',#4380,1000.);
#460=VECTOR('',#4381,1000.);
#461=VECTOR('',#4382,1000.);
#462=VECTOR('',#4385,1000.);
#463=VECTOR('',#4386,1000.);
#464=VECTOR('',#4387,1000.);
#465=VECTOR('',#4390,1000.);
#466=VECTOR('',#4391,1000.);
#467=VECTOR('',#4392,1000.);
#468=VECTOR('',#4393,1000.);
#469=VECTOR('',#4412,1000.);
#470=VECTOR('',#4413,1000.);
#471=VECTOR('',#4416,1000.);
#472=VECTOR('',#4417,1000.);
#473=VECTOR('',#4442,1000.);
#474=VECTOR('',#4447,1000.);
#475=VECTOR('',#4452,1000.);
#476=VECTOR('',#4453,1000.);
#477=VECTOR('',#4454,1000.);
#478=VECTOR('',#4455,1000.);
#479=VECTOR('',#4456,1000.);
#480=VECTOR('',#4475,1000.);
#481=VECTOR('',#4494,1000.);
#482=VECTOR('',#4497,1000.);
#483=VECTOR('',#4498,1000.);
#484=VECTOR('',#4501,1000.);
#485=VECTOR('',#4502,1000.);
#486=VECTOR('',#4507,1000.);
#487=VECTOR('',#4512,1000.);
#488=VECTOR('',#4513,1000.);
#489=VECTOR('',#4528,1000.);
#490=VECTOR('',#4531,1000.);
#491=VECTOR('',#4552,1000.);
#492=VECTOR('',#4553,1000.);
#493=VECTOR('',#4554,1000.);
#494=VECTOR('',#4555,1000.);
#495=VECTOR('',#4558,1000.);
#496=VECTOR('',#4561,1000.);
#497=VECTOR('',#4564,1000.);
#498=VECTOR('',#4567,1000.);
#499=VECTOR('',#4572,1000.);
#500=VECTOR('',#4573,1000.);
#501=VECTOR('',#4578,1000.);
#502=VECTOR('',#4579,1000.);
#503=VECTOR('',#4582,1000.);
#504=VECTOR('',#4583,1000.);
#505=VECTOR('',#4586,1000.);
#506=VECTOR('',#4587,1000.);
#507=VECTOR('',#4590,1000.);
#508=VECTOR('',#4591,1000.);
#509=VECTOR('',#4594,1000.);
#510=VECTOR('',#4595,1000.);
#511=VECTOR('',#4600,1000.);
#512=VECTOR('',#4601,1000.);
#513=VECTOR('',#4602,1000.);
#514=VECTOR('',#4603,1000.);
#515=VECTOR('',#4606,1000.);
#516=VECTOR('',#4629,1000.);
#517=VECTOR('',#4632,1000.);
#518=VECTOR('',#4633,1000.);
#519=VECTOR('',#4636,1000.);
#520=VECTOR('',#4639,1000.);
#521=VECTOR('',#4642,1000.);
#522=VECTOR('',#4643,1000.);
#523=VECTOR('',#4648,1000.);
#524=VECTOR('',#4649,1000.);
#525=VECTOR('',#4652,1000.);
#526=VECTOR('',#4655,1000.);
#527=VECTOR('',#4658,1000.);
#528=VECTOR('',#4661,1000.);
#529=VECTOR('',#4662,1000.);
#530=ORIENTED_EDGE('',*,*,#1286,.F.);
#531=ORIENTED_EDGE('',*,*,#1287,.T.);
#532=ORIENTED_EDGE('',*,*,#1288,.F.);
#533=ORIENTED_EDGE('',*,*,#1289,.T.);
#534=ORIENTED_EDGE('',*,*,#1290,.T.);
#535=ORIENTED_EDGE('',*,*,#1291,.F.);
#536=ORIENTED_EDGE('',*,*,#1292,.T.);
#537=ORIENTED_EDGE('',*,*,#1293,.F.);
#538=ORIENTED_EDGE('',*,*,#1294,.F.);
#539=ORIENTED_EDGE('',*,*,#1295,.F.);
#540=ORIENTED_EDGE('',*,*,#1296,.T.);
#541=ORIENTED_EDGE('',*,*,#1297,.T.);
#542=ORIENTED_EDGE('',*,*,#1298,.T.);
#543=ORIENTED_EDGE('',*,*,#1299,.T.);
#544=ORIENTED_EDGE('',*,*,#1300,.T.);
#545=ORIENTED_EDGE('',*,*,#1301,.F.);
#546=ORIENTED_EDGE('',*,*,#1302,.T.);
#547=ORIENTED_EDGE('',*,*,#1303,.T.);
#548=ORIENTED_EDGE('',*,*,#1304,.T.);
#549=ORIENTED_EDGE('',*,*,#1305,.T.);
#550=ORIENTED_EDGE('',*,*,#1306,.T.);
#551=ORIENTED_EDGE('',*,*,#1307,.F.);
#552=ORIENTED_EDGE('',*,*,#1308,.T.);
#553=ORIENTED_EDGE('',*,*,#1309,.T.);
#554=ORIENTED_EDGE('',*,*,#1310,.T.);
#555=ORIENTED_EDGE('',*,*,#1311,.T.);
#556=ORIENTED_EDGE('',*,*,#1312,.T.);
#557=ORIENTED_EDGE('',*,*,#1313,.T.);
#558=ORIENTED_EDGE('',*,*,#1314,.T.);
#559=ORIENTED_EDGE('',*,*,#1315,.T.);
#560=ORIENTED_EDGE('',*,*,#1316,.T.);
#561=ORIENTED_EDGE('',*,*,#1317,.T.);
#562=ORIENTED_EDGE('',*,*,#1318,.F.);
#563=ORIENTED_EDGE('',*,*,#1319,.T.);
#564=ORIENTED_EDGE('',*,*,#1320,.T.);
#565=ORIENTED_EDGE('',*,*,#1321,.T.);
#566=ORIENTED_EDGE('',*,*,#1301,.T.);
#567=ORIENTED_EDGE('',*,*,#1322,.T.);
#568=ORIENTED_EDGE('',*,*,#1323,.T.);
#569=ORIENTED_EDGE('',*,*,#1324,.T.);
#570=ORIENTED_EDGE('',*,*,#1325,.T.);
#571=ORIENTED_EDGE('',*,*,#1326,.T.);
#572=ORIENTED_EDGE('',*,*,#1327,.F.);
#573=ORIENTED_EDGE('',*,*,#1328,.F.);
#574=ORIENTED_EDGE('',*,*,#1329,.T.);
#575=ORIENTED_EDGE('',*,*,#1330,.T.);
#576=ORIENTED_EDGE('',*,*,#1331,.T.);
#577=ORIENTED_EDGE('',*,*,#1332,.T.);
#578=ORIENTED_EDGE('',*,*,#1333,.T.);
#579=ORIENTED_EDGE('',*,*,#1334,.T.);
#580=ORIENTED_EDGE('',*,*,#1307,.T.);
#581=ORIENTED_EDGE('',*,*,#1335,.T.);
#582=ORIENTED_EDGE('',*,*,#1336,.F.);
#583=ORIENTED_EDGE('',*,*,#1337,.T.);
#584=ORIENTED_EDGE('',*,*,#1338,.F.);
#585=ORIENTED_EDGE('',*,*,#1339,.T.);
#586=ORIENTED_EDGE('',*,*,#1318,.T.);
#587=ORIENTED_EDGE('',*,*,#1340,.T.);
#588=ORIENTED_EDGE('',*,*,#1341,.F.);
#589=ORIENTED_EDGE('',*,*,#1342,.T.);
#590=ORIENTED_EDGE('',*,*,#1343,.T.);
#591=ORIENTED_EDGE('',*,*,#1344,.T.);
#592=ORIENTED_EDGE('',*,*,#1345,.T.);
#593=ORIENTED_EDGE('',*,*,#1346,.F.);
#594=ORIENTED_EDGE('',*,*,#1347,.T.);
#595=ORIENTED_EDGE('',*,*,#1342,.F.);
#596=ORIENTED_EDGE('',*,*,#1348,.T.);
#597=ORIENTED_EDGE('',*,*,#1349,.T.);
#598=ORIENTED_EDGE('',*,*,#1350,.T.);
#599=ORIENTED_EDGE('',*,*,#1351,.T.);
#600=ORIENTED_EDGE('',*,*,#1352,.T.);
#601=ORIENTED_EDGE('',*,*,#1353,.F.);
#602=ORIENTED_EDGE('',*,*,#1354,.F.);
#603=ORIENTED_EDGE('',*,*,#1355,.T.);
#604=ORIENTED_EDGE('',*,*,#1356,.T.);
#605=ORIENTED_EDGE('',*,*,#1357,.T.);
#606=ORIENTED_EDGE('',*,*,#1358,.T.);
#607=ORIENTED_EDGE('',*,*,#1359,.T.);
#608=ORIENTED_EDGE('',*,*,#1360,.F.);
#609=ORIENTED_EDGE('',*,*,#1361,.F.);
#610=ORIENTED_EDGE('',*,*,#1362,.F.);
#611=ORIENTED_EDGE('',*,*,#1363,.F.);
#612=ORIENTED_EDGE('',*,*,#1364,.F.);
#613=ORIENTED_EDGE('',*,*,#1365,.T.);
#614=ORIENTED_EDGE('',*,*,#1366,.T.);
#615=ORIENTED_EDGE('',*,*,#1367,.T.);
#616=ORIENTED_EDGE('',*,*,#1368,.T.);
#617=ORIENTED_EDGE('',*,*,#1369,.F.);
#618=ORIENTED_EDGE('',*,*,#1353,.T.);
#619=ORIENTED_EDGE('',*,*,#1367,.F.);
#620=ORIENTED_EDGE('',*,*,#1370,.T.);
#621=ORIENTED_EDGE('',*,*,#1371,.T.);
#622=ORIENTED_EDGE('',*,*,#1345,.F.);
#623=ORIENTED_EDGE('',*,*,#1326,.F.);
#624=ORIENTED_EDGE('',*,*,#1372,.T.);
#625=ORIENTED_EDGE('',*,*,#1373,.T.);
#626=ORIENTED_EDGE('',*,*,#1374,.F.);
#627=ORIENTED_EDGE('',*,*,#1375,.T.);
#628=ORIENTED_EDGE('',*,*,#1376,.F.);
#629=ORIENTED_EDGE('',*,*,#1377,.T.);
#630=ORIENTED_EDGE('',*,*,#1323,.F.);
#631=ORIENTED_EDGE('',*,*,#1378,.T.);
#632=ORIENTED_EDGE('',*,*,#1379,.F.);
#633=ORIENTED_EDGE('',*,*,#1380,.T.);
#634=ORIENTED_EDGE('',*,*,#1381,.T.);
#635=ORIENTED_EDGE('',*,*,#1363,.T.);
#636=ORIENTED_EDGE('',*,*,#1382,.F.);
#637=ORIENTED_EDGE('',*,*,#1383,.T.);
#638=ORIENTED_EDGE('',*,*,#1384,.F.);
#639=ORIENTED_EDGE('',*,*,#1375,.F.);
#640=ORIENTED_EDGE('',*,*,#1385,.T.);
#641=ORIENTED_EDGE('',*,*,#1386,.T.);
#642=ORIENTED_EDGE('',*,*,#1387,.T.);
#643=ORIENTED_EDGE('',*,*,#1388,.F.);
#644=ORIENTED_EDGE('',*,*,#1389,.T.);
#645=ORIENTED_EDGE('',*,*,#1390,.T.);
#646=ORIENTED_EDGE('',*,*,#1376,.T.);
#647=ORIENTED_EDGE('',*,*,#1391,.F.);
#648=ORIENTED_EDGE('',*,*,#1379,.T.);
#649=ORIENTED_EDGE('',*,*,#1392,.T.);
#650=ORIENTED_EDGE('',*,*,#1393,.T.);
#651=ORIENTED_EDGE('',*,*,#1394,.F.);
#652=ORIENTED_EDGE('',*,*,#1395,.T.);
#653=ORIENTED_EDGE('',*,*,#1382,.T.);
#654=ORIENTED_EDGE('',*,*,#1362,.T.);
#655=ORIENTED_EDGE('',*,*,#1396,.T.);
#656=ORIENTED_EDGE('',*,*,#1397,.T.);
#657=ORIENTED_EDGE('',*,*,#1398,.T.);
#658=ORIENTED_EDGE('',*,*,#1399,.T.);
#659=ORIENTED_EDGE('',*,*,#1400,.T.);
#660=ORIENTED_EDGE('',*,*,#1401,.F.);
#661=ORIENTED_EDGE('',*,*,#1402,.T.);
#662=ORIENTED_EDGE('',*,*,#1403,.T.);
#663=ORIENTED_EDGE('',*,*,#1404,.T.);
#664=ORIENTED_EDGE('',*,*,#1405,.T.);
#665=ORIENTED_EDGE('',*,*,#1286,.T.);
#666=ORIENTED_EDGE('',*,*,#1369,.T.);
#667=ORIENTED_EDGE('',*,*,#1406,.T.);
#668=ORIENTED_EDGE('',*,*,#1407,.T.);
#669=ORIENTED_EDGE('',*,*,#1408,.T.);
#670=ORIENTED_EDGE('',*,*,#1409,.T.);
#671=ORIENTED_EDGE('',*,*,#1354,.T.);
#672=ORIENTED_EDGE('',*,*,#1410,.T.);
#673=ORIENTED_EDGE('',*,*,#1411,.T.);
#674=ORIENTED_EDGE('',*,*,#1331,.F.);
#675=ORIENTED_EDGE('',*,*,#1412,.T.);
#676=ORIENTED_EDGE('',*,*,#1413,.T.);
#677=ORIENTED_EDGE('',*,*,#1414,.T.);
#678=ORIENTED_EDGE('',*,*,#1415,.T.);
#679=ORIENTED_EDGE('',*,*,#1416,.T.);
#680=ORIENTED_EDGE('',*,*,#1401,.T.);
#681=ORIENTED_EDGE('',*,*,#1417,.T.);
#682=ORIENTED_EDGE('',*,*,#1311,.F.);
#683=ORIENTED_EDGE('',*,*,#1418,.T.);
#684=ORIENTED_EDGE('',*,*,#1419,.T.);
#685=ORIENTED_EDGE('',*,*,#1420,.T.);
#686=ORIENTED_EDGE('',*,*,#1421,.T.);
#687=ORIENTED_EDGE('',*,*,#1422,.T.);
#688=ORIENTED_EDGE('',*,*,#1423,.T.);
#689=ORIENTED_EDGE('',*,*,#1424,.F.);
#690=ORIENTED_EDGE('',*,*,#1425,.T.);
#691=ORIENTED_EDGE('',*,*,#1426,.T.);
#692=ORIENTED_EDGE('',*,*,#1427,.T.);
#693=ORIENTED_EDGE('',*,*,#1428,.F.);
#694=ORIENTED_EDGE('',*,*,#1429,.T.);
#695=ORIENTED_EDGE('',*,*,#1430,.T.);
#696=ORIENTED_EDGE('',*,*,#1431,.F.);
#697=ORIENTED_EDGE('',*,*,#1432,.T.);
#698=ORIENTED_EDGE('',*,*,#1433,.T.);
#699=ORIENTED_EDGE('',*,*,#1434,.T.);
#700=ORIENTED_EDGE('',*,*,#1435,.T.);
#701=ORIENTED_EDGE('',*,*,#1436,.T.);
#702=ORIENTED_EDGE('',*,*,#1437,.F.);
#703=ORIENTED_EDGE('',*,*,#1438,.T.);
#704=ORIENTED_EDGE('',*,*,#1439,.F.);
#705=ORIENTED_EDGE('',*,*,#1440,.T.);
#706=ORIENTED_EDGE('',*,*,#1441,.T.);
#707=ORIENTED_EDGE('',*,*,#1442,.T.);
#708=ORIENTED_EDGE('',*,*,#1443,.T.);
#709=ORIENTED_EDGE('',*,*,#1444,.T.);
#710=ORIENTED_EDGE('',*,*,#1445,.T.);
#711=ORIENTED_EDGE('',*,*,#1446,.T.);
#712=ORIENTED_EDGE('',*,*,#1447,.T.);
#713=ORIENTED_EDGE('',*,*,#1448,.T.);
#714=ORIENTED_EDGE('',*,*,#1364,.T.);
#715=ORIENTED_EDGE('',*,*,#1384,.T.);
#716=ORIENTED_EDGE('',*,*,#1449,.T.);
#717=ORIENTED_EDGE('',*,*,#1450,.T.);
#718=ORIENTED_EDGE('',*,*,#1361,.T.);
#719=ORIENTED_EDGE('',*,*,#1451,.F.);
#720=ORIENTED_EDGE('',*,*,#1452,.T.);
#721=ORIENTED_EDGE('',*,*,#1374,.T.);
#722=ORIENTED_EDGE('',*,*,#1453,.F.);
#723=ORIENTED_EDGE('',*,*,#1291,.T.);
#724=ORIENTED_EDGE('',*,*,#1454,.F.);
#725=ORIENTED_EDGE('',*,*,#1455,.F.);
#726=ORIENTED_EDGE('',*,*,#1327,.T.);
#727=ORIENTED_EDGE('',*,*,#1451,.T.);
#728=ORIENTED_EDGE('',*,*,#1360,.T.);
#729=ORIENTED_EDGE('',*,*,#1456,.T.);
#730=ORIENTED_EDGE('',*,*,#1457,.T.);
#731=ORIENTED_EDGE('',*,*,#1458,.F.);
#732=ORIENTED_EDGE('',*,*,#1459,.F.);
#733=ORIENTED_EDGE('',*,*,#1460,.T.);
#734=ORIENTED_EDGE('',*,*,#1461,.T.);
#735=ORIENTED_EDGE('',*,*,#1462,.T.);
#736=ORIENTED_EDGE('',*,*,#1463,.F.);
#737=ORIENTED_EDGE('',*,*,#1464,.F.);
#738=ORIENTED_EDGE('',*,*,#1465,.T.);
#739=ORIENTED_EDGE('',*,*,#1466,.T.);
#740=ORIENTED_EDGE('',*,*,#1467,.F.);
#741=ORIENTED_EDGE('',*,*,#1468,.T.);
#742=ORIENTED_EDGE('',*,*,#1469,.T.);
#743=ORIENTED_EDGE('',*,*,#1470,.T.);
#744=ORIENTED_EDGE('',*,*,#1471,.T.);
#745=ORIENTED_EDGE('',*,*,#1472,.F.);
#746=ORIENTED_EDGE('',*,*,#1473,.T.);
#747=ORIENTED_EDGE('',*,*,#1474,.F.);
#748=ORIENTED_EDGE('',*,*,#1475,.T.);
#749=ORIENTED_EDGE('',*,*,#1476,.T.);
#750=ORIENTED_EDGE('',*,*,#1477,.T.);
#751=ORIENTED_EDGE('',*,*,#1478,.T.);
#752=ORIENTED_EDGE('',*,*,#1479,.F.);
#753=ORIENTED_EDGE('',*,*,#1480,.T.);
#754=ORIENTED_EDGE('',*,*,#1481,.T.);
#755=ORIENTED_EDGE('',*,*,#1482,.T.);
#756=ORIENTED_EDGE('',*,*,#1483,.F.);
#757=ORIENTED_EDGE('',*,*,#1484,.T.);
#758=ORIENTED_EDGE('',*,*,#1485,.F.);
#759=ORIENTED_EDGE('',*,*,#1486,.T.);
#760=ORIENTED_EDGE('',*,*,#1487,.T.);
#761=ORIENTED_EDGE('',*,*,#1459,.T.);
#762=ORIENTED_EDGE('',*,*,#1488,.T.);
#763=ORIENTED_EDGE('',*,*,#1476,.F.);
#764=ORIENTED_EDGE('',*,*,#1489,.T.);
#765=ORIENTED_EDGE('',*,*,#1490,.T.);
#766=ORIENTED_EDGE('',*,*,#1408,.F.);
#767=ORIENTED_EDGE('',*,*,#1491,.T.);
#768=ORIENTED_EDGE('',*,*,#1474,.T.);
#769=ORIENTED_EDGE('',*,*,#1492,.T.);
#770=ORIENTED_EDGE('',*,*,#1483,.T.);
#771=ORIENTED_EDGE('',*,*,#1493,.T.);
#772=ORIENTED_EDGE('',*,*,#1494,.F.);
#773=ORIENTED_EDGE('',*,*,#1495,.T.);
#774=ORIENTED_EDGE('',*,*,#1496,.F.);
#775=ORIENTED_EDGE('',*,*,#1497,.T.);
#776=ORIENTED_EDGE('',*,*,#1485,.T.);
#777=ORIENTED_EDGE('',*,*,#1458,.T.);
#778=ORIENTED_EDGE('',*,*,#1479,.T.);
#779=ORIENTED_EDGE('',*,*,#1498,.T.);
#780=ORIENTED_EDGE('',*,*,#1499,.F.);
#781=ORIENTED_EDGE('',*,*,#1500,.T.);
#782=ORIENTED_EDGE('',*,*,#1499,.T.);
#783=ORIENTED_EDGE('',*,*,#1501,.T.);
#784=ORIENTED_EDGE('',*,*,#1502,.T.);
#785=ORIENTED_EDGE('',*,*,#1503,.T.);
#786=ORIENTED_EDGE('',*,*,#1494,.T.);
#787=ORIENTED_EDGE('',*,*,#1504,.T.);
#788=ORIENTED_EDGE('',*,*,#1505,.T.);
#789=ORIENTED_EDGE('',*,*,#1506,.T.);
#790=ORIENTED_EDGE('',*,*,#1507,.T.);
#791=ORIENTED_EDGE('',*,*,#1508,.T.);
#792=ORIENTED_EDGE('',*,*,#1496,.T.);
#793=ORIENTED_EDGE('',*,*,#1457,.F.);
#794=ORIENTED_EDGE('',*,*,#1509,.T.);
#795=ORIENTED_EDGE('',*,*,#1472,.T.);
#796=ORIENTED_EDGE('',*,*,#1510,.T.);
#797=ORIENTED_EDGE('',*,*,#1511,.T.);
#798=ORIENTED_EDGE('',*,*,#1512,.T.);
#799=ORIENTED_EDGE('',*,*,#1406,.F.);
#800=ORIENTED_EDGE('',*,*,#1368,.F.);
#801=ORIENTED_EDGE('',*,*,#1344,.F.);
#802=ORIENTED_EDGE('',*,*,#1397,.F.);
#803=ORIENTED_EDGE('',*,*,#1452,.F.);
#804=ORIENTED_EDGE('',*,*,#1461,.F.);
#805=ORIENTED_EDGE('',*,*,#1513,.T.);
#806=ORIENTED_EDGE('',*,*,#1514,.T.);
#807=ORIENTED_EDGE('',*,*,#1515,.T.);
#808=ORIENTED_EDGE('',*,*,#1516,.T.);
#809=ORIENTED_EDGE('',*,*,#1359,.F.);
#810=ORIENTED_EDGE('',*,*,#1517,.T.);
#811=ORIENTED_EDGE('',*,*,#1507,.F.);
#812=ORIENTED_EDGE('',*,*,#1456,.F.);
#813=ORIENTED_EDGE('',*,*,#1505,.F.);
#814=ORIENTED_EDGE('',*,*,#1518,.T.);
#815=ORIENTED_EDGE('',*,*,#1358,.F.);
#816=ORIENTED_EDGE('',*,*,#1519,.T.);
#817=ORIENTED_EDGE('',*,*,#1502,.F.);
#818=ORIENTED_EDGE('',*,*,#1520,.T.);
#819=ORIENTED_EDGE('',*,*,#1357,.F.);
#820=ORIENTED_EDGE('',*,*,#1521,.T.);
#821=ORIENTED_EDGE('',*,*,#1522,.T.);
#822=ORIENTED_EDGE('',*,*,#1523,.T.);
#823=ORIENTED_EDGE('',*,*,#1356,.F.);
#824=ORIENTED_EDGE('',*,*,#1524,.F.);
#825=ORIENTED_EDGE('',*,*,#1509,.F.);
#826=ORIENTED_EDGE('',*,*,#1524,.T.);
#827=ORIENTED_EDGE('',*,*,#1355,.F.);
#828=ORIENTED_EDGE('',*,*,#1409,.F.);
#829=ORIENTED_EDGE('',*,*,#1492,.F.);
#830=ORIENTED_EDGE('',*,*,#1473,.F.);
#831=ORIENTED_EDGE('',*,*,#1487,.F.);
#832=ORIENTED_EDGE('',*,*,#1525,.T.);
#833=ORIENTED_EDGE('',*,*,#1513,.F.);
#834=ORIENTED_EDGE('',*,*,#1460,.F.);
#835=ORIENTED_EDGE('',*,*,#1514,.F.);
#836=ORIENTED_EDGE('',*,*,#1526,.T.);
#837=ORIENTED_EDGE('',*,*,#1481,.F.);
#838=ORIENTED_EDGE('',*,*,#1527,.T.);
#839=ORIENTED_EDGE('',*,*,#1515,.F.);
#840=ORIENTED_EDGE('',*,*,#1528,.T.);
#841=ORIENTED_EDGE('',*,*,#1477,.F.);
#842=ORIENTED_EDGE('',*,*,#1529,.T.);
#843=ORIENTED_EDGE('',*,*,#1530,.T.);
#844=ORIENTED_EDGE('',*,*,#1531,.T.);
#845=ORIENTED_EDGE('',*,*,#1489,.F.);
#846=ORIENTED_EDGE('',*,*,#1532,.F.);
#847=ORIENTED_EDGE('',*,*,#1516,.F.);
#848=ORIENTED_EDGE('',*,*,#1407,.F.);
#849=ORIENTED_EDGE('',*,*,#1512,.F.);
#850=ORIENTED_EDGE('',*,*,#1532,.T.);
#851=ORIENTED_EDGE('',*,*,#1475,.F.);
#852=ORIENTED_EDGE('',*,*,#1491,.F.);
#853=ORIENTED_EDGE('',*,*,#1531,.F.);
#854=ORIENTED_EDGE('',*,*,#1530,.F.);
#855=ORIENTED_EDGE('',*,*,#1533,.F.);
#856=ORIENTED_EDGE('',*,*,#1533,.T.);
#857=ORIENTED_EDGE('',*,*,#1529,.F.);
#858=ORIENTED_EDGE('',*,*,#1534,.F.);
#859=ORIENTED_EDGE('',*,*,#1490,.F.);
#860=ORIENTED_EDGE('',*,*,#1534,.T.);
#861=ORIENTED_EDGE('',*,*,#1480,.F.);
#862=ORIENTED_EDGE('',*,*,#1535,.F.);
#863=ORIENTED_EDGE('',*,*,#1488,.F.);
#864=ORIENTED_EDGE('',*,*,#1535,.T.);
#865=ORIENTED_EDGE('',*,*,#1500,.F.);
#866=ORIENTED_EDGE('',*,*,#1536,.F.);
#867=ORIENTED_EDGE('',*,*,#1471,.F.);
#868=ORIENTED_EDGE('',*,*,#1536,.T.);
#869=ORIENTED_EDGE('',*,*,#1503,.F.);
#870=ORIENTED_EDGE('',*,*,#1537,.F.);
#871=ORIENTED_EDGE('',*,*,#1510,.F.);
#872=ORIENTED_EDGE('',*,*,#1537,.T.);
#873=ORIENTED_EDGE('',*,*,#1522,.F.);
#874=ORIENTED_EDGE('',*,*,#1538,.F.);
#875=ORIENTED_EDGE('',*,*,#1511,.F.);
#876=ORIENTED_EDGE('',*,*,#1538,.T.);
#877=ORIENTED_EDGE('',*,*,#1521,.F.);
#878=ORIENTED_EDGE('',*,*,#1523,.F.);
#879=ORIENTED_EDGE('',*,*,#1528,.F.);
#880=ORIENTED_EDGE('',*,*,#1527,.F.);
#881=ORIENTED_EDGE('',*,*,#1539,.F.);
#882=ORIENTED_EDGE('',*,*,#1539,.T.);
#883=ORIENTED_EDGE('',*,*,#1484,.F.);
#884=ORIENTED_EDGE('',*,*,#1540,.F.);
#885=ORIENTED_EDGE('',*,*,#1478,.F.);
#886=ORIENTED_EDGE('',*,*,#1540,.T.);
#887=ORIENTED_EDGE('',*,*,#1495,.F.);
#888=ORIENTED_EDGE('',*,*,#1541,.F.);
#889=ORIENTED_EDGE('',*,*,#1498,.F.);
#890=ORIENTED_EDGE('',*,*,#1541,.T.);
#891=ORIENTED_EDGE('',*,*,#1506,.F.);
#892=ORIENTED_EDGE('',*,*,#1542,.F.);
#893=ORIENTED_EDGE('',*,*,#1501,.F.);
#894=ORIENTED_EDGE('',*,*,#1542,.T.);
#895=ORIENTED_EDGE('',*,*,#1519,.F.);
#896=ORIENTED_EDGE('',*,*,#1520,.F.);
#897=ORIENTED_EDGE('',*,*,#1526,.F.);
#898=ORIENTED_EDGE('',*,*,#1525,.F.);
#899=ORIENTED_EDGE('',*,*,#1543,.F.);
#900=ORIENTED_EDGE('',*,*,#1543,.T.);
#901=ORIENTED_EDGE('',*,*,#1486,.F.);
#902=ORIENTED_EDGE('',*,*,#1544,.F.);
#903=ORIENTED_EDGE('',*,*,#1482,.F.);
#904=ORIENTED_EDGE('',*,*,#1544,.T.);
#905=ORIENTED_EDGE('',*,*,#1497,.F.);
#906=ORIENTED_EDGE('',*,*,#1545,.F.);
#907=ORIENTED_EDGE('',*,*,#1493,.F.);
#908=ORIENTED_EDGE('',*,*,#1545,.T.);
#909=ORIENTED_EDGE('',*,*,#1508,.F.);
#910=ORIENTED_EDGE('',*,*,#1546,.F.);
#911=ORIENTED_EDGE('',*,*,#1504,.F.);
#912=ORIENTED_EDGE('',*,*,#1546,.T.);
#913=ORIENTED_EDGE('',*,*,#1517,.F.);
#914=ORIENTED_EDGE('',*,*,#1518,.F.);
#915=ORIENTED_EDGE('',*,*,#1547,.T.);
#916=ORIENTED_EDGE('',*,*,#1431,.T.);
#917=ORIENTED_EDGE('',*,*,#1548,.T.);
#918=ORIENTED_EDGE('',*,*,#1424,.T.);
#919=ORIENTED_EDGE('',*,*,#1549,.T.);
#920=ORIENTED_EDGE('',*,*,#1439,.T.);
#921=ORIENTED_EDGE('',*,*,#1550,.T.);
#922=ORIENTED_EDGE('',*,*,#1467,.T.);
#923=ORIENTED_EDGE('',*,*,#1465,.F.);
#924=ORIENTED_EDGE('',*,*,#1551,.F.);
#925=ORIENTED_EDGE('',*,*,#1428,.T.);
#926=ORIENTED_EDGE('',*,*,#1552,.T.);
#927=ORIENTED_EDGE('',*,*,#1433,.F.);
#928=ORIENTED_EDGE('',*,*,#1553,.T.);
#929=ORIENTED_EDGE('',*,*,#1554,.T.);
#930=ORIENTED_EDGE('',*,*,#1437,.T.);
#931=ORIENTED_EDGE('',*,*,#1555,.T.);
#932=ORIENTED_EDGE('',*,*,#1420,.F.);
#933=ORIENTED_EDGE('',*,*,#1556,.T.);
#934=ORIENTED_EDGE('',*,*,#1336,.T.);
#935=ORIENTED_EDGE('',*,*,#1557,.T.);
#936=ORIENTED_EDGE('',*,*,#1463,.T.);
#937=ORIENTED_EDGE('',*,*,#1450,.F.);
#938=ORIENTED_EDGE('',*,*,#1396,.F.);
#939=ORIENTED_EDGE('',*,*,#1383,.F.);
#940=ORIENTED_EDGE('',*,*,#1395,.F.);
#941=ORIENTED_EDGE('',*,*,#1343,.F.);
#942=ORIENTED_EDGE('',*,*,#1449,.F.);
#943=ORIENTED_EDGE('',*,*,#1448,.F.);
#944=ORIENTED_EDGE('',*,*,#1462,.F.);
#945=ORIENTED_EDGE('',*,*,#1447,.F.);
#946=ORIENTED_EDGE('',*,*,#1446,.F.);
#947=ORIENTED_EDGE('',*,*,#1470,.F.);
#948=ORIENTED_EDGE('',*,*,#1445,.F.);
#949=ORIENTED_EDGE('',*,*,#1444,.F.);
#950=ORIENTED_EDGE('',*,*,#1469,.F.);
#951=ORIENTED_EDGE('',*,*,#1443,.F.);
#952=ORIENTED_EDGE('',*,*,#1422,.F.);
#953=ORIENTED_EDGE('',*,*,#1558,.T.);
#954=ORIENTED_EDGE('',*,*,#1441,.F.);
#955=ORIENTED_EDGE('',*,*,#1559,.T.);
#956=ORIENTED_EDGE('',*,*,#1426,.F.);
#957=ORIENTED_EDGE('',*,*,#1560,.T.);
#958=ORIENTED_EDGE('',*,*,#1435,.F.);
#959=ORIENTED_EDGE('',*,*,#1561,.T.);
#960=ORIENTED_EDGE('',*,*,#1468,.F.);
#961=ORIENTED_EDGE('',*,*,#1550,.F.);
#962=ORIENTED_EDGE('',*,*,#1438,.F.);
#963=ORIENTED_EDGE('',*,*,#1554,.F.);
#964=ORIENTED_EDGE('',*,*,#1466,.F.);
#965=ORIENTED_EDGE('',*,*,#1553,.F.);
#966=ORIENTED_EDGE('',*,*,#1432,.F.);
#967=ORIENTED_EDGE('',*,*,#1547,.F.);
#968=ORIENTED_EDGE('',*,*,#1423,.F.);
#969=ORIENTED_EDGE('',*,*,#1559,.F.);
#970=ORIENTED_EDGE('',*,*,#1440,.F.);
#971=ORIENTED_EDGE('',*,*,#1549,.F.);
#972=ORIENTED_EDGE('',*,*,#1434,.F.);
#973=ORIENTED_EDGE('',*,*,#1552,.F.);
#974=ORIENTED_EDGE('',*,*,#1427,.F.);
#975=ORIENTED_EDGE('',*,*,#1561,.F.);
#976=ORIENTED_EDGE('',*,*,#1442,.F.);
#977=ORIENTED_EDGE('',*,*,#1558,.F.);
#978=ORIENTED_EDGE('',*,*,#1421,.F.);
#979=ORIENTED_EDGE('',*,*,#1555,.F.);
#980=ORIENTED_EDGE('',*,*,#1436,.F.);
#981=ORIENTED_EDGE('',*,*,#1560,.F.);
#982=ORIENTED_EDGE('',*,*,#1425,.F.);
#983=ORIENTED_EDGE('',*,*,#1548,.F.);
#984=ORIENTED_EDGE('',*,*,#1403,.F.);
#985=ORIENTED_EDGE('',*,*,#1430,.F.);
#986=ORIENTED_EDGE('',*,*,#1402,.F.);
#987=ORIENTED_EDGE('',*,*,#1405,.F.);
#988=ORIENTED_EDGE('',*,*,#1429,.F.);
#989=ORIENTED_EDGE('',*,*,#1404,.F.);
#990=ORIENTED_EDGE('',*,*,#1464,.T.);
#991=ORIENTED_EDGE('',*,*,#1557,.F.);
#992=ORIENTED_EDGE('',*,*,#1562,.T.);
#993=ORIENTED_EDGE('',*,*,#1563,.T.);
#994=ORIENTED_EDGE('',*,*,#1564,.T.);
#995=ORIENTED_EDGE('',*,*,#1338,.T.);
#996=ORIENTED_EDGE('',*,*,#1565,.T.);
#997=ORIENTED_EDGE('',*,*,#1566,.T.);
#998=ORIENTED_EDGE('',*,*,#1567,.T.);
#999=ORIENTED_EDGE('',*,*,#1556,.F.);
#1000=ORIENTED_EDGE('',*,*,#1419,.F.);
#1001=ORIENTED_EDGE('',*,*,#1551,.T.);
#1002=ORIENTED_EDGE('',*,*,#1568,.F.);
#1003=ORIENTED_EDGE('',*,*,#1569,.T.);
#1004=ORIENTED_EDGE('',*,*,#1570,.T.);
#1005=ORIENTED_EDGE('',*,*,#1415,.F.);
#1006=ORIENTED_EDGE('',*,*,#1571,.T.);
#1007=ORIENTED_EDGE('',*,*,#1572,.F.);
#1008=ORIENTED_EDGE('',*,*,#1328,.T.);
#1009=ORIENTED_EDGE('',*,*,#1455,.T.);
#1010=ORIENTED_EDGE('',*,*,#1304,.F.);
#1011=ORIENTED_EDGE('',*,*,#1573,.T.);
#1012=ORIENTED_EDGE('',*,*,#1288,.T.);
#1013=ORIENTED_EDGE('',*,*,#1453,.T.);
#1014=ORIENTED_EDGE('',*,*,#1373,.F.);
#1015=ORIENTED_EDGE('',*,*,#1574,.T.);
#1016=ORIENTED_EDGE('',*,*,#1391,.T.);
#1017=ORIENTED_EDGE('',*,*,#1575,.T.);
#1018=ORIENTED_EDGE('',*,*,#1576,.T.);
#1019=ORIENTED_EDGE('',*,*,#1577,.T.);
#1020=ORIENTED_EDGE('',*,*,#1578,.T.);
#1021=ORIENTED_EDGE('',*,*,#1388,.T.);
#1022=ORIENTED_EDGE('',*,*,#1579,.T.);
#1023=ORIENTED_EDGE('',*,*,#1580,.T.);
#1024=ORIENTED_EDGE('',*,*,#1581,.T.);
#1025=ORIENTED_EDGE('',*,*,#1394,.T.);
#1026=ORIENTED_EDGE('',*,*,#1582,.T.);
#1027=ORIENTED_EDGE('',*,*,#1297,.F.);
#1028=ORIENTED_EDGE('',*,*,#1583,.T.);
#1029=ORIENTED_EDGE('',*,*,#1584,.F.);
#1030=ORIENTED_EDGE('',*,*,#1585,.T.);
#1031=ORIENTED_EDGE('',*,*,#1290,.F.);
#1032=ORIENTED_EDGE('',*,*,#1586,.T.);
#1033=ORIENTED_EDGE('',*,*,#1568,.T.);
#1034=ORIENTED_EDGE('',*,*,#1454,.T.);
#1035=ORIENTED_EDGE('',*,*,#1570,.F.);
#1036=ORIENTED_EDGE('',*,*,#1587,.T.);
#1037=ORIENTED_EDGE('',*,*,#1398,.F.);
#1038=ORIENTED_EDGE('',*,*,#1416,.F.);
#1039=ORIENTED_EDGE('',*,*,#1417,.F.);
#1040=ORIENTED_EDGE('',*,*,#1400,.F.);
#1041=ORIENTED_EDGE('',*,*,#1588,.T.);
#1042=ORIENTED_EDGE('',*,*,#1302,.F.);
#1043=ORIENTED_EDGE('',*,*,#1589,.T.);
#1044=ORIENTED_EDGE('',*,*,#1590,.F.);
#1045=ORIENTED_EDGE('',*,*,#1591,.T.);
#1046=ORIENTED_EDGE('',*,*,#1309,.F.);
#1047=ORIENTED_EDGE('',*,*,#1592,.T.);
#1048=ORIENTED_EDGE('',*,*,#1566,.F.);
#1049=ORIENTED_EDGE('',*,*,#1593,.T.);
#1050=ORIENTED_EDGE('',*,*,#1333,.F.);
#1051=ORIENTED_EDGE('',*,*,#1594,.T.);
#1052=ORIENTED_EDGE('',*,*,#1410,.F.);
#1053=ORIENTED_EDGE('',*,*,#1595,.T.);
#1054=ORIENTED_EDGE('',*,*,#1590,.T.);
#1055=ORIENTED_EDGE('',*,*,#1329,.F.);
#1056=ORIENTED_EDGE('',*,*,#1572,.T.);
#1057=ORIENTED_EDGE('',*,*,#1596,.T.);
#1058=ORIENTED_EDGE('',*,*,#1597,.F.);
#1059=ORIENTED_EDGE('',*,*,#1598,.T.);
#1060=ORIENTED_EDGE('',*,*,#1413,.F.);
#1061=ORIENTED_EDGE('',*,*,#1599,.T.);
#1062=ORIENTED_EDGE('',*,*,#1597,.T.);
#1063=ORIENTED_EDGE('',*,*,#1600,.T.);
#1064=ORIENTED_EDGE('',*,*,#1591,.F.);
#1065=ORIENTED_EDGE('',*,*,#1595,.F.);
#1066=ORIENTED_EDGE('',*,*,#1418,.F.);
#1067=ORIENTED_EDGE('',*,*,#1310,.F.);
#1068=ORIENTED_EDGE('',*,*,#1596,.F.);
#1069=ORIENTED_EDGE('',*,*,#1571,.F.);
#1070=ORIENTED_EDGE('',*,*,#1414,.F.);
#1071=ORIENTED_EDGE('',*,*,#1600,.F.);
#1072=ORIENTED_EDGE('',*,*,#1589,.F.);
#1073=ORIENTED_EDGE('',*,*,#1332,.F.);
#1074=ORIENTED_EDGE('',*,*,#1411,.F.);
#1075=ORIENTED_EDGE('',*,*,#1594,.F.);
#1076=ORIENTED_EDGE('',*,*,#1598,.F.);
#1077=ORIENTED_EDGE('',*,*,#1599,.F.);
#1078=ORIENTED_EDGE('',*,*,#1412,.F.);
#1079=ORIENTED_EDGE('',*,*,#1330,.F.);
#1080=ORIENTED_EDGE('',*,*,#1567,.F.);
#1081=ORIENTED_EDGE('',*,*,#1592,.F.);
#1082=ORIENTED_EDGE('',*,*,#1308,.F.);
#1083=ORIENTED_EDGE('',*,*,#1337,.F.);
#1084=ORIENTED_EDGE('',*,*,#1565,.F.);
#1085=ORIENTED_EDGE('',*,*,#1340,.F.);
#1086=ORIENTED_EDGE('',*,*,#1334,.F.);
#1087=ORIENTED_EDGE('',*,*,#1593,.F.);
#1088=ORIENTED_EDGE('',*,*,#1387,.F.);
#1089=ORIENTED_EDGE('',*,*,#1601,.F.);
#1090=ORIENTED_EDGE('',*,*,#1579,.F.);
#1091=ORIENTED_EDGE('',*,*,#1578,.F.);
#1092=ORIENTED_EDGE('',*,*,#1602,.T.);
#1093=ORIENTED_EDGE('',*,*,#1385,.F.);
#1094=ORIENTED_EDGE('',*,*,#1603,.F.);
#1095=ORIENTED_EDGE('',*,*,#1604,.T.);
#1096=ORIENTED_EDGE('',*,*,#1580,.F.);
#1097=ORIENTED_EDGE('',*,*,#1601,.T.);
#1098=ORIENTED_EDGE('',*,*,#1602,.F.);
#1099=ORIENTED_EDGE('',*,*,#1577,.F.);
#1100=ORIENTED_EDGE('',*,*,#1605,.F.);
#1101=ORIENTED_EDGE('',*,*,#1381,.F.);
#1102=ORIENTED_EDGE('',*,*,#1606,.T.);
#1103=ORIENTED_EDGE('',*,*,#1603,.T.);
#1104=ORIENTED_EDGE('',*,*,#1386,.F.);
#1105=ORIENTED_EDGE('',*,*,#1605,.T.);
#1106=ORIENTED_EDGE('',*,*,#1576,.F.);
#1107=ORIENTED_EDGE('',*,*,#1575,.F.);
#1108=ORIENTED_EDGE('',*,*,#1380,.F.);
#1109=ORIENTED_EDGE('',*,*,#1581,.F.);
#1110=ORIENTED_EDGE('',*,*,#1604,.F.);
#1111=ORIENTED_EDGE('',*,*,#1606,.F.);
#1112=ORIENTED_EDGE('',*,*,#1325,.F.);
#1113=ORIENTED_EDGE('',*,*,#1607,.T.);
#1114=ORIENTED_EDGE('',*,*,#1389,.F.);
#1115=ORIENTED_EDGE('',*,*,#1574,.F.);
#1116=ORIENTED_EDGE('',*,*,#1372,.F.);
#1117=ORIENTED_EDGE('',*,*,#1377,.F.);
#1118=ORIENTED_EDGE('',*,*,#1390,.F.);
#1119=ORIENTED_EDGE('',*,*,#1607,.F.);
#1120=ORIENTED_EDGE('',*,*,#1324,.F.);
#1121=ORIENTED_EDGE('',*,*,#1393,.F.);
#1122=ORIENTED_EDGE('',*,*,#1608,.T.);
#1123=ORIENTED_EDGE('',*,*,#1609,.F.);
#1124=ORIENTED_EDGE('',*,*,#1298,.F.);
#1125=ORIENTED_EDGE('',*,*,#1582,.F.);
#1126=ORIENTED_EDGE('',*,*,#1609,.T.);
#1127=ORIENTED_EDGE('',*,*,#1610,.T.);
#1128=ORIENTED_EDGE('',*,*,#1299,.F.);
#1129=ORIENTED_EDGE('',*,*,#1608,.F.);
#1130=ORIENTED_EDGE('',*,*,#1392,.F.);
#1131=ORIENTED_EDGE('',*,*,#1378,.F.);
#1132=ORIENTED_EDGE('',*,*,#1322,.F.);
#1133=ORIENTED_EDGE('',*,*,#1300,.F.);
#1134=ORIENTED_EDGE('',*,*,#1610,.F.);
#1135=ORIENTED_EDGE('',*,*,#1611,.F.);
#1136=ORIENTED_EDGE('',*,*,#1612,.T.);
#1137=ORIENTED_EDGE('',*,*,#1613,.T.);
#1138=ORIENTED_EDGE('',*,*,#1614,.T.);
#1139=ORIENTED_EDGE('',*,*,#1583,.F.);
#1140=ORIENTED_EDGE('',*,*,#1296,.F.);
#1141=ORIENTED_EDGE('',*,*,#1615,.F.);
#1142=ORIENTED_EDGE('',*,*,#1616,.T.);
#1143=ORIENTED_EDGE('',*,*,#1617,.F.);
#1144=ORIENTED_EDGE('',*,*,#1618,.T.);
#1145=ORIENTED_EDGE('',*,*,#1619,.F.);
#1146=ORIENTED_EDGE('',*,*,#1620,.T.);
#1147=ORIENTED_EDGE('',*,*,#1621,.F.);
#1148=ORIENTED_EDGE('',*,*,#1622,.T.);
#1149=ORIENTED_EDGE('',*,*,#1320,.F.);
#1150=ORIENTED_EDGE('',*,*,#1623,.T.);
#1151=ORIENTED_EDGE('',*,*,#1624,.T.);
#1152=ORIENTED_EDGE('',*,*,#1625,.T.);
#1153=ORIENTED_EDGE('',*,*,#1613,.F.);
#1154=ORIENTED_EDGE('',*,*,#1626,.T.);
#1155=ORIENTED_EDGE('',*,*,#1341,.T.);
#1156=ORIENTED_EDGE('',*,*,#1627,.T.);
#1157=ORIENTED_EDGE('',*,*,#1621,.T.);
#1158=ORIENTED_EDGE('',*,*,#1628,.T.);
#1159=ORIENTED_EDGE('',*,*,#1348,.F.);
#1160=ORIENTED_EDGE('',*,*,#1615,.T.);
#1161=ORIENTED_EDGE('',*,*,#1629,.T.);
#1162=ORIENTED_EDGE('',*,*,#1346,.T.);
#1163=ORIENTED_EDGE('',*,*,#1371,.F.);
#1164=ORIENTED_EDGE('',*,*,#1630,.T.);
#1165=ORIENTED_EDGE('',*,*,#1352,.F.);
#1166=ORIENTED_EDGE('',*,*,#1631,.T.);
#1167=ORIENTED_EDGE('',*,*,#1617,.T.);
#1168=ORIENTED_EDGE('',*,*,#1632,.T.);
#1169=ORIENTED_EDGE('',*,*,#1365,.F.);
#1170=ORIENTED_EDGE('',*,*,#1619,.T.);
#1171=ORIENTED_EDGE('',*,*,#1633,.T.);
#1172=ORIENTED_EDGE('',*,*,#1350,.F.);
#1173=ORIENTED_EDGE('',*,*,#1634,.T.);
#1174=ORIENTED_EDGE('',*,*,#1635,.F.);
#1175=ORIENTED_EDGE('',*,*,#1636,.F.);
#1176=ORIENTED_EDGE('',*,*,#1637,.T.);
#1177=ORIENTED_EDGE('',*,*,#1611,.T.);
#1178=ORIENTED_EDGE('',*,*,#1295,.T.);
#1179=ORIENTED_EDGE('',*,*,#1624,.F.);
#1180=ORIENTED_EDGE('',*,*,#1638,.T.);
#1181=ORIENTED_EDGE('',*,*,#1639,.T.);
#1182=ORIENTED_EDGE('',*,*,#1563,.F.);
#1183=ORIENTED_EDGE('',*,*,#1640,.T.);
#1184=ORIENTED_EDGE('',*,*,#1305,.F.);
#1185=ORIENTED_EDGE('',*,*,#1585,.F.);
#1186=ORIENTED_EDGE('',*,*,#1641,.T.);
#1187=ORIENTED_EDGE('',*,*,#1642,.F.);
#1188=ORIENTED_EDGE('',*,*,#1293,.T.);
#1189=ORIENTED_EDGE('',*,*,#1643,.T.);
#1190=ORIENTED_EDGE('',*,*,#1636,.T.);
#1191=ORIENTED_EDGE('',*,*,#1642,.T.);
#1192=ORIENTED_EDGE('',*,*,#1635,.T.);
#1193=ORIENTED_EDGE('',*,*,#1294,.T.);
#1194=ORIENTED_EDGE('',*,*,#1641,.F.);
#1195=ORIENTED_EDGE('',*,*,#1584,.T.);
#1196=ORIENTED_EDGE('',*,*,#1614,.F.);
#1197=ORIENTED_EDGE('',*,*,#1625,.F.);
#1198=ORIENTED_EDGE('',*,*,#1562,.F.);
#1199=ORIENTED_EDGE('',*,*,#1335,.F.);
#1200=ORIENTED_EDGE('',*,*,#1306,.F.);
#1201=ORIENTED_EDGE('',*,*,#1640,.F.);
#1202=ORIENTED_EDGE('',*,*,#1639,.F.);
#1203=ORIENTED_EDGE('',*,*,#1644,.T.);
#1204=ORIENTED_EDGE('',*,*,#1339,.F.);
#1205=ORIENTED_EDGE('',*,*,#1564,.F.);
#1206=ORIENTED_EDGE('',*,*,#1366,.F.);
#1207=ORIENTED_EDGE('',*,*,#1632,.F.);
#1208=ORIENTED_EDGE('',*,*,#1616,.F.);
#1209=ORIENTED_EDGE('',*,*,#1630,.F.);
#1210=ORIENTED_EDGE('',*,*,#1370,.F.);
#1211=ORIENTED_EDGE('',*,*,#1349,.F.);
#1212=ORIENTED_EDGE('',*,*,#1628,.F.);
#1213=ORIENTED_EDGE('',*,*,#1620,.F.);
#1214=ORIENTED_EDGE('',*,*,#1634,.F.);
#1215=ORIENTED_EDGE('',*,*,#1351,.F.);
#1216=ORIENTED_EDGE('',*,*,#1633,.F.);
#1217=ORIENTED_EDGE('',*,*,#1618,.F.);
#1218=ORIENTED_EDGE('',*,*,#1631,.F.);
#1219=ORIENTED_EDGE('',*,*,#1347,.F.);
#1220=ORIENTED_EDGE('',*,*,#1629,.F.);
#1221=ORIENTED_EDGE('',*,*,#1622,.F.);
#1222=ORIENTED_EDGE('',*,*,#1627,.F.);
#1223=ORIENTED_EDGE('',*,*,#1645,.F.);
#1224=ORIENTED_EDGE('',*,*,#1646,.T.);
#1225=ORIENTED_EDGE('',*,*,#1647,.T.);
#1226=ORIENTED_EDGE('',*,*,#1648,.T.);
#1227=ORIENTED_EDGE('',*,*,#1312,.F.);
#1228=ORIENTED_EDGE('',*,*,#1649,.T.);
#1229=ORIENTED_EDGE('',*,*,#1650,.T.);
#1230=ORIENTED_EDGE('',*,*,#1651,.T.);
#1231=ORIENTED_EDGE('',*,*,#1313,.F.);
#1232=ORIENTED_EDGE('',*,*,#1648,.F.);
#1233=ORIENTED_EDGE('',*,*,#1651,.F.);
#1234=ORIENTED_EDGE('',*,*,#1652,.T.);
#1235=ORIENTED_EDGE('',*,*,#1653,.T.);
#1236=ORIENTED_EDGE('',*,*,#1314,.F.);
#1237=ORIENTED_EDGE('',*,*,#1653,.F.);
#1238=ORIENTED_EDGE('',*,*,#1654,.T.);
#1239=ORIENTED_EDGE('',*,*,#1655,.T.);
#1240=ORIENTED_EDGE('',*,*,#1656,.T.);
#1241=ORIENTED_EDGE('',*,*,#1315,.F.);
#1242=ORIENTED_EDGE('',*,*,#1657,.T.);
#1243=ORIENTED_EDGE('',*,*,#1658,.T.);
#1244=ORIENTED_EDGE('',*,*,#1659,.T.);
#1245=ORIENTED_EDGE('',*,*,#1316,.F.);
#1246=ORIENTED_EDGE('',*,*,#1656,.F.);
#1247=ORIENTED_EDGE('',*,*,#1659,.F.);
#1248=ORIENTED_EDGE('',*,*,#1660,.T.);
#1249=ORIENTED_EDGE('',*,*,#1645,.T.);
#1250=ORIENTED_EDGE('',*,*,#1317,.F.);
#1251=ORIENTED_EDGE('',*,*,#1647,.F.);
#1252=ORIENTED_EDGE('',*,*,#1661,.T.);
#1253=ORIENTED_EDGE('',*,*,#1657,.F.);
#1254=ORIENTED_EDGE('',*,*,#1655,.F.);
#1255=ORIENTED_EDGE('',*,*,#1662,.T.);
#1256=ORIENTED_EDGE('',*,*,#1649,.F.);
#1257=ORIENTED_EDGE('',*,*,#1650,.F.);
#1258=ORIENTED_EDGE('',*,*,#1662,.F.);
#1259=ORIENTED_EDGE('',*,*,#1654,.F.);
#1260=ORIENTED_EDGE('',*,*,#1652,.F.);
#1261=ORIENTED_EDGE('',*,*,#1658,.F.);
#1262=ORIENTED_EDGE('',*,*,#1661,.F.);
#1263=ORIENTED_EDGE('',*,*,#1646,.F.);
#1264=ORIENTED_EDGE('',*,*,#1660,.F.);
#1265=ORIENTED_EDGE('',*,*,#1626,.F.);
#1266=ORIENTED_EDGE('',*,*,#1612,.F.);
#1267=ORIENTED_EDGE('',*,*,#1637,.F.);
#1268=ORIENTED_EDGE('',*,*,#1643,.F.);
#1269=ORIENTED_EDGE('',*,*,#1292,.F.);
#1270=ORIENTED_EDGE('',*,*,#1321,.F.);
#1271=ORIENTED_EDGE('',*,*,#1644,.F.);
#1272=ORIENTED_EDGE('',*,*,#1638,.F.);
#1273=ORIENTED_EDGE('',*,*,#1623,.F.);
#1274=ORIENTED_EDGE('',*,*,#1319,.F.);
#1275=ORIENTED_EDGE('',*,*,#1573,.F.);
#1276=ORIENTED_EDGE('',*,*,#1303,.F.);
#1277=ORIENTED_EDGE('',*,*,#1588,.F.);
#1278=ORIENTED_EDGE('',*,*,#1399,.F.);
#1279=ORIENTED_EDGE('',*,*,#1587,.F.);
#1280=ORIENTED_EDGE('',*,*,#1569,.F.);
#1281=ORIENTED_EDGE('',*,*,#1586,.F.);
#1282=ORIENTED_EDGE('',*,*,#1289,.F.);
#1283=ORIENTED_EDGE('',*,*,#1287,.F.);
#1284=ORIENTED_EDGE('',*,*,#1663,.T.);
#1285=ORIENTED_EDGE('',*,*,#1663,.F.);
#1286=EDGE_CURVE('',#1664,#1664,#1908,.F.);
#1287=EDGE_CURVE('',#1665,#1665,#1909,.T.);
#1288=EDGE_CURVE('',#1666,#1667,#200,.T.);
#1289=EDGE_CURVE('',#1666,#1668,#1910,.T.);
#1290=EDGE_CURVE('',#1668,#1669,#201,.T.);
#1291=EDGE_CURVE('',#1667,#1669,#1911,.T.);
#1292=EDGE_CURVE('',#1670,#1671,#129,.T.);
#1293=EDGE_CURVE('',#1672,#1671,#202,.T.);
#1294=EDGE_CURVE('',#1673,#1672,#203,.T.);
#1295=EDGE_CURVE('',#1674,#1673,#204,.T.);
#1296=EDGE_CURVE('',#1674,#1675,#205,.T.);
#1297=EDGE_CURVE('',#1675,#1676,#206,.T.);
#1298=EDGE_CURVE('',#1676,#1677,#207,.F.);
#1299=EDGE_CURVE('',#1677,#1678,#208,.F.);
#1300=EDGE_CURVE('',#1678,#1679,#130,.T.);
#1301=EDGE_CURVE('',#1670,#1679,#209,.T.);
#1302=EDGE_CURVE('',#1680,#1681,#210,.T.);
#1303=EDGE_CURVE('',#1681,#1682,#211,.T.);
#1304=EDGE_CURVE('',#1682,#1683,#212,.T.);
#1305=EDGE_CURVE('',#1683,#1684,#213,.T.);
#1306=EDGE_CURVE('',#1684,#1685,#131,.T.);
#1307=EDGE_CURVE('',#1686,#1685,#214,.T.);
#1308=EDGE_CURVE('',#1686,#1687,#132,.T.);
#1309=EDGE_CURVE('',#1687,#1688,#215,.T.);
#1310=EDGE_CURVE('',#1688,#1689,#216,.T.);
#1311=EDGE_CURVE('',#1689,#1680,#217,.T.);
#1312=EDGE_CURVE('',#1690,#1691,#218,.T.);
#1313=EDGE_CURVE('',#1691,#1692,#219,.T.);
#1314=EDGE_CURVE('',#1692,#1693,#220,.T.);
#1315=EDGE_CURVE('',#1693,#1694,#221,.T.);
#1316=EDGE_CURVE('',#1694,#1695,#222,.T.);
#1317=EDGE_CURVE('',#1695,#1690,#223,.T.);
#1318=EDGE_CURVE('',#1696,#1697,#224,.T.);
#1319=EDGE_CURVE('',#1696,#1698,#225,.T.);
#1320=EDGE_CURVE('',#1698,#1699,#226,.T.);
#1321=EDGE_CURVE('',#1699,#1670,#227,.T.);
#1322=EDGE_CURVE('',#1679,#1700,#228,.T.);
#1323=EDGE_CURVE('',#1700,#1701,#229,.T.);
#1324=EDGE_CURVE('',#1701,#1702,#230,.T.);
#1325=EDGE_CURVE('',#1702,#1703,#133,.T.);
#1326=EDGE_CURVE('',#1703,#1704,#231,.T.);
#1327=EDGE_CURVE('',#1705,#1704,#232,.T.);
#1328=EDGE_CURVE('',#1706,#1705,#233,.T.);
#1329=EDGE_CURVE('',#1706,#1707,#234,.T.);
#1330=EDGE_CURVE('',#1707,#1708,#235,.T.);
#1331=EDGE_CURVE('',#1708,#1709,#236,.T.);
#1332=EDGE_CURVE('',#1709,#1710,#237,.F.);
#1333=EDGE_CURVE('',#1710,#1711,#238,.T.);
#1334=EDGE_CURVE('',#1711,#1697,#1912,.F.);
#1335=EDGE_CURVE('',#1685,#1712,#239,.F.);
#1336=EDGE_CURVE('',#1713,#1712,#240,.T.);
#1337=EDGE_CURVE('',#1713,#1686,#241,.T.);
#1338=EDGE_CURVE('',#1714,#1715,#242,.T.);
#1339=EDGE_CURVE('',#1714,#1696,#243,.F.);
#1340=EDGE_CURVE('',#1697,#1715,#244,.F.);
#1341=EDGE_CURVE('',#1716,#1717,#1913,.T.);
#1342=EDGE_CURVE('',#1716,#1718,#245,.T.);
#1343=EDGE_CURVE('',#1718,#1719,#64,.T.);
#1344=EDGE_CURVE('',#1719,#1720,#246,.T.);
#1345=EDGE_CURVE('',#1720,#1721,#1914,.F.);
#1346=EDGE_CURVE('',#1722,#1721,#247,.T.);
#1347=EDGE_CURVE('',#1722,#1717,#65,.T.);
#1348=EDGE_CURVE('',#1716,#1723,#1915,.F.);
#1349=EDGE_CURVE('',#1723,#1724,#66,.T.);
#1350=EDGE_CURVE('',#1724,#1725,#248,.T.);
#1351=EDGE_CURVE('',#1725,#1726,#67,.T.);
#1352=EDGE_CURVE('',#1726,#1727,#1916,.F.);
#1353=EDGE_CURVE('',#1728,#1727,#249,.T.);
#1354=EDGE_CURVE('',#1729,#1728,#1917,.T.);
#1355=EDGE_CURVE('',#1729,#1730,#68,.T.);
#1356=EDGE_CURVE('',#1730,#1731,#69,.T.);
#1357=EDGE_CURVE('',#1731,#1732,#70,.T.);
#1358=EDGE_CURVE('',#1732,#1733,#71,.T.);
#1359=EDGE_CURVE('',#1733,#1734,#72,.T.);
#1360=EDGE_CURVE('',#1735,#1734,#1918,.F.);
#1361=EDGE_CURVE('',#1736,#1735,#250,.T.);
#1362=EDGE_CURVE('',#1737,#1736,#251,.T.);
#1363=EDGE_CURVE('',#1738,#1737,#73,.T.);
#1364=EDGE_CURVE('',#1718,#1738,#252,.T.);
#1365=EDGE_CURVE('',#1727,#1739,#1919,.F.);
#1366=EDGE_CURVE('',#1739,#1740,#74,.T.);
#1367=EDGE_CURVE('',#1740,#1720,#75,.T.);
#1368=EDGE_CURVE('',#1720,#1741,#253,.T.);
#1369=EDGE_CURVE('',#1728,#1741,#1920,.T.);
#1370=EDGE_CURVE('',#1740,#1742,#76,.T.);
#1371=EDGE_CURVE('',#1742,#1721,#77,.T.);
#1372=EDGE_CURVE('',#1703,#1743,#254,.F.);
#1373=EDGE_CURVE('',#1743,#1744,#255,.T.);
#1374=EDGE_CURVE('',#1704,#1744,#256,.T.);
#1375=EDGE_CURVE('',#1745,#1745,#1921,.T.);
#1376=EDGE_CURVE('',#1746,#1747,#257,.T.);
#1377=EDGE_CURVE('',#1746,#1701,#1922,.F.);
#1378=EDGE_CURVE('',#1700,#1748,#1923,.F.);
#1379=EDGE_CURVE('',#1749,#1748,#258,.T.);
#1380=EDGE_CURVE('',#1749,#1750,#78,.T.);
#1381=EDGE_CURVE('',#1750,#1747,#259,.T.);
#1382=EDGE_CURVE('',#1751,#1737,#79,.T.);
#1383=EDGE_CURVE('',#1751,#1752,#80,.T.);
#1384=EDGE_CURVE('',#1738,#1752,#81,.T.);
#1385=EDGE_CURVE('',#1753,#1754,#260,.T.);
#1386=EDGE_CURVE('',#1754,#1755,#261,.F.);
#1387=EDGE_CURVE('',#1755,#1756,#262,.T.);
#1388=EDGE_CURVE('',#1753,#1756,#263,.F.);
#1389=EDGE_CURVE('',#1757,#1758,#134,.T.);
#1390=EDGE_CURVE('',#1758,#1746,#264,.F.);
#1391=EDGE_CURVE('',#1757,#1747,#135,.F.);
#1392=EDGE_CURVE('',#1748,#1759,#265,.F.);
#1393=EDGE_CURVE('',#1759,#1760,#266,.T.);
#1394=EDGE_CURVE('',#1749,#1760,#136,.F.);
#1395=EDGE_CURVE('',#1719,#1751,#1924,.F.);
#1396=EDGE_CURVE('',#1736,#1761,#82,.T.);
#1397=EDGE_CURVE('',#1761,#1719,#267,.T.);
#1398=EDGE_CURVE('',#1762,#1763,#268,.F.);
#1399=EDGE_CURVE('',#1763,#1764,#269,.T.);
#1400=EDGE_CURVE('',#1764,#1765,#270,.F.);
#1401=EDGE_CURVE('',#1762,#1765,#271,.T.);
#1402=EDGE_CURVE('',#1766,#1766,#1925,.T.);
#1403=EDGE_CURVE('',#1767,#1767,#1926,.T.);
#1404=EDGE_CURVE('',#1768,#1768,#1927,.T.);
#1405=EDGE_CURVE('',#1769,#1769,#1928,.T.);
#1406=EDGE_CURVE('',#1741,#1770,#1929,.T.);
#1407=EDGE_CURVE('',#1770,#1771,#83,.T.);
#1408=EDGE_CURVE('',#1771,#1772,#1930,.T.);
#1409=EDGE_CURVE('',#1772,#1729,#84,.T.);
#1410=EDGE_CURVE('',#1773,#1774,#272,.T.);
#1411=EDGE_CURVE('',#1774,#1709,#1931,.F.);
#1412=EDGE_CURVE('',#1708,#1775,#1932,.F.);
#1413=EDGE_CURVE('',#1775,#1776,#273,.T.);
#1414=EDGE_CURVE('',#1776,#1777,#1933,.F.);
#1415=EDGE_CURVE('',#1777,#1778,#274,.T.);
#1416=EDGE_CURVE('',#1778,#1762,#1934,.F.);
#1417=EDGE_CURVE('',#1765,#1680,#1935,.F.);
#1418=EDGE_CURVE('',#1689,#1773,#1936,.F.);
#1419=EDGE_CURVE('',#1779,#1780,#275,.T.);
#1420=EDGE_CURVE('',#1780,#1781,#276,.T.);
#1421=EDGE_CURVE('',#1781,#1782,#1937,.F.);
#1422=EDGE_CURVE('',#1782,#1783,#277,.T.);
#1423=EDGE_CURVE('',#1783,#1784,#1938,.F.);
#1424=EDGE_CURVE('',#1785,#1784,#278,.T.);
#1425=EDGE_CURVE('',#1785,#1786,#1939,.F.);
#1426=EDGE_CURVE('',#1786,#1787,#279,.T.);
#1427=EDGE_CURVE('',#1787,#1788,#1940,.F.);
#1428=EDGE_CURVE('',#1779,#1788,#280,.T.);
#1429=EDGE_CURVE('',#1789,#1789,#1941,.F.);
#1430=EDGE_CURVE('',#1790,#1790,#1942,.F.);
#1431=EDGE_CURVE('',#1791,#1792,#281,.T.);
#1432=EDGE_CURVE('',#1791,#1793,#1943,.T.);
#1433=EDGE_CURVE('',#1793,#1794,#282,.T.);
#1434=EDGE_CURVE('',#1794,#1795,#1944,.F.);
#1435=EDGE_CURVE('',#1795,#1796,#283,.T.);
#1436=EDGE_CURVE('',#1796,#1792,#1945,.F.);
#1437=EDGE_CURVE('',#1797,#1798,#284,.T.);
#1438=EDGE_CURVE('',#1797,#1799,#1946,.T.);
#1439=EDGE_CURVE('',#1800,#1799,#285,.T.);
#1440=EDGE_CURVE('',#1800,#1801,#1947,.F.);
#1441=EDGE_CURVE('',#1801,#1802,#286,.T.);
#1442=EDGE_CURVE('',#1802,#1798,#1948,.F.);
#1443=EDGE_CURVE('',#1803,#1803,#1949,.T.);
#1444=EDGE_CURVE('',#1804,#1804,#1950,.T.);
#1445=EDGE_CURVE('',#1805,#1805,#1951,.T.);
#1446=EDGE_CURVE('',#1806,#1806,#1952,.T.);
#1447=EDGE_CURVE('',#1807,#1807,#1953,.T.);
#1448=EDGE_CURVE('',#1808,#1808,#1954,.T.);
#1449=EDGE_CURVE('',#1752,#1718,#1955,.F.);
#1450=EDGE_CURVE('',#1761,#1736,#1956,.F.);
#1451=EDGE_CURVE('',#1809,#1735,#1957,.T.);
#1452=EDGE_CURVE('',#1809,#1761,#287,.F.);
#1453=EDGE_CURVE('',#1667,#1744,#1958,.T.);
#1454=EDGE_CURVE('',#1810,#1669,#1959,.T.);
#1455=EDGE_CURVE('',#1705,#1810,#288,.T.);
#1456=EDGE_CURVE('',#1734,#1811,#85,.T.);
#1457=EDGE_CURVE('',#1811,#1812,#1960,.T.);
#1458=EDGE_CURVE('',#1813,#1812,#1961,.T.);
#1459=EDGE_CURVE('',#1814,#1813,#1962,.T.);
#1460=EDGE_CURVE('',#1814,#1815,#86,.T.);
#1461=EDGE_CURVE('',#1815,#1809,#1963,.F.);
#1462=EDGE_CURVE('',#1816,#1816,#1964,.T.);
#1463=EDGE_CURVE('',#1817,#1818,#289,.T.);
#1464=EDGE_CURVE('',#1819,#1817,#290,.T.);
#1465=EDGE_CURVE('',#1819,#1820,#291,.T.);
#1466=EDGE_CURVE('',#1820,#1821,#1965,.T.);
#1467=EDGE_CURVE('',#1822,#1821,#292,.T.);
#1468=EDGE_CURVE('',#1822,#1818,#1966,.T.);
#1469=EDGE_CURVE('',#1823,#1823,#1967,.T.);
#1470=EDGE_CURVE('',#1824,#1824,#1968,.T.);
#1471=EDGE_CURVE('',#1825,#1826,#1969,.T.);
#1472=EDGE_CURVE('',#1827,#1826,#1970,.T.);
#1473=EDGE_CURVE('',#1827,#1828,#87,.T.);
#1474=EDGE_CURVE('',#1829,#1828,#1971,.T.);
#1475=EDGE_CURVE('',#1829,#1830,#88,.T.);
#1476=EDGE_CURVE('',#1830,#1825,#1972,.T.);
#1477=EDGE_CURVE('',#1831,#1832,#89,.T.);
#1478=EDGE_CURVE('',#1832,#1833,#1973,.T.);
#1479=EDGE_CURVE('',#1834,#1833,#1974,.T.);
#1480=EDGE_CURVE('',#1834,#1831,#1975,.T.);
#1481=EDGE_CURVE('',#1835,#1836,#90,.T.);
#1482=EDGE_CURVE('',#1836,#1837,#1976,.T.);
#1483=EDGE_CURVE('',#1838,#1837,#1977,.T.);
#1484=EDGE_CURVE('',#1838,#1835,#1978,.T.);
#1485=EDGE_CURVE('',#1839,#1813,#1979,.T.);
#1486=EDGE_CURVE('',#1839,#1840,#1980,.T.);
#1487=EDGE_CURVE('',#1840,#1814,#91,.T.);
#1488=EDGE_CURVE('',#1841,#1825,#1981,.T.);
#1489=EDGE_CURVE('',#1830,#1842,#92,.T.);
#1490=EDGE_CURVE('',#1842,#1841,#93,.T.);
#1491=EDGE_CURVE('',#1771,#1829,#94,.T.);
#1492=EDGE_CURVE('',#1828,#1772,#95,.T.);
#1493=EDGE_CURVE('',#1837,#1843,#1982,.T.);
#1494=EDGE_CURVE('',#1844,#1843,#1983,.T.);
#1495=EDGE_CURVE('',#1844,#1838,#1984,.T.);
#1496=EDGE_CURVE('',#1845,#1812,#1985,.T.);
#1497=EDGE_CURVE('',#1845,#1839,#1986,.T.);
#1498=EDGE_CURVE('',#1833,#1846,#1987,.T.);
#1499=EDGE_CURVE('',#1847,#1846,#1988,.T.);
#1500=EDGE_CURVE('',#1847,#1834,#1989,.T.);
#1501=EDGE_CURVE('',#1846,#1848,#1990,.T.);
#1502=EDGE_CURVE('',#1848,#1849,#96,.T.);
#1503=EDGE_CURVE('',#1849,#1847,#1991,.T.);
#1504=EDGE_CURVE('',#1843,#1850,#1992,.T.);
#1505=EDGE_CURVE('',#1850,#1851,#97,.T.);
#1506=EDGE_CURVE('',#1851,#1844,#1993,.T.);
#1507=EDGE_CURVE('',#1811,#1852,#98,.T.);
#1508=EDGE_CURVE('',#1852,#1845,#1994,.T.);
#1509=EDGE_CURVE('',#1853,#1827,#99,.T.);
#1510=EDGE_CURVE('',#1826,#1854,#1995,.T.);
#1511=EDGE_CURVE('',#1854,#1853,#100,.T.);
#1512=EDGE_CURVE('',#1855,#1770,#101,.T.);
#1513=EDGE_CURVE('',#1815,#1856,#102,.T.);
#1514=EDGE_CURVE('',#1856,#1857,#103,.T.);
#1515=EDGE_CURVE('',#1857,#1858,#104,.T.);
#1516=EDGE_CURVE('',#1858,#1855,#105,.T.);
#1517=EDGE_CURVE('',#1733,#1852,#106,.F.);
#1518=EDGE_CURVE('',#1850,#1733,#107,.T.);
#1519=EDGE_CURVE('',#1732,#1851,#108,.F.);
#1520=EDGE_CURVE('',#1848,#1732,#109,.T.);
#1521=EDGE_CURVE('',#1731,#1859,#110,.F.);
#1522=EDGE_CURVE('',#1859,#1849,#111,.T.);
#1523=EDGE_CURVE('',#1853,#1731,#112,.T.);
#1524=EDGE_CURVE('',#1827,#1730,#1996,.T.);
#1525=EDGE_CURVE('',#1840,#1856,#113,.T.);
#1526=EDGE_CURVE('',#1856,#1836,#114,.F.);
#1527=EDGE_CURVE('',#1835,#1857,#115,.T.);
#1528=EDGE_CURVE('',#1857,#1832,#116,.F.);
#1529=EDGE_CURVE('',#1831,#1860,#117,.T.);
#1530=EDGE_CURVE('',#1860,#1858,#118,.T.);
#1531=EDGE_CURVE('',#1858,#1842,#119,.F.);
#1532=EDGE_CURVE('',#1855,#1830,#1997,.T.);
#1533=EDGE_CURVE('',#1842,#1860,#1998,.T.);
#1534=EDGE_CURVE('',#1841,#1831,#1999,.T.);
#1535=EDGE_CURVE('',#1825,#1834,#2000,.T.);
#1536=EDGE_CURVE('',#1826,#1847,#2001,.T.);
#1537=EDGE_CURVE('',#1854,#1849,#2002,.T.);
#1538=EDGE_CURVE('',#1853,#1859,#2003,.T.);
#1539=EDGE_CURVE('',#1832,#1835,#2004,.T.);
#1540=EDGE_CURVE('',#1833,#1838,#2005,.T.);
#1541=EDGE_CURVE('',#1846,#1844,#2006,.T.);
#1542=EDGE_CURVE('',#1848,#1851,#2007,.T.);
#1543=EDGE_CURVE('',#1836,#1840,#2008,.T.);
#1544=EDGE_CURVE('',#1837,#1839,#2009,.T.);
#1545=EDGE_CURVE('',#1843,#1845,#2010,.T.);
#1546=EDGE_CURVE('',#1850,#1852,#2011,.T.);
#1547=EDGE_CURVE('',#1821,#1791,#293,.F.);
#1548=EDGE_CURVE('',#1792,#1785,#294,.T.);
#1549=EDGE_CURVE('',#1784,#1800,#295,.T.);
#1550=EDGE_CURVE('',#1799,#1822,#296,.T.);
#1551=EDGE_CURVE('',#1779,#1819,#297,.T.);
#1552=EDGE_CURVE('',#1788,#1794,#298,.F.);
#1553=EDGE_CURVE('',#1793,#1820,#299,.T.);
#1554=EDGE_CURVE('',#1818,#1797,#300,.F.);
#1555=EDGE_CURVE('',#1798,#1781,#301,.T.);
#1556=EDGE_CURVE('',#1780,#1713,#302,.T.);
#1557=EDGE_CURVE('',#1712,#1817,#303,.T.);
#1558=EDGE_CURVE('',#1782,#1802,#304,.F.);
#1559=EDGE_CURVE('',#1801,#1783,#305,.F.);
#1560=EDGE_CURVE('',#1786,#1796,#306,.F.);
#1561=EDGE_CURVE('',#1795,#1787,#307,.T.);
#1562=EDGE_CURVE('',#1712,#1861,#2012,.T.);
#1563=EDGE_CURVE('',#1861,#1862,#308,.T.);
#1564=EDGE_CURVE('',#1862,#1714,#2013,.T.);
#1565=EDGE_CURVE('',#1715,#1863,#2014,.T.);
#1566=EDGE_CURVE('',#1863,#1864,#309,.T.);
#1567=EDGE_CURVE('',#1864,#1713,#2015,.T.);
#1568=EDGE_CURVE('',#1865,#1810,#310,.T.);
#1569=EDGE_CURVE('',#1865,#1866,#311,.T.);
#1570=EDGE_CURVE('',#1866,#1778,#312,.T.);
#1571=EDGE_CURVE('',#1777,#1867,#313,.F.);
#1572=EDGE_CURVE('',#1706,#1867,#314,.T.);
#1573=EDGE_CURVE('',#1682,#1666,#2016,.T.);
#1574=EDGE_CURVE('',#1743,#1757,#120,.T.);
#1575=EDGE_CURVE('',#1747,#1868,#137,.F.);
#1576=EDGE_CURVE('',#1868,#1869,#121,.T.);
#1577=EDGE_CURVE('',#1869,#1870,#138,.F.);
#1578=EDGE_CURVE('',#1870,#1753,#2017,.F.);
#1579=EDGE_CURVE('',#1756,#1871,#2018,.F.);
#1580=EDGE_CURVE('',#1871,#1872,#139,.F.);
#1581=EDGE_CURVE('',#1872,#1749,#140,.F.);
#1582=EDGE_CURVE('',#1760,#1676,#122,.T.);
#1583=EDGE_CURVE('',#1675,#1873,#2019,.F.);
#1584=EDGE_CURVE('',#1874,#1873,#315,.T.);
#1585=EDGE_CURVE('',#1874,#1683,#2020,.F.);
#1586=EDGE_CURVE('',#1668,#1865,#2021,.T.);
#1587=EDGE_CURVE('',#1866,#1763,#2022,.T.);
#1588=EDGE_CURVE('',#1764,#1681,#2023,.T.);
#1589=EDGE_CURVE('',#1710,#1875,#2024,.T.);
#1590=EDGE_CURVE('',#1876,#1875,#316,.T.);
#1591=EDGE_CURVE('',#1876,#1688,#2025,.T.);
#1592=EDGE_CURVE('',#1687,#1864,#317,.F.);
#1593=EDGE_CURVE('',#1863,#1711,#318,.T.);
#1594=EDGE_CURVE('',#1875,#1774,#319,.T.);
#1595=EDGE_CURVE('',#1773,#1876,#320,.F.);
#1596=EDGE_CURVE('',#1867,#1877,#2026,.T.);
#1597=EDGE_CURVE('',#1878,#1877,#321,.T.);
#1598=EDGE_CURVE('',#1878,#1707,#2027,.T.);
#1599=EDGE_CURVE('',#1775,#1878,#322,.F.);
#1600=EDGE_CURVE('',#1877,#1776,#323,.T.);
#1601=EDGE_CURVE('',#1871,#1755,#324,.T.);
#1602=EDGE_CURVE('',#1870,#1754,#325,.T.);
#1603=EDGE_CURVE('',#1879,#1755,#123,.F.);
#1604=EDGE_CURVE('',#1879,#1872,#124,.T.);
#1605=EDGE_CURVE('',#1754,#1869,#125,.F.);
#1606=EDGE_CURVE('',#1750,#1879,#126,.T.);
#1607=EDGE_CURVE('',#1702,#1758,#127,.T.);
#1608=EDGE_CURVE('',#1759,#1880,#141,.F.);
#1609=EDGE_CURVE('',#1677,#1880,#142,.F.);
#1610=EDGE_CURVE('',#1880,#1678,#128,.T.);
#1611=EDGE_CURVE('',#1881,#1674,#326,.T.);
#1612=EDGE_CURVE('',#1881,#1882,#327,.F.);
#1613=EDGE_CURVE('',#1882,#1883,#328,.T.);
#1614=EDGE_CURVE('',#1883,#1873,#329,.T.);
#1615=EDGE_CURVE('',#1884,#1885,#330,.T.);
#1616=EDGE_CURVE('',#1884,#1886,#2028,.T.);
#1617=EDGE_CURVE('',#1887,#1886,#331,.T.);
#1618=EDGE_CURVE('',#1887,#1888,#2029,.T.);
#1619=EDGE_CURVE('',#1889,#1888,#332,.T.);
#1620=EDGE_CURVE('',#1889,#1890,#2030,.T.);
#1621=EDGE_CURVE('',#1891,#1890,#333,.T.);
#1622=EDGE_CURVE('',#1891,#1885,#2031,.T.);
#1623=EDGE_CURVE('',#1698,#1892,#2032,.T.);
#1624=EDGE_CURVE('',#1892,#1893,#334,.T.);
#1625=EDGE_CURVE('',#1893,#1883,#335,.T.);
#1626=EDGE_CURVE('',#1882,#1699,#2033,.T.);
#1627=EDGE_CURVE('',#1717,#1891,#336,.T.);
#1628=EDGE_CURVE('',#1890,#1723,#337,.F.);
#1629=EDGE_CURVE('',#1885,#1722,#338,.F.);
#1630=EDGE_CURVE('',#1742,#1884,#339,.T.);
#1631=EDGE_CURVE('',#1726,#1887,#340,.T.);
#1632=EDGE_CURVE('',#1886,#1739,#341,.F.);
#1633=EDGE_CURVE('',#1888,#1725,#342,.F.);
#1634=EDGE_CURVE('',#1724,#1889,#343,.T.);
#1635=EDGE_CURVE('',#1894,#1673,#344,.T.);
#1636=EDGE_CURVE('',#1895,#1894,#345,.T.);
#1637=EDGE_CURVE('',#1895,#1881,#143,.F.);
#1638=EDGE_CURVE('',#1892,#1896,#346,.F.);
#1639=EDGE_CURVE('',#1896,#1862,#347,.T.);
#1640=EDGE_CURVE('',#1861,#1684,#348,.T.);
#1641=EDGE_CURVE('',#1874,#1893,#349,.T.);
#1642=EDGE_CURVE('',#1672,#1894,#350,.T.);
#1643=EDGE_CURVE('',#1671,#1895,#2034,.F.);
#1644=EDGE_CURVE('',#1896,#1696,#144,.T.);
#1645=EDGE_CURVE('',#1897,#1690,#351,.T.);
#1646=EDGE_CURVE('',#1897,#1898,#2035,.T.);
#1647=EDGE_CURVE('',#1898,#1899,#352,.T.);
#1648=EDGE_CURVE('',#1899,#1691,#353,.T.);
#1649=EDGE_CURVE('',#1899,#1900,#354,.T.);
#1650=EDGE_CURVE('',#1900,#1901,#2036,.T.);
#1651=EDGE_CURVE('',#1901,#1692,#355,.T.);
#1652=EDGE_CURVE('',#1901,#1902,#356,.T.);
#1653=EDGE_CURVE('',#1902,#1693,#357,.T.);
#1654=EDGE_CURVE('',#1902,#1903,#2037,.T.);
#1655=EDGE_CURVE('',#1903,#1904,#358,.T.);
#1656=EDGE_CURVE('',#1904,#1694,#359,.T.);
#1657=EDGE_CURVE('',#1904,#1905,#360,.T.);
#1658=EDGE_CURVE('',#1905,#1906,#2038,.T.);
#1659=EDGE_CURVE('',#1906,#1695,#361,.T.);
#1660=EDGE_CURVE('',#1906,#1897,#362,.T.);
#1661=EDGE_CURVE('',#1898,#1905,#363,.F.);
#1662=EDGE_CURVE('',#1903,#1900,#364,.F.);
#1663=EDGE_CURVE('',#1907,#1907,#2039,.T.);
#1664=VERTEX_POINT('',#4682);
#1665=VERTEX_POINT('',#4684);
#1666=VERTEX_POINT('',#4687);
#1667=VERTEX_POINT('',#4688);
#1668=VERTEX_POINT('',#4690);
#1669=VERTEX_POINT('',#4692);
#1670=VERTEX_POINT('',#4696);
#1671=VERTEX_POINT('',#4697);
#1672=VERTEX_POINT('',#4699);
#1673=VERTEX_POINT('',#4701);
#1674=VERTEX_POINT('',#4703);
#1675=VERTEX_POINT('',#4705);
#1676=VERTEX_POINT('',#4707);
#1677=VERTEX_POINT('',#4709);
#1678=VERTEX_POINT('',#4711);
#1679=VERTEX_POINT('',#4713);
#1680=VERTEX_POINT('',#4717);
#1681=VERTEX_POINT('',#4718);
#1682=VERTEX_POINT('',#4720);
#1683=VERTEX_POINT('',#4722);
#1684=VERTEX_POINT('',#4724);
#1685=VERTEX_POINT('',#4726);
#1686=VERTEX_POINT('',#4728);
#1687=VERTEX_POINT('',#4730);
#1688=VERTEX_POINT('',#4732);
#1689=VERTEX_POINT('',#4734);
#1690=VERTEX_POINT('',#4738);
#1691=VERTEX_POINT('',#4739);
#1692=VERTEX_POINT('',#4741);
#1693=VERTEX_POINT('',#4743);
#1694=VERTEX_POINT('',#4745);
#1695=VERTEX_POINT('',#4747);
#1696=VERTEX_POINT('',#4750);
#1697=VERTEX_POINT('',#4751);
#1698=VERTEX_POINT('',#4753);
#1699=VERTEX_POINT('',#4755);
#1700=VERTEX_POINT('',#4758);
#1701=VERTEX_POINT('',#4760);
#1702=VERTEX_POINT('',#4762);
#1703=VERTEX_POINT('',#4764);
#1704=VERTEX_POINT('',#4766);
#1705=VERTEX_POINT('',#4768);
#1706=VERTEX_POINT('',#4770);
#1707=VERTEX_POINT('',#4772);
#1708=VERTEX_POINT('',#4774);
#1709=VERTEX_POINT('',#4776);
#1710=VERTEX_POINT('',#4778);
#1711=VERTEX_POINT('',#4780);
#1712=VERTEX_POINT('',#4784);
#1713=VERTEX_POINT('',#4786);
#1714=VERTEX_POINT('',#4790);
#1715=VERTEX_POINT('',#4791);
#1716=VERTEX_POINT('',#4796);
#1717=VERTEX_POINT('',#4797);
#1718=VERTEX_POINT('',#4799);
#1719=VERTEX_POINT('',#4835);
#1720=VERTEX_POINT('',#4837);
#1721=VERTEX_POINT('',#4839);
#1722=VERTEX_POINT('',#4841);
#1723=VERTEX_POINT('',#4849);
#1724=VERTEX_POINT('',#4855);
#1725=VERTEX_POINT('',#4857);
#1726=VERTEX_POINT('',#4863);
#1727=VERTEX_POINT('',#4865);
#1728=VERTEX_POINT('',#4867);
#1729=VERTEX_POINT('',#4869);
#1730=VERTEX_POINT('',#4874);
#1731=VERTEX_POINT('',#4880);
#1732=VERTEX_POINT('',#4892);
#1733=VERTEX_POINT('',#4904);
#1734=VERTEX_POINT('',#4916);
#1735=VERTEX_POINT('',#4918);
#1736=VERTEX_POINT('',#4920);
#1737=VERTEX_POINT('',#4922);
#1738=VERTEX_POINT('',#4927);
#1739=VERTEX_POINT('',#4931);
#1740=VERTEX_POINT('',#4936);
#1741=VERTEX_POINT('',#4962);
#1742=VERTEX_POINT('',#4969);
#1743=VERTEX_POINT('',#4976);
#1744=VERTEX_POINT('',#4978);
#1745=VERTEX_POINT('',#4982);
#1746=VERTEX_POINT('',#4984);
#1747=VERTEX_POINT('',#4985);
#1748=VERTEX_POINT('',#4988);
#1749=VERTEX_POINT('',#4990);
#1750=VERTEX_POINT('',#4995);
#1751=VERTEX_POINT('',#5011);
#1752=VERTEX_POINT('',#5016);
#1753=VERTEX_POINT('',#5024);
#1754=VERTEX_POINT('',#5025);
#1755=VERTEX_POINT('',#5027);
#1756=VERTEX_POINT('',#5029);
#1757=VERTEX_POINT('',#5033);
#1758=VERTEX_POINT('',#5034);
#1759=VERTEX_POINT('',#5039);
#1760=VERTEX_POINT('',#5041);
#1761=VERTEX_POINT('',#5082);
#1762=VERTEX_POINT('',#5086);
#1763=VERTEX_POINT('',#5087);
#1764=VERTEX_POINT('',#5089);
#1765=VERTEX_POINT('',#5091);
#1766=VERTEX_POINT('',#5095);
#1767=VERTEX_POINT('',#5097);
#1768=VERTEX_POINT('',#5100);
#1769=VERTEX_POINT('',#5102);
#1770=VERTEX_POINT('',#5105);
#1771=VERTEX_POINT('',#5110);
#1772=VERTEX_POINT('',#5112);
#1773=VERTEX_POINT('',#5118);
#1774=VERTEX_POINT('',#5119);
#1775=VERTEX_POINT('',#5122);
#1776=VERTEX_POINT('',#5124);
#1777=VERTEX_POINT('',#5126);
#1778=VERTEX_POINT('',#5128);
#1779=VERTEX_POINT('',#5133);
#1780=VERTEX_POINT('',#5134);
#1781=VERTEX_POINT('',#5136);
#1782=VERTEX_POINT('',#5138);
#1783=VERTEX_POINT('',#5140);
#1784=VERTEX_POINT('',#5142);
#1785=VERTEX_POINT('',#5144);
#1786=VERTEX_POINT('',#5146);
#1787=VERTEX_POINT('',#5148);
#1788=VERTEX_POINT('',#5150);
#1789=VERTEX_POINT('',#5153);
#1790=VERTEX_POINT('',#5155);
#1791=VERTEX_POINT('',#5158);
#1792=VERTEX_POINT('',#5159);
#1793=VERTEX_POINT('',#5161);
#1794=VERTEX_POINT('',#5163);
#1795=VERTEX_POINT('',#5165);
#1796=VERTEX_POINT('',#5167);
#1797=VERTEX_POINT('',#5171);
#1798=VERTEX_POINT('',#5172);
#1799=VERTEX_POINT('',#5174);
#1800=VERTEX_POINT('',#5176);
#1801=VERTEX_POINT('',#5178);
#1802=VERTEX_POINT('',#5180);
#1803=VERTEX_POINT('',#5184);
#1804=VERTEX_POINT('',#5186);
#1805=VERTEX_POINT('',#5189);
#1806=VERTEX_POINT('',#5191);
#1807=VERTEX_POINT('',#5194);
#1808=VERTEX_POINT('',#5196);
#1809=VERTEX_POINT('',#5202);
#1810=VERTEX_POINT('',#5207);
#1811=VERTEX_POINT('',#5214);
#1812=VERTEX_POINT('',#5216);
#1813=VERTEX_POINT('',#5218);
#1814=VERTEX_POINT('',#5220);
#1815=VERTEX_POINT('',#5226);
#1816=VERTEX_POINT('',#5229);
#1817=VERTEX_POINT('',#5231);
#1818=VERTEX_POINT('',#5232);
#1819=VERTEX_POINT('',#5234);
#1820=VERTEX_POINT('',#5236);
#1821=VERTEX_POINT('',#5238);
#1822=VERTEX_POINT('',#5240);
#1823=VERTEX_POINT('',#5243);
#1824=VERTEX_POINT('',#5245);
#1825=VERTEX_POINT('',#5248);
#1826=VERTEX_POINT('',#5249);
#1827=VERTEX_POINT('',#5251);
#1828=VERTEX_POINT('',#5256);
#1829=VERTEX_POINT('',#5258);
#1830=VERTEX_POINT('',#5263);
#1831=VERTEX_POINT('',#5271);
#1832=VERTEX_POINT('',#5272);
#1833=VERTEX_POINT('',#5274);
#1834=VERTEX_POINT('',#5276);
#1835=VERTEX_POINT('',#5284);
#1836=VERTEX_POINT('',#5285);
#1837=VERTEX_POINT('',#5287);
#1838=VERTEX_POINT('',#5289);
#1839=VERTEX_POINT('',#5293);
#1840=VERTEX_POINT('',#5295);
#1841=VERTEX_POINT('',#5305);
#1842=VERTEX_POINT('',#5311);
#1843=VERTEX_POINT('',#5345);
#1844=VERTEX_POINT('',#5347);
#1845=VERTEX_POINT('',#5351);
#1846=VERTEX_POINT('',#5355);
#1847=VERTEX_POINT('',#5357);
#1848=VERTEX_POINT('',#5361);
#1849=VERTEX_POINT('',#5367);
#1850=VERTEX_POINT('',#5371);
#1851=VERTEX_POINT('',#5377);
#1852=VERTEX_POINT('',#5386);
#1853=VERTEX_POINT('',#5394);
#1854=VERTEX_POINT('',#5396);
#1855=VERTEX_POINT('',#5406);
#1856=VERTEX_POINT('',#5418);
#1857=VERTEX_POINT('',#5430);
#1858=VERTEX_POINT('',#5441);
#1859=VERTEX_POINT('',#5609);
#1860=VERTEX_POINT('',#5807);
#1861=VERTEX_POINT('',#6046);
#1862=VERTEX_POINT('',#6048);
#1863=VERTEX_POINT('',#6051);
#1864=VERTEX_POINT('',#6053);
#1865=VERTEX_POINT('',#6057);
#1866=VERTEX_POINT('',#6059);
#1867=VERTEX_POINT('',#6062);
#1868=VERTEX_POINT('',#6072);
#1869=VERTEX_POINT('',#6077);
#1870=VERTEX_POINT('',#6079);
#1871=VERTEX_POINT('',#6082);
#1872=VERTEX_POINT('',#6084);
#1873=VERTEX_POINT('',#6093);
#1874=VERTEX_POINT('',#6095);
#1875=VERTEX_POINT('',#6105);
#1876=VERTEX_POINT('',#6107);
#1877=VERTEX_POINT('',#6116);
#1878=VERTEX_POINT('',#6118);
#1879=VERTEX_POINT('',#6138);
#1880=VERTEX_POINT('',#6186);
#1881=VERTEX_POINT('',#6198);
#1882=VERTEX_POINT('',#6200);
#1883=VERTEX_POINT('',#6202);
#1884=VERTEX_POINT('',#6206);
#1885=VERTEX_POINT('',#6207);
#1886=VERTEX_POINT('',#6209);
#1887=VERTEX_POINT('',#6211);
#1888=VERTEX_POINT('',#6213);
#1889=VERTEX_POINT('',#6215);
#1890=VERTEX_POINT('',#6217);
#1891=VERTEX_POINT('',#6219);
#1892=VERTEX_POINT('',#6222);
#1893=VERTEX_POINT('',#6224);
#1894=VERTEX_POINT('',#6241);
#1895=VERTEX_POINT('',#6243);
#1896=VERTEX_POINT('',#6247);
#1897=VERTEX_POINT('',#6265);
#1898=VERTEX_POINT('',#6267);
#1899=VERTEX_POINT('',#6269);
#1900=VERTEX_POINT('',#6273);
#1901=VERTEX_POINT('',#6275);
#1902=VERTEX_POINT('',#6279);
#1903=VERTEX_POINT('',#6283);
#1904=VERTEX_POINT('',#6285);
#1905=VERTEX_POINT('',#6289);
#1906=VERTEX_POINT('',#6291);
#1907=VERTEX_POINT('',#6305);
#1908=CIRCLE('',#3673,1.2295);
#1909=CIRCLE('',#3674,1.2295);
#1910=CIRCLE('',#3676,27.0275375682747);
#1911=CIRCLE('',#3677,27.0275375682747);
#1912=CIRCLE('',#3686,0.999999999999997);
#1913=CIRCLE('',#3690,25.7166702328607);
#1914=CIRCLE('',#3691,25.7166702328607);
#1915=CIRCLE('',#3693,19.);
#1916=CIRCLE('',#3694,19.);
#1917=CIRCLE('',#3695,19.);
#1918=CIRCLE('',#3696,19.);
#1919=CIRCLE('',#3698,26.2238549118873);
#1920=CIRCLE('',#3699,26.2238549118873);
#1921=CIRCLE('',#3703,4.2);
#1922=CIRCLE('',#3704,1.);
#1923=CIRCLE('',#3705,0.999999999999999);
#1924=CIRCLE('',#3714,25.3208981937956);
#1925=CIRCLE('',#3717,1.2295);
#1926=CIRCLE('',#3718,1.2295);
#1927=CIRCLE('',#3720,1.2295);
#1928=CIRCLE('',#3721,1.2295);
#1929=CIRCLE('',#3723,19.);
#1930=CIRCLE('',#3724,21.25);
#1931=CIRCLE('',#3725,0.999999999999998);
#1932=CIRCLE('',#3726,0.999999999999998);
#1933=CIRCLE('',#3727,0.999999999999998);
#1934=CIRCLE('',#3728,0.999999999999999);
#1935=CIRCLE('',#3729,0.999999999999999);
#1936=CIRCLE('',#3730,0.999999999999998);
#1937=CIRCLE('',#3731,3.);
#1938=CIRCLE('',#3732,3.);
#1939=CIRCLE('',#3733,3.);
#1940=CIRCLE('',#3734,3.);
#1941=CIRCLE('',#3735,1.2295);
#1942=CIRCLE('',#3736,1.2295);
#1943=CIRCLE('',#3738,3.);
#1944=CIRCLE('',#3739,3.);
#1945=CIRCLE('',#3740,3.);
#1946=CIRCLE('',#3742,3.);
#1947=CIRCLE('',#3743,3.);
#1948=CIRCLE('',#3744,3.);
#1949=CIRCLE('',#3746,1.2295);
#1950=CIRCLE('',#3747,1.2295);
#1951=CIRCLE('',#3749,1.2295);
#1952=CIRCLE('',#3750,1.2295);
#1953=CIRCLE('',#3752,1.2295);
#1954=CIRCLE('',#3753,1.2295);
#1955=CIRCLE('',#3755,25.3208981937956);
#1956=CIRCLE('',#3757,25.);
#1957=CIRCLE('',#3758,25.);
#1958=CIRCLE('',#3760,32.7460462300658);
#1959=CIRCLE('',#3761,32.7460462300658);
#1960=CIRCLE('',#3762,3.75000000000017);
#1961=CIRCLE('',#3763,25.);
#1962=CIRCLE('',#3764,3.75000000000015);
#1963=CIRCLE('',#3765,19.);
#1964=CIRCLE('',#3766,1.2295);
#1965=CIRCLE('',#3767,3.);
#1966=CIRCLE('',#3768,3.);
#1967=CIRCLE('',#3769,1.2295);
#1968=CIRCLE('',#3770,1.2295);
#1969=CIRCLE('',#3772,24.612597888256);
#1970=CIRCLE('',#3773,80.3828124999963);
#1971=CIRCLE('',#3774,21.25);
#1972=CIRCLE('',#3775,80.3828124999963);
#1973=CIRCLE('',#3777,2.96571010397592);
#1974=CIRCLE('',#3778,11.5624999999996);
#1975=CIRCLE('',#3779,3.13012904615476);
#1976=CIRCLE('',#3781,2.965710103976);
#1977=CIRCLE('',#3782,11.5624999999999);
#1978=CIRCLE('',#3783,2.96571010397595);
#1979=CIRCLE('',#3785,11.5625000000001);
#1980=CIRCLE('',#3786,2.96571010397602);
#1981=CIRCLE('',#3788,3.36259788825611);
#1982=CIRCLE('',#3791,24.2157101039758);
#1983=CIRCLE('',#3792,11.5624999999999);
#1984=CIRCLE('',#3793,24.2157101039758);
#1985=CIRCLE('',#3795,11.5625000000001);
#1986=CIRCLE('',#3796,24.2157101039758);
#1987=CIRCLE('',#3798,24.2157101039758);
#1988=CIRCLE('',#3799,11.5624999999996);
#1989=CIRCLE('',#3800,24.3801290461547);
#1990=CIRCLE('',#3802,2.96571010397594);
#1991=CIRCLE('',#3803,3.13012904615476);
#1992=CIRCLE('',#3805,2.96571010397601);
#1993=CIRCLE('',#3806,2.96571010397596);
#1994=CIRCLE('',#3808,2.96571010397603);
#1995=CIRCLE('',#3810,3.36259788825611);
#1996=CIRCLE('',#3812,5.);
#1997=CIRCLE('',#3813,5.);
#1998=CIRCLE('',#3814,3.);
#1999=CIRCLE('',#3815,3.);
#2000=CIRCLE('',#3817,3.);
#2001=CIRCLE('',#3819,3.);
#2002=CIRCLE('',#3821,3.);
#2003=CIRCLE('',#3822,3.);
#2004=CIRCLE('',#3823,3.);
#2005=CIRCLE('',#3825,3.);
#2006=CIRCLE('',#3827,3.);
#2007=CIRCLE('',#3829,3.);
#2008=CIRCLE('',#3830,3.);
#2009=CIRCLE('',#3832,3.);
#2010=CIRCLE('',#3834,3.);
#2011=CIRCLE('',#3836,3.);
#2012=CIRCLE('',#3861,0.999999999999999);
#2013=CIRCLE('',#3862,0.999999999999999);
#2014=CIRCLE('',#3863,0.999999999999997);
#2015=CIRCLE('',#3864,0.999999999999997);
#2016=CIRCLE('',#3867,32.7460462300658);
#2017=CIRCLE('',#3870,32.7460462300658);
#2018=CIRCLE('',#3871,32.7460462300658);
#2019=CIRCLE('',#3874,32.7460462300658);
#2020=CIRCLE('',#3875,32.7460462300658);
#2021=CIRCLE('',#3877,32.7460462300658);
#2022=CIRCLE('',#3879,0.999999999999999);
#2023=CIRCLE('',#3881,0.999999999999999);
#2024=CIRCLE('',#3883,0.999999999999998);
#2025=CIRCLE('',#3884,0.999999999999998);
#2026=CIRCLE('',#3887,0.999999999999998);
#2027=CIRCLE('',#3888,0.999999999999998);
#2028=CIRCLE('',#3909,0.999999999999998);
#2029=CIRCLE('',#3910,0.999999999999998);
#2030=CIRCLE('',#3911,0.999999999999998);
#2031=CIRCLE('',#3912,0.999999999999998);
#2032=CIRCLE('',#3913,0.999999999999998);
#2033=CIRCLE('',#3914,0.999999999999999);
#2034=CIRCLE('',#3923,0.999999999999999);
#2035=CIRCLE('',#3934,2.);
#2036=CIRCLE('',#3936,2.);
#2037=CIRCLE('',#3939,2.);
#2038=CIRCLE('',#3941,2.);
#2039=CIRCLE('',#3950,1.2295);
#2040=EDGE_LOOP('',(#530));
#2041=EDGE_LOOP('',(#531));
#2042=EDGE_LOOP('',(#532,#533,#534,#535));
#2043=EDGE_LOOP('',(#536,#537,#538,#539,#540,#541,#542,#543,#544,#545));
#2044=EDGE_LOOP('',(#546,#547,#548,#549,#550,#551,#552,#553,#554,#555));
#2045=EDGE_LOOP('',(#556,#557,#558,#559,#560,#561));
#2046=EDGE_LOOP('',(#562,#563,#564,#565,#566,#567,#568,#569,#570,#571,#572,
#573,#574,#575,#576,#577,#578,#579));
#2047=EDGE_LOOP('',(#580,#581,#582,#583));
#2048=EDGE_LOOP('',(#584,#585,#586,#587));
#2049=EDGE_LOOP('',(#588,#589,#590,#591,#592,#593,#594));
#2050=EDGE_LOOP('',(#595,#596,#597,#598,#599,#600,#601,#602,#603,#604,#605,
#606,#607,#608,#609,#610,#611,#612));
#2051=EDGE_LOOP('',(#613,#614,#615,#616,#617,#618));
#2052=EDGE_LOOP('',(#619,#620,#621,#622));
#2053=EDGE_LOOP('',(#623,#624,#625,#626));
#2054=EDGE_LOOP('',(#627));
#2055=EDGE_LOOP('',(#628,#629,#630,#631,#632,#633,#634));
#2056=EDGE_LOOP('',(#635,#636,#637,#638));
#2057=EDGE_LOOP('',(#639));
#2058=EDGE_LOOP('',(#640,#641,#642,#643));
#2059=EDGE_LOOP('',(#644,#645,#646,#647));
#2060=EDGE_LOOP('',(#648,#649,#650,#651));
#2061=EDGE_LOOP('',(#652,#653,#654,#655,#656));
#2062=EDGE_LOOP('',(#657,#658,#659,#660));
#2063=EDGE_LOOP('',(#661));
#2064=EDGE_LOOP('',(#662));
#2065=EDGE_LOOP('',(#663));
#2066=EDGE_LOOP('',(#664));
#2067=EDGE_LOOP('',(#665));
#2068=EDGE_LOOP('',(#666,#667,#668,#669,#670,#671));
#2069=EDGE_LOOP('',(#672,#673,#674,#675,#676,#677,#678,#679,#680,#681,#682,
#683));
#2070=EDGE_LOOP('',(#684,#685,#686,#687,#688,#689,#690,#691,#692,#693));
#2071=EDGE_LOOP('',(#694));
#2072=EDGE_LOOP('',(#695));
#2073=EDGE_LOOP('',(#696,#697,#698,#699,#700,#701));
#2074=EDGE_LOOP('',(#702,#703,#704,#705,#706,#707));
#2075=EDGE_LOOP('',(#708));
#2076=EDGE_LOOP('',(#709));
#2077=EDGE_LOOP('',(#710));
#2078=EDGE_LOOP('',(#711));
#2079=EDGE_LOOP('',(#712));
#2080=EDGE_LOOP('',(#713));
#2081=EDGE_LOOP('',(#714,#715,#716));
#2082=EDGE_LOOP('',(#717,#718,#719,#720));
#2083=EDGE_LOOP('',(#721,#722,#723,#724,#725,#726));
#2084=EDGE_LOOP('',(#727,#728,#729,#730,#731,#732,#733,#734));
#2085=EDGE_LOOP('',(#735));
#2086=EDGE_LOOP('',(#736,#737,#738,#739,#740,#741));
#2087=EDGE_LOOP('',(#742));
#2088=EDGE_LOOP('',(#743));
#2089=EDGE_LOOP('',(#744,#745,#746,#747,#748,#749));
#2090=EDGE_LOOP('',(#750,#751,#752,#753));
#2091=EDGE_LOOP('',(#754,#755,#756,#757));
#2092=EDGE_LOOP('',(#758,#759,#760,#761));
#2093=EDGE_LOOP('',(#762,#763,#764,#765));
#2094=EDGE_LOOP('',(#766,#767,#768,#769));
#2095=EDGE_LOOP('',(#770,#771,#772,#773));
#2096=EDGE_LOOP('',(#774,#775,#776,#777));
#2097=EDGE_LOOP('',(#778,#779,#780,#781));
#2098=EDGE_LOOP('',(#782,#783,#784,#785));
#2099=EDGE_LOOP('',(#786,#787,#788,#789));
#2100=EDGE_LOOP('',(#790,#791,#792,#793));
#2101=EDGE_LOOP('',(#794,#795,#796,#797));
#2102=EDGE_LOOP('',(#798,#799,#800,#801,#802,#803,#804,#805,#806,#807,#808));
#2103=EDGE_LOOP('',(#809,#810,#811,#812));
#2104=EDGE_LOOP('',(#813,#814,#815,#816));
#2105=EDGE_LOOP('',(#817,#818,#819,#820,#821));
#2106=EDGE_LOOP('',(#822,#823,#824,#825));
#2107=EDGE_LOOP('',(#826,#827,#828,#829,#830));
#2108=EDGE_LOOP('',(#831,#832,#833,#834));
#2109=EDGE_LOOP('',(#835,#836,#837,#838));
#2110=EDGE_LOOP('',(#839,#840,#841,#842,#843));
#2111=EDGE_LOOP('',(#844,#845,#846,#847));
#2112=EDGE_LOOP('',(#848,#849,#850,#851,#852));
#2113=EDGE_LOOP('',(#853,#854,#855));
#2114=EDGE_LOOP('',(#856,#857,#858,#859));
#2115=EDGE_LOOP('',(#860,#861,#862,#863));
#2116=EDGE_LOOP('',(#864,#865,#866,#867));
#2117=EDGE_LOOP('',(#868,#869,#870,#871));
#2118=EDGE_LOOP('',(#872,#873,#874,#875));
#2119=EDGE_LOOP('',(#876,#877,#878));
#2120=EDGE_LOOP('',(#879,#880,#881));
#2121=EDGE_LOOP('',(#882,#883,#884,#885));
#2122=EDGE_LOOP('',(#886,#887,#888,#889));
#2123=EDGE_LOOP('',(#890,#891,#892,#893));
#2124=EDGE_LOOP('',(#894,#895,#896));
#2125=EDGE_LOOP('',(#897,#898,#899));
#2126=EDGE_LOOP('',(#900,#901,#902,#903));
#2127=EDGE_LOOP('',(#904,#905,#906,#907));
#2128=EDGE_LOOP('',(#908,#909,#910,#911));
#2129=EDGE_LOOP('',(#912,#913,#914));
#2130=EDGE_LOOP('',(#915,#916,#917,#918,#919,#920,#921,#922));
#2131=EDGE_LOOP('',(#923,#924,#925,#926,#927,#928));
#2132=EDGE_LOOP('',(#929,#930,#931,#932,#933,#934,#935,#936));
#2133=EDGE_LOOP('',(#937,#938));
#2134=EDGE_LOOP('',(#939,#940,#941,#942));
#2135=EDGE_LOOP('',(#943));
#2136=EDGE_LOOP('',(#944));
#2137=EDGE_LOOP('',(#945));
#2138=EDGE_LOOP('',(#946));
#2139=EDGE_LOOP('',(#947));
#2140=EDGE_LOOP('',(#948));
#2141=EDGE_LOOP('',(#949));
#2142=EDGE_LOOP('',(#950));
#2143=EDGE_LOOP('',(#951));
#2144=EDGE_LOOP('',(#952,#953,#954,#955));
#2145=EDGE_LOOP('',(#956,#957,#958,#959));
#2146=EDGE_LOOP('',(#960,#961,#962,#963));
#2147=EDGE_LOOP('',(#964,#965,#966,#967));
#2148=EDGE_LOOP('',(#968,#969,#970,#971));
#2149=EDGE_LOOP('',(#972,#973,#974,#975));
#2150=EDGE_LOOP('',(#976,#977,#978,#979));
#2151=EDGE_LOOP('',(#980,#981,#982,#983));
#2152=EDGE_LOOP('',(#984));
#2153=EDGE_LOOP('',(#985));
#2154=EDGE_LOOP('',(#986));
#2155=EDGE_LOOP('',(#987));
#2156=EDGE_LOOP('',(#988));
#2157=EDGE_LOOP('',(#989));
#2158=EDGE_LOOP('',(#990,#991,#992,#993,#994,#995,#996,#997,#998,#999,#1000,
#1001));
#2159=EDGE_LOOP('',(#1002,#1003,#1004,#1005,#1006,#1007,#1008,#1009));
#2160=EDGE_LOOP('',(#1010,#1011,#1012,#1013,#1014,#1015,#1016,#1017,#1018,
#1019,#1020,#1021,#1022,#1023,#1024,#1025,#1026,#1027,#1028,#1029,#1030));
#2161=EDGE_LOOP('',(#1031,#1032,#1033,#1034));
#2162=EDGE_LOOP('',(#1035,#1036,#1037,#1038));
#2163=EDGE_LOOP('',(#1039,#1040,#1041,#1042));
#2164=EDGE_LOOP('',(#1043,#1044,#1045,#1046,#1047,#1048,#1049,#1050));
#2165=EDGE_LOOP('',(#1051,#1052,#1053,#1054));
#2166=EDGE_LOOP('',(#1055,#1056,#1057,#1058,#1059));
#2167=EDGE_LOOP('',(#1060,#1061,#1062,#1063));
#2168=EDGE_LOOP('',(#1064,#1065,#1066,#1067));
#2169=EDGE_LOOP('',(#1068,#1069,#1070,#1071));
#2170=EDGE_LOOP('',(#1072,#1073,#1074,#1075));
#2171=EDGE_LOOP('',(#1076,#1077,#1078,#1079));
#2172=EDGE_LOOP('',(#1080,#1081,#1082,#1083));
#2173=EDGE_LOOP('',(#1084,#1085,#1086,#1087));
#2174=EDGE_LOOP('',(#1088,#1089,#1090));
#2175=EDGE_LOOP('',(#1091,#1092,#1093));
#2176=EDGE_LOOP('',(#1094,#1095,#1096,#1097));
#2177=EDGE_LOOP('',(#1098,#1099,#1100));
#2178=EDGE_LOOP('',(#1101,#1102,#1103,#1104,#1105,#1106,#1107));
#2179=EDGE_LOOP('',(#1108,#1109,#1110,#1111));
#2180=EDGE_LOOP('',(#1112,#1113,#1114,#1115,#1116));
#2181=EDGE_LOOP('',(#1117,#1118,#1119,#1120));
#2182=EDGE_LOOP('',(#1121,#1122,#1123,#1124,#1125));
#2183=EDGE_LOOP('',(#1126,#1127,#1128));
#2184=EDGE_LOOP('',(#1129,#1130,#1131,#1132,#1133,#1134));
#2185=EDGE_LOOP('',(#1135,#1136,#1137,#1138,#1139,#1140));
#2186=EDGE_LOOP('',(#1141,#1142,#1143,#1144,#1145,#1146,#1147,#1148));
#2187=EDGE_LOOP('',(#1149,#1150,#1151,#1152,#1153,#1154));
#2188=EDGE_LOOP('',(#1155,#1156,#1157,#1158,#1159));
#2189=EDGE_LOOP('',(#1160,#1161,#1162,#1163,#1164));
#2190=EDGE_LOOP('',(#1165,#1166,#1167,#1168,#1169));
#2191=EDGE_LOOP('',(#1170,#1171,#1172,#1173));
#2192=EDGE_LOOP('',(#1174,#1175,#1176,#1177,#1178));
#2193=EDGE_LOOP('',(#1179,#1180,#1181,#1182,#1183,#1184,#1185,#1186));
#2194=EDGE_LOOP('',(#1187,#1188,#1189,#1190));
#2195=EDGE_LOOP('',(#1191,#1192,#1193));
#2196=EDGE_LOOP('',(#1194,#1195,#1196,#1197));
#2197=EDGE_LOOP('',(#1198,#1199,#1200,#1201));
#2198=EDGE_LOOP('',(#1202,#1203,#1204,#1205));
#2199=EDGE_LOOP('',(#1206,#1207,#1208,#1209,#1210));
#2200=EDGE_LOOP('',(#1211,#1212,#1213,#1214));
#2201=EDGE_LOOP('',(#1215,#1216,#1217,#1218));
#2202=EDGE_LOOP('',(#1219,#1220,#1221,#1222));
#2203=EDGE_LOOP('',(#1223,#1224,#1225,#1226,#1227));
#2204=EDGE_LOOP('',(#1228,#1229,#1230,#1231,#1232));
#2205=EDGE_LOOP('',(#1233,#1234,#1235,#1236));
#2206=EDGE_LOOP('',(#1237,#1238,#1239,#1240,#1241));
#2207=EDGE_LOOP('',(#1242,#1243,#1244,#1245,#1246));
#2208=EDGE_LOOP('',(#1247,#1248,#1249,#1250));
#2209=EDGE_LOOP('',(#1251,#1252,#1253,#1254,#1255,#1256));
#2210=EDGE_LOOP('',(#1257,#1258,#1259,#1260));
#2211=EDGE_LOOP('',(#1261,#1262,#1263,#1264));
#2212=EDGE_LOOP('',(#1265,#1266,#1267,#1268,#1269,#1270));
#2213=EDGE_LOOP('',(#1271,#1272,#1273,#1274));
#2214=EDGE_LOOP('',(#1275,#1276,#1277,#1278,#1279,#1280,#1281,#1282));
#2215=EDGE_LOOP('',(#1283));
#2216=EDGE_LOOP('',(#1284));
#2217=EDGE_LOOP('',(#1285));
#2218=FACE_BOUND('',#2040,.T.);
#2219=FACE_BOUND('',#2041,.T.);
#2220=FACE_BOUND('',#2042,.T.);
#2221=FACE_BOUND('',#2043,.T.);
#2222=FACE_BOUND('',#2044,.T.);
#2223=FACE_BOUND('',#2045,.T.);
#2224=FACE_BOUND('',#2046,.T.);
#2225=FACE_BOUND('',#2047,.T.);
#2226=FACE_BOUND('',#2048,.T.);
#2227=FACE_BOUND('',#2049,.T.);
#2228=FACE_BOUND('',#2050,.T.);
#2229=FACE_BOUND('',#2051,.T.);
#2230=FACE_BOUND('',#2052,.T.);
#2231=FACE_BOUND('',#2053,.T.);
#2232=FACE_BOUND('',#2054,.T.);
#2233=FACE_BOUND('',#2055,.T.);
#2234=FACE_BOUND('',#2056,.T.);
#2235=FACE_BOUND('',#2057,.T.);
#2236=FACE_BOUND('',#2058,.T.);
#2237=FACE_BOUND('',#2059,.T.);
#2238=FACE_BOUND('',#2060,.T.);
#2239=FACE_BOUND('',#2061,.T.);
#2240=FACE_BOUND('',#2062,.T.);
#2241=FACE_BOUND('',#2063,.T.);
#2242=FACE_BOUND('',#2064,.T.);
#2243=FACE_BOUND('',#2065,.T.);
#2244=FACE_BOUND('',#2066,.T.);
#2245=FACE_BOUND('',#2067,.T.);
#2246=FACE_BOUND('',#2068,.T.);
#2247=FACE_BOUND('',#2069,.T.);
#2248=FACE_BOUND('',#2070,.T.);
#2249=FACE_BOUND('',#2071,.T.);
#2250=FACE_BOUND('',#2072,.T.);
#2251=FACE_BOUND('',#2073,.T.);
#2252=FACE_BOUND('',#2074,.T.);
#2253=FACE_BOUND('',#2075,.T.);
#2254=FACE_BOUND('',#2076,.T.);
#2255=FACE_BOUND('',#2077,.T.);
#2256=FACE_BOUND('',#2078,.T.);
#2257=FACE_BOUND('',#2079,.T.);
#2258=FACE_BOUND('',#2080,.T.);
#2259=FACE_BOUND('',#2081,.T.);
#2260=FACE_BOUND('',#2082,.T.);
#2261=FACE_BOUND('',#2083,.T.);
#2262=FACE_BOUND('',#2084,.T.);
#2263=FACE_BOUND('',#2085,.T.);
#2264=FACE_BOUND('',#2086,.T.);
#2265=FACE_BOUND('',#2087,.T.);
#2266=FACE_BOUND('',#2088,.T.);
#2267=FACE_BOUND('',#2089,.T.);
#2268=FACE_BOUND('',#2090,.T.);
#2269=FACE_BOUND('',#2091,.T.);
#2270=FACE_BOUND('',#2092,.T.);
#2271=FACE_BOUND('',#2093,.T.);
#2272=FACE_BOUND('',#2094,.T.);
#2273=FACE_BOUND('',#2095,.T.);
#2274=FACE_BOUND('',#2096,.T.);
#2275=FACE_BOUND('',#2097,.T.);
#2276=FACE_BOUND('',#2098,.T.);
#2277=FACE_BOUND('',#2099,.T.);
#2278=FACE_BOUND('',#2100,.T.);
#2279=FACE_BOUND('',#2101,.T.);
#2280=FACE_BOUND('',#2102,.T.);
#2281=FACE_BOUND('',#2103,.T.);
#2282=FACE_BOUND('',#2104,.T.);
#2283=FACE_BOUND('',#2105,.T.);
#2284=FACE_BOUND('',#2106,.T.);
#2285=FACE_BOUND('',#2107,.T.);
#2286=FACE_BOUND('',#2108,.T.);
#2287=FACE_BOUND('',#2109,.T.);
#2288=FACE_BOUND('',#2110,.T.);
#2289=FACE_BOUND('',#2111,.T.);
#2290=FACE_BOUND('',#2112,.T.);
#2291=FACE_BOUND('',#2113,.T.);
#2292=FACE_BOUND('',#2114,.T.);
#2293=FACE_BOUND('',#2115,.T.);
#2294=FACE_BOUND('',#2116,.T.);
#2295=FACE_BOUND('',#2117,.T.);
#2296=FACE_BOUND('',#2118,.T.);
#2297=FACE_BOUND('',#2119,.T.);
#2298=FACE_BOUND('',#2120,.T.);
#2299=FACE_BOUND('',#2121,.T.);
#2300=FACE_BOUND('',#2122,.T.);
#2301=FACE_BOUND('',#2123,.T.);
#2302=FACE_BOUND('',#2124,.T.);
#2303=FACE_BOUND('',#2125,.T.);
#2304=FACE_BOUND('',#2126,.T.);
#2305=FACE_BOUND('',#2127,.T.);
#2306=FACE_BOUND('',#2128,.T.);
#2307=FACE_BOUND('',#2129,.T.);
#2308=FACE_BOUND('',#2130,.T.);
#2309=FACE_BOUND('',#2131,.T.);
#2310=FACE_BOUND('',#2132,.T.);
#2311=FACE_BOUND('',#2133,.T.);
#2312=FACE_BOUND('',#2134,.T.);
#2313=FACE_BOUND('',#2135,.T.);
#2314=FACE_BOUND('',#2136,.T.);
#2315=FACE_BOUND('',#2137,.T.);
#2316=FACE_BOUND('',#2138,.T.);
#2317=FACE_BOUND('',#2139,.T.);
#2318=FACE_BOUND('',#2140,.T.);
#2319=FACE_BOUND('',#2141,.T.);
#2320=FACE_BOUND('',#2142,.T.);
#2321=FACE_BOUND('',#2143,.T.);
#2322=FACE_BOUND('',#2144,.T.);
#2323=FACE_BOUND('',#2145,.T.);
#2324=FACE_BOUND('',#2146,.T.);
#2325=FACE_BOUND('',#2147,.T.);
#2326=FACE_BOUND('',#2148,.T.);
#2327=FACE_BOUND('',#2149,.T.);
#2328=FACE_BOUND('',#2150,.T.);
#2329=FACE_BOUND('',#2151,.T.);
#2330=FACE_BOUND('',#2152,.T.);
#2331=FACE_BOUND('',#2153,.T.);
#2332=FACE_BOUND('',#2154,.T.);
#2333=FACE_BOUND('',#2155,.T.);
#2334=FACE_BOUND('',#2156,.T.);
#2335=FACE_BOUND('',#2157,.T.);
#2336=FACE_BOUND('',#2158,.T.);
#2337=FACE_BOUND('',#2159,.T.);
#2338=FACE_BOUND('',#2160,.T.);
#2339=FACE_BOUND('',#2161,.T.);
#2340=FACE_BOUND('',#2162,.T.);
#2341=FACE_BOUND('',#2163,.T.);
#2342=FACE_BOUND('',#2164,.T.);
#2343=FACE_BOUND('',#2165,.T.);
#2344=FACE_BOUND('',#2166,.T.);
#2345=FACE_BOUND('',#2167,.T.);
#2346=FACE_BOUND('',#2168,.T.);
#2347=FACE_BOUND('',#2169,.T.);
#2348=FACE_BOUND('',#2170,.T.);
#2349=FACE_BOUND('',#2171,.T.);
#2350=FACE_BOUND('',#2172,.T.);
#2351=FACE_BOUND('',#2173,.T.);
#2352=FACE_BOUND('',#2174,.T.);
#2353=FACE_BOUND('',#2175,.T.);
#2354=FACE_BOUND('',#2176,.T.);
#2355=FACE_BOUND('',#2177,.T.);
#2356=FACE_BOUND('',#2178,.T.);
#2357=FACE_BOUND('',#2179,.T.);
#2358=FACE_BOUND('',#2180,.T.);
#2359=FACE_BOUND('',#2181,.T.);
#2360=FACE_BOUND('',#2182,.T.);
#2361=FACE_BOUND('',#2183,.T.);
#2362=FACE_BOUND('',#2184,.T.);
#2363=FACE_BOUND('',#2185,.T.);
#2364=FACE_BOUND('',#2186,.T.);
#2365=FACE_BOUND('',#2187,.T.);
#2366=FACE_BOUND('',#2188,.T.);
#2367=FACE_BOUND('',#2189,.T.);
#2368=FACE_BOUND('',#2190,.T.);
#2369=FACE_BOUND('',#2191,.T.);
#2370=FACE_BOUND('',#2192,.T.);
#2371=FACE_BOUND('',#2193,.T.);
#2372=FACE_BOUND('',#2194,.T.);
#2373=FACE_BOUND('',#2195,.T.);
#2374=FACE_BOUND('',#2196,.T.);
#2375=FACE_BOUND('',#2197,.T.);
#2376=FACE_BOUND('',#2198,.T.);
#2377=FACE_BOUND('',#2199,.T.);
#2378=FACE_BOUND('',#2200,.T.);
#2379=FACE_BOUND('',#2201,.T.);
#2380=FACE_BOUND('',#2202,.T.);
#2381=FACE_BOUND('',#2203,.T.);
#2382=FACE_BOUND('',#2204,.T.);
#2383=FACE_BOUND('',#2205,.T.);
#2384=FACE_BOUND('',#2206,.T.);
#2385=FACE_BOUND('',#2207,.T.);
#2386=FACE_BOUND('',#2208,.T.);
#2387=FACE_BOUND('',#2209,.T.);
#2388=FACE_BOUND('',#2210,.T.);
#2389=FACE_BOUND('',#2211,.T.);
#2390=FACE_BOUND('',#2212,.T.);
#2391=FACE_BOUND('',#2213,.T.);
#2392=FACE_BOUND('',#2214,.T.);
#2393=FACE_BOUND('',#2215,.T.);
#2394=FACE_BOUND('',#2216,.T.);
#2395=FACE_BOUND('',#2217,.T.);
#2396=CYLINDRICAL_SURFACE('',#3672,1.2295);
#2397=CYLINDRICAL_SURFACE('',#3675,27.0275375682747);
#2398=CYLINDRICAL_SURFACE('',#3689,25.7166702328607);
#2399=CYLINDRICAL_SURFACE('',#3692,19.);
#2400=CYLINDRICAL_SURFACE('',#3697,26.2238549118873);
#2401=CYLINDRICAL_SURFACE('',#3706,4.2);
#2402=CYLINDRICAL_SURFACE('',#3713,25.3208981937956);
#2403=CYLINDRICAL_SURFACE('',#3716,1.2295);
#2404=CYLINDRICAL_SURFACE('',#3719,1.2295);
#2405=CYLINDRICAL_SURFACE('',#3745,1.2295);
#2406=CYLINDRICAL_SURFACE('',#3748,1.2295);
#2407=CYLINDRICAL_SURFACE('',#3751,1.2295);
#2408=CYLINDRICAL_SURFACE('',#3754,25.3208981937956);
#2409=CYLINDRICAL_SURFACE('',#3756,25.);
#2410=CYLINDRICAL_SURFACE('',#3789,21.25);
#2411=CYLINDRICAL_SURFACE('',#3811,19.);
#2412=CYLINDRICAL_SURFACE('',#3842,1.2295);
#2413=CYLINDRICAL_SURFACE('',#3844,1.2295);
#2414=CYLINDRICAL_SURFACE('',#3846,1.2295);
#2415=CYLINDRICAL_SURFACE('',#3850,3.);
#2416=CYLINDRICAL_SURFACE('',#3851,3.);
#2417=CYLINDRICAL_SURFACE('',#3852,3.);
#2418=CYLINDRICAL_SURFACE('',#3853,3.);
#2419=CYLINDRICAL_SURFACE('',#3854,3.);
#2420=CYLINDRICAL_SURFACE('',#3855,3.);
#2421=CYLINDRICAL_SURFACE('',#3856,1.2295);
#2422=CYLINDRICAL_SURFACE('',#3858,1.2295);
#2423=CYLINDRICAL_SURFACE('',#3866,32.7460462300658);
#2424=CYLINDRICAL_SURFACE('',#3876,32.7460462300658);
#2425=CYLINDRICAL_SURFACE('',#3878,0.999999999999999);
#2426=CYLINDRICAL_SURFACE('',#3880,0.999999999999999);
#2427=CYLINDRICAL_SURFACE('',#3890,0.999999999999998);
#2428=CYLINDRICAL_SURFACE('',#3891,0.999999999999998);
#2429=CYLINDRICAL_SURFACE('',#3892,0.999999999999998);
#2430=CYLINDRICAL_SURFACE('',#3893,0.999999999999998);
#2431=CYLINDRICAL_SURFACE('',#3894,0.999999999999997);
#2432=CYLINDRICAL_SURFACE('',#3895,0.999999999999997);
#2433=CYLINDRICAL_SURFACE('',#3900,1.);
#2434=CYLINDRICAL_SURFACE('',#3901,1.);
#2435=CYLINDRICAL_SURFACE('',#3902,0.999999999999999);
#2436=CYLINDRICAL_SURFACE('',#3905,0.999999999999999);
#2437=CYLINDRICAL_SURFACE('',#3906,0.999999999999999);
#2438=CYLINDRICAL_SURFACE('',#3926,0.999999999999999);
#2439=CYLINDRICAL_SURFACE('',#3927,0.999999999999999);
#2440=CYLINDRICAL_SURFACE('',#3929,0.999999999999998);
#2441=CYLINDRICAL_SURFACE('',#3930,0.999999999999998);
#2442=CYLINDRICAL_SURFACE('',#3931,0.999999999999998);
#2443=CYLINDRICAL_SURFACE('',#3932,0.999999999999998);
#2444=CYLINDRICAL_SURFACE('',#3944,2.);
#2445=CYLINDRICAL_SURFACE('',#3945,2.);
#2446=CYLINDRICAL_SURFACE('',#3946,0.999999999999999);
#2447=CYLINDRICAL_SURFACE('',#3947,0.999999999999998);
#2448=CYLINDRICAL_SURFACE('',#3949,1.2295);
#2449=STYLED_ITEM('',(#2601),#3515);
#2450=STYLED_ITEM('',(#2602),#3516);
#2451=STYLED_ITEM('',(#2603),#3517);
#2452=STYLED_ITEM('',(#2604),#3518);
#2453=STYLED_ITEM('',(#2605),#3519);
#2454=STYLED_ITEM('',(#2606),#3520);
#2455=STYLED_ITEM('',(#2607),#3521);
#2456=STYLED_ITEM('',(#2608),#3522);
#2457=STYLED_ITEM('',(#2609),#3523);
#2458=STYLED_ITEM('',(#2610),#3524);
#2459=STYLED_ITEM('',(#2611),#3525);
#2460=STYLED_ITEM('',(#2612),#3526);
#2461=STYLED_ITEM('',(#2613),#3527);
#2462=STYLED_ITEM('',(#2614),#3528);
#2463=STYLED_ITEM('',(#2615),#3529);
#2464=STYLED_ITEM('',(#2616),#3530);
#2465=STYLED_ITEM('',(#2617),#3531);
#2466=STYLED_ITEM('',(#2618),#3532);
#2467=STYLED_ITEM('',(#2619),#3533);
#2468=STYLED_ITEM('',(#2620),#3534);
#2469=STYLED_ITEM('',(#2621),#3535);
#2470=STYLED_ITEM('',(#2622),#3536);
#2471=STYLED_ITEM('',(#2623),#3537);
#2472=STYLED_ITEM('',(#2624),#3538);
#2473=STYLED_ITEM('',(#2625),#3539);
#2474=STYLED_ITEM('',(#2626),#3540);
#2475=STYLED_ITEM('',(#2627),#3541);
#2476=STYLED_ITEM('',(#2628),#3542);
#2477=STYLED_ITEM('',(#2629),#3543);
#2478=STYLED_ITEM('',(#2630),#3544);
#2479=STYLED_ITEM('',(#2631),#3545);
#2480=STYLED_ITEM('',(#2632),#3546);
#2481=STYLED_ITEM('',(#2633),#3547);
#2482=STYLED_ITEM('',(#2634),#3548);
#2483=STYLED_ITEM('',(#2635),#3549);
#2484=STYLED_ITEM('',(#2636),#3550);
#2485=STYLED_ITEM('',(#2637),#3551);
#2486=STYLED_ITEM('',(#2638),#3552);
#2487=STYLED_ITEM('',(#2639),#3553);
#2488=STYLED_ITEM('',(#2640),#3554);
#2489=STYLED_ITEM('',(#2641),#3555);
#2490=STYLED_ITEM('',(#2642),#3556);
#2491=STYLED_ITEM('',(#2643),#3557);
#2492=STYLED_ITEM('',(#2644),#3558);
#2493=STYLED_ITEM('',(#2645),#3559);
#2494=STYLED_ITEM('',(#2646),#3560);
#2495=STYLED_ITEM('',(#2647),#3561);
#2496=STYLED_ITEM('',(#2648),#3562);
#2497=STYLED_ITEM('',(#2649),#3563);
#2498=STYLED_ITEM('',(#2650),#3564);
#2499=STYLED_ITEM('',(#2651),#3565);
#2500=STYLED_ITEM('',(#2652),#3566);
#2501=STYLED_ITEM('',(#2653),#3567);
#2502=STYLED_ITEM('',(#2654),#3568);
#2503=STYLED_ITEM('',(#2655),#3569);
#2504=STYLED_ITEM('',(#2656),#3570);
#2505=STYLED_ITEM('',(#2657),#3571);
#2506=STYLED_ITEM('',(#2658),#3572);
#2507=STYLED_ITEM('',(#2659),#3573);
#2508=STYLED_ITEM('',(#2660),#3574);
#2509=STYLED_ITEM('',(#2661),#3575);
#2510=STYLED_ITEM('',(#2662),#3576);
#2511=STYLED_ITEM('',(#2663),#3577);
#2512=STYLED_ITEM('',(#2664),#3578);
#2513=STYLED_ITEM('',(#2665),#3579);
#2514=STYLED_ITEM('',(#2666),#3580);
#2515=STYLED_ITEM('',(#2667),#3581);
#2516=STYLED_ITEM('',(#2668),#3582);
#2517=STYLED_ITEM('',(#2669),#3583);
#2518=STYLED_ITEM('',(#2670),#3584);
#2519=STYLED_ITEM('',(#2671),#3585);
#2520=STYLED_ITEM('',(#2672),#3586);
#2521=STYLED_ITEM('',(#2673),#3587);
#2522=STYLED_ITEM('',(#2674),#3588);
#2523=STYLED_ITEM('',(#2675),#3589);
#2524=STYLED_ITEM('',(#2676),#3590);
#2525=STYLED_ITEM('',(#2677),#3591);
#2526=STYLED_ITEM('',(#2678),#3592);
#2527=STYLED_ITEM('',(#2679),#3593);
#2528=STYLED_ITEM('',(#2680),#3594);
#2529=STYLED_ITEM('',(#2681),#3595);
#2530=STYLED_ITEM('',(#2682),#3596);
#2531=STYLED_ITEM('',(#2683),#3597);
#2532=STYLED_ITEM('',(#2684),#3598);
#2533=STYLED_ITEM('',(#2685),#3599);
#2534=STYLED_ITEM('',(#2686),#3600);
#2535=STYLED_ITEM('',(#2687),#3601);
#2536=STYLED_ITEM('',(#2688),#3602);
#2537=STYLED_ITEM('',(#2689),#3603);
#2538=STYLED_ITEM('',(#2690),#3604);
#2539=STYLED_ITEM('',(#2691),#3605);
#2540=STYLED_ITEM('',(#2692),#3606);
#2541=STYLED_ITEM('',(#2693),#3607);
#2542=STYLED_ITEM('',(#2694),#3608);
#2543=STYLED_ITEM('',(#2695),#3609);
#2544=STYLED_ITEM('',(#2696),#3610);
#2545=STYLED_ITEM('',(#2697),#3611);
#2546=STYLED_ITEM('',(#2698),#3612);
#2547=STYLED_ITEM('',(#2699),#3613);
#2548=STYLED_ITEM('',(#2700),#3614);
#2549=STYLED_ITEM('',(#2701),#3615);
#2550=STYLED_ITEM('',(#2702),#3616);
#2551=STYLED_ITEM('',(#2703),#3617);
#2552=STYLED_ITEM('',(#2704),#3618);
#2553=STYLED_ITEM('',(#2705),#3619);
#2554=STYLED_ITEM('',(#2706),#3620);
#2555=STYLED_ITEM('',(#2707),#3621);
#2556=STYLED_ITEM('',(#2708),#3622);
#2557=STYLED_ITEM('',(#2709),#3623);
#2558=STYLED_ITEM('',(#2710),#3624);
#2559=STYLED_ITEM('',(#2711),#3625);
#2560=STYLED_ITEM('',(#2712),#3626);
#2561=STYLED_ITEM('',(#2713),#3627);
#2562=STYLED_ITEM('',(#2714),#3628);
#2563=STYLED_ITEM('',(#2715),#3629);
#2564=STYLED_ITEM('',(#2716),#3630);
#2565=STYLED_ITEM('',(#2717),#3631);
#2566=STYLED_ITEM('',(#2718),#3632);
#2567=STYLED_ITEM('',(#2719),#3633);
#2568=STYLED_ITEM('',(#2720),#3634);
#2569=STYLED_ITEM('',(#2721),#3635);
#2570=STYLED_ITEM('',(#2722),#3636);
#2571=STYLED_ITEM('',(#2723),#3637);
#2572=STYLED_ITEM('',(#2724),#3638);
#2573=STYLED_ITEM('',(#2725),#3639);
#2574=STYLED_ITEM('',(#2726),#3640);
#2575=STYLED_ITEM('',(#2727),#3641);
#2576=STYLED_ITEM('',(#2728),#3642);
#2577=STYLED_ITEM('',(#2729),#3643);
#2578=STYLED_ITEM('',(#2730),#3644);
#2579=STYLED_ITEM('',(#2731),#3645);
#2580=STYLED_ITEM('',(#2732),#3646);
#2581=STYLED_ITEM('',(#2733),#3647);
#2582=STYLED_ITEM('',(#2734),#3648);
#2583=STYLED_ITEM('',(#2735),#3649);
#2584=STYLED_ITEM('',(#2736),#3650);
#2585=STYLED_ITEM('',(#2737),#3651);
#2586=STYLED_ITEM('',(#2738),#3652);
#2587=STYLED_ITEM('',(#2739),#3653);
#2588=STYLED_ITEM('',(#2740),#3654);
#2589=STYLED_ITEM('',(#2741),#3655);
#2590=STYLED_ITEM('',(#2742),#3656);
#2591=STYLED_ITEM('',(#2743),#3657);
#2592=STYLED_ITEM('',(#2744),#3658);
#2593=STYLED_ITEM('',(#2745),#3659);
#2594=STYLED_ITEM('',(#2746),#3660);
#2595=STYLED_ITEM('',(#2747),#3661);
#2596=STYLED_ITEM('',(#2748),#3662);
#2597=STYLED_ITEM('',(#2749),#3663);
#2598=STYLED_ITEM('',(#2750),#3664);
#2599=STYLED_ITEM('',(#2751),#3665);
#2600=STYLED_ITEM('',(#2752),#3666);
#2601=PRESENTATION_STYLE_ASSIGNMENT((#2753));
#2602=PRESENTATION_STYLE_ASSIGNMENT((#2754));
#2603=PRESENTATION_STYLE_ASSIGNMENT((#2755));
#2604=PRESENTATION_STYLE_ASSIGNMENT((#2756));
#2605=PRESENTATION_STYLE_ASSIGNMENT((#2757));
#2606=PRESENTATION_STYLE_ASSIGNMENT((#2758));
#2607=PRESENTATION_STYLE_ASSIGNMENT((#2759));
#2608=PRESENTATION_STYLE_ASSIGNMENT((#2760));
#2609=PRESENTATION_STYLE_ASSIGNMENT((#2761));
#2610=PRESENTATION_STYLE_ASSIGNMENT((#2762));
#2611=PRESENTATION_STYLE_ASSIGNMENT((#2763));
#2612=PRESENTATION_STYLE_ASSIGNMENT((#2764));
#2613=PRESENTATION_STYLE_ASSIGNMENT((#2765));
#2614=PRESENTATION_STYLE_ASSIGNMENT((#2766));
#2615=PRESENTATION_STYLE_ASSIGNMENT((#2767));
#2616=PRESENTATION_STYLE_ASSIGNMENT((#2768));
#2617=PRESENTATION_STYLE_ASSIGNMENT((#2769));
#2618=PRESENTATION_STYLE_ASSIGNMENT((#2770));
#2619=PRESENTATION_STYLE_ASSIGNMENT((#2771));
#2620=PRESENTATION_STYLE_ASSIGNMENT((#2772));
#2621=PRESENTATION_STYLE_ASSIGNMENT((#2773));
#2622=PRESENTATION_STYLE_ASSIGNMENT((#2774));
#2623=PRESENTATION_STYLE_ASSIGNMENT((#2775));
#2624=PRESENTATION_STYLE_ASSIGNMENT((#2776));
#2625=PRESENTATION_STYLE_ASSIGNMENT((#2777));
#2626=PRESENTATION_STYLE_ASSIGNMENT((#2778));
#2627=PRESENTATION_STYLE_ASSIGNMENT((#2779));
#2628=PRESENTATION_STYLE_ASSIGNMENT((#2780));
#2629=PRESENTATION_STYLE_ASSIGNMENT((#2781));
#2630=PRESENTATION_STYLE_ASSIGNMENT((#2782));
#2631=PRESENTATION_STYLE_ASSIGNMENT((#2783));
#2632=PRESENTATION_STYLE_ASSIGNMENT((#2784));
#2633=PRESENTATION_STYLE_ASSIGNMENT((#2785));
#2634=PRESENTATION_STYLE_ASSIGNMENT((#2786));
#2635=PRESENTATION_STYLE_ASSIGNMENT((#2787));
#2636=PRESENTATION_STYLE_ASSIGNMENT((#2788));
#2637=PRESENTATION_STYLE_ASSIGNMENT((#2789));
#2638=PRESENTATION_STYLE_ASSIGNMENT((#2790));
#2639=PRESENTATION_STYLE_ASSIGNMENT((#2791));
#2640=PRESENTATION_STYLE_ASSIGNMENT((#2792));
#2641=PRESENTATION_STYLE_ASSIGNMENT((#2793));
#2642=PRESENTATION_STYLE_ASSIGNMENT((#2794));
#2643=PRESENTATION_STYLE_ASSIGNMENT((#2795));
#2644=PRESENTATION_STYLE_ASSIGNMENT((#2796));
#2645=PRESENTATION_STYLE_ASSIGNMENT((#2797));
#2646=PRESENTATION_STYLE_ASSIGNMENT((#2798));
#2647=PRESENTATION_STYLE_ASSIGNMENT((#2799));
#2648=PRESENTATION_STYLE_ASSIGNMENT((#2800));
#2649=PRESENTATION_STYLE_ASSIGNMENT((#2801));
#2650=PRESENTATION_STYLE_ASSIGNMENT((#2802));
#2651=PRESENTATION_STYLE_ASSIGNMENT((#2803));
#2652=PRESENTATION_STYLE_ASSIGNMENT((#2804));
#2653=PRESENTATION_STYLE_ASSIGNMENT((#2805));
#2654=PRESENTATION_STYLE_ASSIGNMENT((#2806));
#2655=PRESENTATION_STYLE_ASSIGNMENT((#2807));
#2656=PRESENTATION_STYLE_ASSIGNMENT((#2808));
#2657=PRESENTATION_STYLE_ASSIGNMENT((#2809));
#2658=PRESENTATION_STYLE_ASSIGNMENT((#2810));
#2659=PRESENTATION_STYLE_ASSIGNMENT((#2811));
#2660=PRESENTATION_STYLE_ASSIGNMENT((#2812));
#2661=PRESENTATION_STYLE_ASSIGNMENT((#2813));
#2662=PRESENTATION_STYLE_ASSIGNMENT((#2814));
#2663=PRESENTATION_STYLE_ASSIGNMENT((#2815));
#2664=PRESENTATION_STYLE_ASSIGNMENT((#2816));
#2665=PRESENTATION_STYLE_ASSIGNMENT((#2817));
#2666=PRESENTATION_STYLE_ASSIGNMENT((#2818));
#2667=PRESENTATION_STYLE_ASSIGNMENT((#2819));
#2668=PRESENTATION_STYLE_ASSIGNMENT((#2820));
#2669=PRESENTATION_STYLE_ASSIGNMENT((#2821));
#2670=PRESENTATION_STYLE_ASSIGNMENT((#2822));
#2671=PRESENTATION_STYLE_ASSIGNMENT((#2823));
#2672=PRESENTATION_STYLE_ASSIGNMENT((#2824));
#2673=PRESENTATION_STYLE_ASSIGNMENT((#2825));
#2674=PRESENTATION_STYLE_ASSIGNMENT((#2826));
#2675=PRESENTATION_STYLE_ASSIGNMENT((#2827));
#2676=PRESENTATION_STYLE_ASSIGNMENT((#2828));
#2677=PRESENTATION_STYLE_ASSIGNMENT((#2829));
#2678=PRESENTATION_STYLE_ASSIGNMENT((#2830));
#2679=PRESENTATION_STYLE_ASSIGNMENT((#2831));
#2680=PRESENTATION_STYLE_ASSIGNMENT((#2832));
#2681=PRESENTATION_STYLE_ASSIGNMENT((#2833));
#2682=PRESENTATION_STYLE_ASSIGNMENT((#2834));
#2683=PRESENTATION_STYLE_ASSIGNMENT((#2835));
#2684=PRESENTATION_STYLE_ASSIGNMENT((#2836));
#2685=PRESENTATION_STYLE_ASSIGNMENT((#2837));
#2686=PRESENTATION_STYLE_ASSIGNMENT((#2838));
#2687=PRESENTATION_STYLE_ASSIGNMENT((#2839));
#2688=PRESENTATION_STYLE_ASSIGNMENT((#2840));
#2689=PRESENTATION_STYLE_ASSIGNMENT((#2841));
#2690=PRESENTATION_STYLE_ASSIGNMENT((#2842));
#2691=PRESENTATION_STYLE_ASSIGNMENT((#2843));
#2692=PRESENTATION_STYLE_ASSIGNMENT((#2844));
#2693=PRESENTATION_STYLE_ASSIGNMENT((#2845));
#2694=PRESENTATION_STYLE_ASSIGNMENT((#2846));
#2695=PRESENTATION_STYLE_ASSIGNMENT((#2847));
#2696=PRESENTATION_STYLE_ASSIGNMENT((#2848));
#2697=PRESENTATION_STYLE_ASSIGNMENT((#2849));
#2698=PRESENTATION_STYLE_ASSIGNMENT((#2850));
#2699=PRESENTATION_STYLE_ASSIGNMENT((#2851));
#2700=PRESENTATION_STYLE_ASSIGNMENT((#2852));
#2701=PRESENTATION_STYLE_ASSIGNMENT((#2853));
#2702=PRESENTATION_STYLE_ASSIGNMENT((#2854));
#2703=PRESENTATION_STYLE_ASSIGNMENT((#2855));
#2704=PRESENTATION_STYLE_ASSIGNMENT((#2856));
#2705=PRESENTATION_STYLE_ASSIGNMENT((#2857));
#2706=PRESENTATION_STYLE_ASSIGNMENT((#2858));
#2707=PRESENTATION_STYLE_ASSIGNMENT((#2859));
#2708=PRESENTATION_STYLE_ASSIGNMENT((#2860));
#2709=PRESENTATION_STYLE_ASSIGNMENT((#2861));
#2710=PRESENTATION_STYLE_ASSIGNMENT((#2862));
#2711=PRESENTATION_STYLE_ASSIGNMENT((#2863));
#2712=PRESENTATION_STYLE_ASSIGNMENT((#2864));
#2713=PRESENTATION_STYLE_ASSIGNMENT((#2865));
#2714=PRESENTATION_STYLE_ASSIGNMENT((#2866));
#2715=PRESENTATION_STYLE_ASSIGNMENT((#2867));
#2716=PRESENTATION_STYLE_ASSIGNMENT((#2868));
#2717=PRESENTATION_STYLE_ASSIGNMENT((#2869));
#2718=PRESENTATION_STYLE_ASSIGNMENT((#2870));
#2719=PRESENTATION_STYLE_ASSIGNMENT((#2871));
#2720=PRESENTATION_STYLE_ASSIGNMENT((#2872));
#2721=PRESENTATION_STYLE_ASSIGNMENT((#2873));
#2722=PRESENTATION_STYLE_ASSIGNMENT((#2874));
#2723=PRESENTATION_STYLE_ASSIGNMENT((#2875));
#2724=PRESENTATION_STYLE_ASSIGNMENT((#2876));
#2725=PRESENTATION_STYLE_ASSIGNMENT((#2877));
#2726=PRESENTATION_STYLE_ASSIGNMENT((#2878));
#2727=PRESENTATION_STYLE_ASSIGNMENT((#2879));
#2728=PRESENTATION_STYLE_ASSIGNMENT((#2880));
#2729=PRESENTATION_STYLE_ASSIGNMENT((#2881));
#2730=PRESENTATION_STYLE_ASSIGNMENT((#2882));
#2731=PRESENTATION_STYLE_ASSIGNMENT((#2883));
#2732=PRESENTATION_STYLE_ASSIGNMENT((#2884));
#2733=PRESENTATION_STYLE_ASSIGNMENT((#2885));
#2734=PRESENTATION_STYLE_ASSIGNMENT((#2886));
#2735=PRESENTATION_STYLE_ASSIGNMENT((#2887));
#2736=PRESENTATION_STYLE_ASSIGNMENT((#2888));
#2737=PRESENTATION_STYLE_ASSIGNMENT((#2889));
#2738=PRESENTATION_STYLE_ASSIGNMENT((#2890));
#2739=PRESENTATION_STYLE_ASSIGNMENT((#2891));
#2740=PRESENTATION_STYLE_ASSIGNMENT((#2892));
#2741=PRESENTATION_STYLE_ASSIGNMENT((#2893));
#2742=PRESENTATION_STYLE_ASSIGNMENT((#2894));
#2743=PRESENTATION_STYLE_ASSIGNMENT((#2895));
#2744=PRESENTATION_STYLE_ASSIGNMENT((#2896));
#2745=PRESENTATION_STYLE_ASSIGNMENT((#2897));
#2746=PRESENTATION_STYLE_ASSIGNMENT((#2898));
#2747=PRESENTATION_STYLE_ASSIGNMENT((#2899));
#2748=PRESENTATION_STYLE_ASSIGNMENT((#2900));
#2749=PRESENTATION_STYLE_ASSIGNMENT((#2901));
#2750=PRESENTATION_STYLE_ASSIGNMENT((#2902));
#2751=PRESENTATION_STYLE_ASSIGNMENT((#2903));
#2752=PRESENTATION_STYLE_ASSIGNMENT((#2904));
#2753=SURFACE_STYLE_USAGE(.BOTH.,#2905);
#2754=SURFACE_STYLE_USAGE(.BOTH.,#2906);
#2755=SURFACE_STYLE_USAGE(.BOTH.,#2907);
#2756=SURFACE_STYLE_USAGE(.BOTH.,#2908);
#2757=SURFACE_STYLE_USAGE(.BOTH.,#2909);
#2758=SURFACE_STYLE_USAGE(.BOTH.,#2910);
#2759=SURFACE_STYLE_USAGE(.BOTH.,#2911);
#2760=SURFACE_STYLE_USAGE(.BOTH.,#2912);
#2761=SURFACE_STYLE_USAGE(.BOTH.,#2913);
#2762=SURFACE_STYLE_USAGE(.BOTH.,#2914);
#2763=SURFACE_STYLE_USAGE(.BOTH.,#2915);
#2764=SURFACE_STYLE_USAGE(.BOTH.,#2916);
#2765=SURFACE_STYLE_USAGE(.BOTH.,#2917);
#2766=SURFACE_STYLE_USAGE(.BOTH.,#2918);
#2767=SURFACE_STYLE_USAGE(.BOTH.,#2919);
#2768=SURFACE_STYLE_USAGE(.BOTH.,#2920);
#2769=SURFACE_STYLE_USAGE(.BOTH.,#2921);
#2770=SURFACE_STYLE_USAGE(.BOTH.,#2922);
#2771=SURFACE_STYLE_USAGE(.BOTH.,#2923);
#2772=SURFACE_STYLE_USAGE(.BOTH.,#2924);
#2773=SURFACE_STYLE_USAGE(.BOTH.,#2925);
#2774=SURFACE_STYLE_USAGE(.BOTH.,#2926);
#2775=SURFACE_STYLE_USAGE(.BOTH.,#2927);
#2776=SURFACE_STYLE_USAGE(.BOTH.,#2928);
#2777=SURFACE_STYLE_USAGE(.BOTH.,#2929);
#2778=SURFACE_STYLE_USAGE(.BOTH.,#2930);
#2779=SURFACE_STYLE_USAGE(.BOTH.,#2931);
#2780=SURFACE_STYLE_USAGE(.BOTH.,#2932);
#2781=SURFACE_STYLE_USAGE(.BOTH.,#2933);
#2782=SURFACE_STYLE_USAGE(.BOTH.,#2934);
#2783=SURFACE_STYLE_USAGE(.BOTH.,#2935);
#2784=SURFACE_STYLE_USAGE(.BOTH.,#2936);
#2785=SURFACE_STYLE_USAGE(.BOTH.,#2937);
#2786=SURFACE_STYLE_USAGE(.BOTH.,#2938);
#2787=SURFACE_STYLE_USAGE(.BOTH.,#2939);
#2788=SURFACE_STYLE_USAGE(.BOTH.,#2940);
#2789=SURFACE_STYLE_USAGE(.BOTH.,#2941);
#2790=SURFACE_STYLE_USAGE(.BOTH.,#2942);
#2791=SURFACE_STYLE_USAGE(.BOTH.,#2943);
#2792=SURFACE_STYLE_USAGE(.BOTH.,#2944);
#2793=SURFACE_STYLE_USAGE(.BOTH.,#2945);
#2794=SURFACE_STYLE_USAGE(.BOTH.,#2946);
#2795=SURFACE_STYLE_USAGE(.BOTH.,#2947);
#2796=SURFACE_STYLE_USAGE(.BOTH.,#2948);
#2797=SURFACE_STYLE_USAGE(.BOTH.,#2949);
#2798=SURFACE_STYLE_USAGE(.BOTH.,#2950);
#2799=SURFACE_STYLE_USAGE(.BOTH.,#2951);
#2800=SURFACE_STYLE_USAGE(.BOTH.,#2952);
#2801=SURFACE_STYLE_USAGE(.BOTH.,#2953);
#2802=SURFACE_STYLE_USAGE(.BOTH.,#2954);
#2803=SURFACE_STYLE_USAGE(.BOTH.,#2955);
#2804=SURFACE_STYLE_USAGE(.BOTH.,#2956);
#2805=SURFACE_STYLE_USAGE(.BOTH.,#2957);
#2806=SURFACE_STYLE_USAGE(.BOTH.,#2958);
#2807=SURFACE_STYLE_USAGE(.BOTH.,#2959);
#2808=SURFACE_STYLE_USAGE(.BOTH.,#2960);
#2809=SURFACE_STYLE_USAGE(.BOTH.,#2961);
#2810=SURFACE_STYLE_USAGE(.BOTH.,#2962);
#2811=SURFACE_STYLE_USAGE(.BOTH.,#2963);
#2812=SURFACE_STYLE_USAGE(.BOTH.,#2964);
#2813=SURFACE_STYLE_USAGE(.BOTH.,#2965);
#2814=SURFACE_STYLE_USAGE(.BOTH.,#2966);
#2815=SURFACE_STYLE_USAGE(.BOTH.,#2967);
#2816=SURFACE_STYLE_USAGE(.BOTH.,#2968);
#2817=SURFACE_STYLE_USAGE(.BOTH.,#2969);
#2818=SURFACE_STYLE_USAGE(.BOTH.,#2970);
#2819=SURFACE_STYLE_USAGE(.BOTH.,#2971);
#2820=SURFACE_STYLE_USAGE(.BOTH.,#2972);
#2821=SURFACE_STYLE_USAGE(.BOTH.,#2973);
#2822=SURFACE_STYLE_USAGE(.BOTH.,#2974);
#2823=SURFACE_STYLE_USAGE(.BOTH.,#2975);
#2824=SURFACE_STYLE_USAGE(.BOTH.,#2976);
#2825=SURFACE_STYLE_USAGE(.BOTH.,#2977);
#2826=SURFACE_STYLE_USAGE(.BOTH.,#2978);
#2827=SURFACE_STYLE_USAGE(.BOTH.,#2979);
#2828=SURFACE_STYLE_USAGE(.BOTH.,#2980);
#2829=SURFACE_STYLE_USAGE(.BOTH.,#2981);
#2830=SURFACE_STYLE_USAGE(.BOTH.,#2982);
#2831=SURFACE_STYLE_USAGE(.BOTH.,#2983);
#2832=SURFACE_STYLE_USAGE(.BOTH.,#2984);
#2833=SURFACE_STYLE_USAGE(.BOTH.,#2985);
#2834=SURFACE_STYLE_USAGE(.BOTH.,#2986);
#2835=SURFACE_STYLE_USAGE(.BOTH.,#2987);
#2836=SURFACE_STYLE_USAGE(.BOTH.,#2988);
#2837=SURFACE_STYLE_USAGE(.BOTH.,#2989);
#2838=SURFACE_STYLE_USAGE(.BOTH.,#2990);
#2839=SURFACE_STYLE_USAGE(.BOTH.,#2991);
#2840=SURFACE_STYLE_USAGE(.BOTH.,#2992);
#2841=SURFACE_STYLE_USAGE(.BOTH.,#2993);
#2842=SURFACE_STYLE_USAGE(.BOTH.,#2994);
#2843=SURFACE_STYLE_USAGE(.BOTH.,#2995);
#2844=SURFACE_STYLE_USAGE(.BOTH.,#2996);
#2845=SURFACE_STYLE_USAGE(.BOTH.,#2997);
#2846=SURFACE_STYLE_USAGE(.BOTH.,#2998);
#2847=SURFACE_STYLE_USAGE(.BOTH.,#2999);
#2848=SURFACE_STYLE_USAGE(.BOTH.,#3000);
#2849=SURFACE_STYLE_USAGE(.BOTH.,#3001);
#2850=SURFACE_STYLE_USAGE(.BOTH.,#3002);
#2851=SURFACE_STYLE_USAGE(.BOTH.,#3003);
#2852=SURFACE_STYLE_USAGE(.BOTH.,#3004);
#2853=SURFACE_STYLE_USAGE(.BOTH.,#3005);
#2854=SURFACE_STYLE_USAGE(.BOTH.,#3006);
#2855=SURFACE_STYLE_USAGE(.BOTH.,#3007);
#2856=SURFACE_STYLE_USAGE(.BOTH.,#3008);
#2857=SURFACE_STYLE_USAGE(.BOTH.,#3009);
#2858=SURFACE_STYLE_USAGE(.BOTH.,#3010);
#2859=SURFACE_STYLE_USAGE(.BOTH.,#3011);
#2860=SURFACE_STYLE_USAGE(.BOTH.,#3012);
#2861=SURFACE_STYLE_USAGE(.BOTH.,#3013);
#2862=SURFACE_STYLE_USAGE(.BOTH.,#3014);
#2863=SURFACE_STYLE_USAGE(.BOTH.,#3015);
#2864=SURFACE_STYLE_USAGE(.BOTH.,#3016);
#2865=SURFACE_STYLE_USAGE(.BOTH.,#3017);
#2866=SURFACE_STYLE_USAGE(.BOTH.,#3018);
#2867=SURFACE_STYLE_USAGE(.BOTH.,#3019);
#2868=SURFACE_STYLE_USAGE(.BOTH.,#3020);
#2869=SURFACE_STYLE_USAGE(.BOTH.,#3021);
#2870=SURFACE_STYLE_USAGE(.BOTH.,#3022);
#2871=SURFACE_STYLE_USAGE(.BOTH.,#3023);
#2872=SURFACE_STYLE_USAGE(.BOTH.,#3024);
#2873=SURFACE_STYLE_USAGE(.BOTH.,#3025);
#2874=SURFACE_STYLE_USAGE(.BOTH.,#3026);
#2875=SURFACE_STYLE_USAGE(.BOTH.,#3027);
#2876=SURFACE_STYLE_USAGE(.BOTH.,#3028);
#2877=SURFACE_STYLE_USAGE(.BOTH.,#3029);
#2878=SURFACE_STYLE_USAGE(.BOTH.,#3030);
#2879=SURFACE_STYLE_USAGE(.BOTH.,#3031);
#2880=SURFACE_STYLE_USAGE(.BOTH.,#3032);
#2881=SURFACE_STYLE_USAGE(.BOTH.,#3033);
#2882=SURFACE_STYLE_USAGE(.BOTH.,#3034);
#2883=SURFACE_STYLE_USAGE(.BOTH.,#3035);
#2884=SURFACE_STYLE_USAGE(.BOTH.,#3036);
#2885=SURFACE_STYLE_USAGE(.BOTH.,#3037);
#2886=SURFACE_STYLE_USAGE(.BOTH.,#3038);
#2887=SURFACE_STYLE_USAGE(.BOTH.,#3039);
#2888=SURFACE_STYLE_USAGE(.BOTH.,#3040);
#2889=SURFACE_STYLE_USAGE(.BOTH.,#3041);
#2890=SURFACE_STYLE_USAGE(.BOTH.,#3042);
#2891=SURFACE_STYLE_USAGE(.BOTH.,#3043);
#2892=SURFACE_STYLE_USAGE(.BOTH.,#3044);
#2893=SURFACE_STYLE_USAGE(.BOTH.,#3045);
#2894=SURFACE_STYLE_USAGE(.BOTH.,#3046);
#2895=SURFACE_STYLE_USAGE(.BOTH.,#3047);
#2896=SURFACE_STYLE_USAGE(.BOTH.,#3048);
#2897=SURFACE_STYLE_USAGE(.BOTH.,#3049);
#2898=SURFACE_STYLE_USAGE(.BOTH.,#3050);
#2899=SURFACE_STYLE_USAGE(.BOTH.,#3051);
#2900=SURFACE_STYLE_USAGE(.BOTH.,#3052);
#2901=SURFACE_STYLE_USAGE(.BOTH.,#3053);
#2902=SURFACE_STYLE_USAGE(.BOTH.,#3054);
#2903=SURFACE_STYLE_USAGE(.BOTH.,#3055);
#2904=SURFACE_STYLE_USAGE(.BOTH.,#3056);
#2905=SURFACE_SIDE_STYLE('',(#3057));
#2906=SURFACE_SIDE_STYLE('',(#3058));
#2907=SURFACE_SIDE_STYLE('',(#3059));
#2908=SURFACE_SIDE_STYLE('',(#3060));
#2909=SURFACE_SIDE_STYLE('',(#3061));
#2910=SURFACE_SIDE_STYLE('',(#3062));
#2911=SURFACE_SIDE_STYLE('',(#3063));
#2912=SURFACE_SIDE_STYLE('',(#3064));
#2913=SURFACE_SIDE_STYLE('',(#3065));
#2914=SURFACE_SIDE_STYLE('',(#3066));
#2915=SURFACE_SIDE_STYLE('',(#3067));
#2916=SURFACE_SIDE_STYLE('',(#3068));
#2917=SURFACE_SIDE_STYLE('',(#3069));
#2918=SURFACE_SIDE_STYLE('',(#3070));
#2919=SURFACE_SIDE_STYLE('',(#3071));
#2920=SURFACE_SIDE_STYLE('',(#3072));
#2921=SURFACE_SIDE_STYLE('',(#3073));
#2922=SURFACE_SIDE_STYLE('',(#3074));
#2923=SURFACE_SIDE_STYLE('',(#3075));
#2924=SURFACE_SIDE_STYLE('',(#3076));
#2925=SURFACE_SIDE_STYLE('',(#3077));
#2926=SURFACE_SIDE_STYLE('',(#3078));
#2927=SURFACE_SIDE_STYLE('',(#3079));
#2928=SURFACE_SIDE_STYLE('',(#3080));
#2929=SURFACE_SIDE_STYLE('',(#3081));
#2930=SURFACE_SIDE_STYLE('',(#3082));
#2931=SURFACE_SIDE_STYLE('',(#3083));
#2932=SURFACE_SIDE_STYLE('',(#3084));
#2933=SURFACE_SIDE_STYLE('',(#3085));
#2934=SURFACE_SIDE_STYLE('',(#3086));
#2935=SURFACE_SIDE_STYLE('',(#3087));
#2936=SURFACE_SIDE_STYLE('',(#3088));
#2937=SURFACE_SIDE_STYLE('',(#3089));
#2938=SURFACE_SIDE_STYLE('',(#3090));
#2939=SURFACE_SIDE_STYLE('',(#3091));
#2940=SURFACE_SIDE_STYLE('',(#3092));
#2941=SURFACE_SIDE_STYLE('',(#3093));
#2942=SURFACE_SIDE_STYLE('',(#3094));
#2943=SURFACE_SIDE_STYLE('',(#3095));
#2944=SURFACE_SIDE_STYLE('',(#3096));
#2945=SURFACE_SIDE_STYLE('',(#3097));
#2946=SURFACE_SIDE_STYLE('',(#3098));
#2947=SURFACE_SIDE_STYLE('',(#3099));
#2948=SURFACE_SIDE_STYLE('',(#3100));
#2949=SURFACE_SIDE_STYLE('',(#3101));
#2950=SURFACE_SIDE_STYLE('',(#3102));
#2951=SURFACE_SIDE_STYLE('',(#3103));
#2952=SURFACE_SIDE_STYLE('',(#3104));
#2953=SURFACE_SIDE_STYLE('',(#3105));
#2954=SURFACE_SIDE_STYLE('',(#3106));
#2955=SURFACE_SIDE_STYLE('',(#3107));
#2956=SURFACE_SIDE_STYLE('',(#3108));
#2957=SURFACE_SIDE_STYLE('',(#3109));
#2958=SURFACE_SIDE_STYLE('',(#3110));
#2959=SURFACE_SIDE_STYLE('',(#3111));
#2960=SURFACE_SIDE_STYLE('',(#3112));
#2961=SURFACE_SIDE_STYLE('',(#3113));
#2962=SURFACE_SIDE_STYLE('',(#3114));
#2963=SURFACE_SIDE_STYLE('',(#3115));
#2964=SURFACE_SIDE_STYLE('',(#3116));
#2965=SURFACE_SIDE_STYLE('',(#3117));
#2966=SURFACE_SIDE_STYLE('',(#3118));
#2967=SURFACE_SIDE_STYLE('',(#3119));
#2968=SURFACE_SIDE_STYLE('',(#3120));
#2969=SURFACE_SIDE_STYLE('',(#3121));
#2970=SURFACE_SIDE_STYLE('',(#3122));
#2971=SURFACE_SIDE_STYLE('',(#3123));
#2972=SURFACE_SIDE_STYLE('',(#3124));
#2973=SURFACE_SIDE_STYLE('',(#3125));
#2974=SURFACE_SIDE_STYLE('',(#3126));
#2975=SURFACE_SIDE_STYLE('',(#3127));
#2976=SURFACE_SIDE_STYLE('',(#3128));
#2977=SURFACE_SIDE_STYLE('',(#3129));
#2978=SURFACE_SIDE_STYLE('',(#3130));
#2979=SURFACE_SIDE_STYLE('',(#3131));
#2980=SURFACE_SIDE_STYLE('',(#3132));
#2981=SURFACE_SIDE_STYLE('',(#3133));
#2982=SURFACE_SIDE_STYLE('',(#3134));
#2983=SURFACE_SIDE_STYLE('',(#3135));
#2984=SURFACE_SIDE_STYLE('',(#3136));
#2985=SURFACE_SIDE_STYLE('',(#3137));
#2986=SURFACE_SIDE_STYLE('',(#3138));
#2987=SURFACE_SIDE_STYLE('',(#3139));
#2988=SURFACE_SIDE_STYLE('',(#3140));
#2989=SURFACE_SIDE_STYLE('',(#3141));
#2990=SURFACE_SIDE_STYLE('',(#3142));
#2991=SURFACE_SIDE_STYLE('',(#3143));
#2992=SURFACE_SIDE_STYLE('',(#3144));
#2993=SURFACE_SIDE_STYLE('',(#3145));
#2994=SURFACE_SIDE_STYLE('',(#3146));
#2995=SURFACE_SIDE_STYLE('',(#3147));
#2996=SURFACE_SIDE_STYLE('',(#3148));
#2997=SURFACE_SIDE_STYLE('',(#3149));
#2998=SURFACE_SIDE_STYLE('',(#3150));
#2999=SURFACE_SIDE_STYLE('',(#3151));
#3000=SURFACE_SIDE_STYLE('',(#3152));
#3001=SURFACE_SIDE_STYLE('',(#3153));
#3002=SURFACE_SIDE_STYLE('',(#3154));
#3003=SURFACE_SIDE_STYLE('',(#3155));
#3004=SURFACE_SIDE_STYLE('',(#3156));
#3005=SURFACE_SIDE_STYLE('',(#3157));
#3006=SURFACE_SIDE_STYLE('',(#3158));
#3007=SURFACE_SIDE_STYLE('',(#3159));
#3008=SURFACE_SIDE_STYLE('',(#3160));
#3009=SURFACE_SIDE_STYLE('',(#3161));
#3010=SURFACE_SIDE_STYLE('',(#3162));
#3011=SURFACE_SIDE_STYLE('',(#3163));
#3012=SURFACE_SIDE_STYLE('',(#3164));
#3013=SURFACE_SIDE_STYLE('',(#3165));
#3014=SURFACE_SIDE_STYLE('',(#3166));
#3015=SURFACE_SIDE_STYLE('',(#3167));
#3016=SURFACE_SIDE_STYLE('',(#3168));
#3017=SURFACE_SIDE_STYLE('',(#3169));
#3018=SURFACE_SIDE_STYLE('',(#3170));
#3019=SURFACE_SIDE_STYLE('',(#3171));
#3020=SURFACE_SIDE_STYLE('',(#3172));
#3021=SURFACE_SIDE_STYLE('',(#3173));
#3022=SURFACE_SIDE_STYLE('',(#3174));
#3023=SURFACE_SIDE_STYLE('',(#3175));
#3024=SURFACE_SIDE_STYLE('',(#3176));
#3025=SURFACE_SIDE_STYLE('',(#3177));
#3026=SURFACE_SIDE_STYLE('',(#3178));
#3027=SURFACE_SIDE_STYLE('',(#3179));
#3028=SURFACE_SIDE_STYLE('',(#3180));
#3029=SURFACE_SIDE_STYLE('',(#3181));
#3030=SURFACE_SIDE_STYLE('',(#3182));
#3031=SURFACE_SIDE_STYLE('',(#3183));
#3032=SURFACE_SIDE_STYLE('',(#3184));
#3033=SURFACE_SIDE_STYLE('',(#3185));
#3034=SURFACE_SIDE_STYLE('',(#3186));
#3035=SURFACE_SIDE_STYLE('',(#3187));
#3036=SURFACE_SIDE_STYLE('',(#3188));
#3037=SURFACE_SIDE_STYLE('',(#3189));
#3038=SURFACE_SIDE_STYLE('',(#3190));
#3039=SURFACE_SIDE_STYLE('',(#3191));
#3040=SURFACE_SIDE_STYLE('',(#3192));
#3041=SURFACE_SIDE_STYLE('',(#3193));
#3042=SURFACE_SIDE_STYLE('',(#3194));
#3043=SURFACE_SIDE_STYLE('',(#3195));
#3044=SURFACE_SIDE_STYLE('',(#3196));
#3045=SURFACE_SIDE_STYLE('',(#3197));
#3046=SURFACE_SIDE_STYLE('',(#3198));
#3047=SURFACE_SIDE_STYLE('',(#3199));
#3048=SURFACE_SIDE_STYLE('',(#3200));
#3049=SURFACE_SIDE_STYLE('',(#3201));
#3050=SURFACE_SIDE_STYLE('',(#3202));
#3051=SURFACE_SIDE_STYLE('',(#3203));
#3052=SURFACE_SIDE_STYLE('',(#3204));
#3053=SURFACE_SIDE_STYLE('',(#3205));
#3054=SURFACE_SIDE_STYLE('',(#3206));
#3055=SURFACE_SIDE_STYLE('',(#3207));
#3056=SURFACE_SIDE_STYLE('',(#3208));
#3057=SURFACE_STYLE_FILL_AREA(#3209);
#3058=SURFACE_STYLE_FILL_AREA(#3210);
#3059=SURFACE_STYLE_FILL_AREA(#3211);
#3060=SURFACE_STYLE_FILL_AREA(#3212);
#3061=SURFACE_STYLE_FILL_AREA(#3213);
#3062=SURFACE_STYLE_FILL_AREA(#3214);
#3063=SURFACE_STYLE_FILL_AREA(#3215);
#3064=SURFACE_STYLE_FILL_AREA(#3216);
#3065=SURFACE_STYLE_FILL_AREA(#3217);
#3066=SURFACE_STYLE_FILL_AREA(#3218);
#3067=SURFACE_STYLE_FILL_AREA(#3219);
#3068=SURFACE_STYLE_FILL_AREA(#3220);
#3069=SURFACE_STYLE_FILL_AREA(#3221);
#3070=SURFACE_STYLE_FILL_AREA(#3222);
#3071=SURFACE_STYLE_FILL_AREA(#3223);
#3072=SURFACE_STYLE_FILL_AREA(#3224);
#3073=SURFACE_STYLE_FILL_AREA(#3225);
#3074=SURFACE_STYLE_FILL_AREA(#3226);
#3075=SURFACE_STYLE_FILL_AREA(#3227);
#3076=SURFACE_STYLE_FILL_AREA(#3228);
#3077=SURFACE_STYLE_FILL_AREA(#3229);
#3078=SURFACE_STYLE_FILL_AREA(#3230);
#3079=SURFACE_STYLE_FILL_AREA(#3231);
#3080=SURFACE_STYLE_FILL_AREA(#3232);
#3081=SURFACE_STYLE_FILL_AREA(#3233);
#3082=SURFACE_STYLE_FILL_AREA(#3234);
#3083=SURFACE_STYLE_FILL_AREA(#3235);
#3084=SURFACE_STYLE_FILL_AREA(#3236);
#3085=SURFACE_STYLE_FILL_AREA(#3237);
#3086=SURFACE_STYLE_FILL_AREA(#3238);
#3087=SURFACE_STYLE_FILL_AREA(#3239);
#3088=SURFACE_STYLE_FILL_AREA(#3240);
#3089=SURFACE_STYLE_FILL_AREA(#3241);
#3090=SURFACE_STYLE_FILL_AREA(#3242);
#3091=SURFACE_STYLE_FILL_AREA(#3243);
#3092=SURFACE_STYLE_FILL_AREA(#3244);
#3093=SURFACE_STYLE_FILL_AREA(#3245);
#3094=SURFACE_STYLE_FILL_AREA(#3246);
#3095=SURFACE_STYLE_FILL_AREA(#3247);
#3096=SURFACE_STYLE_FILL_AREA(#3248);
#3097=SURFACE_STYLE_FILL_AREA(#3249);
#3098=SURFACE_STYLE_FILL_AREA(#3250);
#3099=SURFACE_STYLE_FILL_AREA(#3251);
#3100=SURFACE_STYLE_FILL_AREA(#3252);
#3101=SURFACE_STYLE_FILL_AREA(#3253);
#3102=SURFACE_STYLE_FILL_AREA(#3254);
#3103=SURFACE_STYLE_FILL_AREA(#3255);
#3104=SURFACE_STYLE_FILL_AREA(#3256);
#3105=SURFACE_STYLE_FILL_AREA(#3257);
#3106=SURFACE_STYLE_FILL_AREA(#3258);
#3107=SURFACE_STYLE_FILL_AREA(#3259);
#3108=SURFACE_STYLE_FILL_AREA(#3260);
#3109=SURFACE_STYLE_FILL_AREA(#3261);
#3110=SURFACE_STYLE_FILL_AREA(#3262);
#3111=SURFACE_STYLE_FILL_AREA(#3263);
#3112=SURFACE_STYLE_FILL_AREA(#3264);
#3113=SURFACE_STYLE_FILL_AREA(#3265);
#3114=SURFACE_STYLE_FILL_AREA(#3266);
#3115=SURFACE_STYLE_FILL_AREA(#3267);
#3116=SURFACE_STYLE_FILL_AREA(#3268);
#3117=SURFACE_STYLE_FILL_AREA(#3269);
#3118=SURFACE_STYLE_FILL_AREA(#3270);
#3119=SURFACE_STYLE_FILL_AREA(#3271);
#3120=SURFACE_STYLE_FILL_AREA(#3272);
#3121=SURFACE_STYLE_FILL_AREA(#3273);
#3122=SURFACE_STYLE_FILL_AREA(#3274);
#3123=SURFACE_STYLE_FILL_AREA(#3275);
#3124=SURFACE_STYLE_FILL_AREA(#3276);
#3125=SURFACE_STYLE_FILL_AREA(#3277);
#3126=SURFACE_STYLE_FILL_AREA(#3278);
#3127=SURFACE_STYLE_FILL_AREA(#3279);
#3128=SURFACE_STYLE_FILL_AREA(#3280);
#3129=SURFACE_STYLE_FILL_AREA(#3281);
#3130=SURFACE_STYLE_FILL_AREA(#3282);
#3131=SURFACE_STYLE_FILL_AREA(#3283);
#3132=SURFACE_STYLE_FILL_AREA(#3284);
#3133=SURFACE_STYLE_FILL_AREA(#3285);
#3134=SURFACE_STYLE_FILL_AREA(#3286);
#3135=SURFACE_STYLE_FILL_AREA(#3287);
#3136=SURFACE_STYLE_FILL_AREA(#3288);
#3137=SURFACE_STYLE_FILL_AREA(#3289);
#3138=SURFACE_STYLE_FILL_AREA(#3290);
#3139=SURFACE_STYLE_FILL_AREA(#3291);
#3140=SURFACE_STYLE_FILL_AREA(#3292);
#3141=SURFACE_STYLE_FILL_AREA(#3293);
#3142=SURFACE_STYLE_FILL_AREA(#3294);
#3143=SURFACE_STYLE_FILL_AREA(#3295);
#3144=SURFACE_STYLE_FILL_AREA(#3296);
#3145=SURFACE_STYLE_FILL_AREA(#3297);
#3146=SURFACE_STYLE_FILL_AREA(#3298);
#3147=SURFACE_STYLE_FILL_AREA(#3299);
#3148=SURFACE_STYLE_FILL_AREA(#3300);
#3149=SURFACE_STYLE_FILL_AREA(#3301);
#3150=SURFACE_STYLE_FILL_AREA(#3302);
#3151=SURFACE_STYLE_FILL_AREA(#3303);
#3152=SURFACE_STYLE_FILL_AREA(#3304);
#3153=SURFACE_STYLE_FILL_AREA(#3305);
#3154=SURFACE_STYLE_FILL_AREA(#3306);
#3155=SURFACE_STYLE_FILL_AREA(#3307);
#3156=SURFACE_STYLE_FILL_AREA(#3308);
#3157=SURFACE_STYLE_FILL_AREA(#3309);
#3158=SURFACE_STYLE_FILL_AREA(#3310);
#3159=SURFACE_STYLE_FILL_AREA(#3311);
#3160=SURFACE_STYLE_FILL_AREA(#3312);
#3161=SURFACE_STYLE_FILL_AREA(#3313);
#3162=SURFACE_STYLE_FILL_AREA(#3314);
#3163=SURFACE_STYLE_FILL_AREA(#3315);
#3164=SURFACE_STYLE_FILL_AREA(#3316);
#3165=SURFACE_STYLE_FILL_AREA(#3317);
#3166=SURFACE_STYLE_FILL_AREA(#3318);
#3167=SURFACE_STYLE_FILL_AREA(#3319);
#3168=SURFACE_STYLE_FILL_AREA(#3320);
#3169=SURFACE_STYLE_FILL_AREA(#3321);
#3170=SURFACE_STYLE_FILL_AREA(#3322);
#3171=SURFACE_STYLE_FILL_AREA(#3323);
#3172=SURFACE_STYLE_FILL_AREA(#3324);
#3173=SURFACE_STYLE_FILL_AREA(#3325);
#3174=SURFACE_STYLE_FILL_AREA(#3326);
#3175=SURFACE_STYLE_FILL_AREA(#3327);
#3176=SURFACE_STYLE_FILL_AREA(#3328);
#3177=SURFACE_STYLE_FILL_AREA(#3329);
#3178=SURFACE_STYLE_FILL_AREA(#3330);
#3179=SURFACE_STYLE_FILL_AREA(#3331);
#3180=SURFACE_STYLE_FILL_AREA(#3332);
#3181=SURFACE_STYLE_FILL_AREA(#3333);
#3182=SURFACE_STYLE_FILL_AREA(#3334);
#3183=SURFACE_STYLE_FILL_AREA(#3335);
#3184=SURFACE_STYLE_FILL_AREA(#3336);
#3185=SURFACE_STYLE_FILL_AREA(#3337);
#3186=SURFACE_STYLE_FILL_AREA(#3338);
#3187=SURFACE_STYLE_FILL_AREA(#3339);
#3188=SURFACE_STYLE_FILL_AREA(#3340);
#3189=SURFACE_STYLE_FILL_AREA(#3341);
#3190=SURFACE_STYLE_FILL_AREA(#3342);
#3191=SURFACE_STYLE_FILL_AREA(#3343);
#3192=SURFACE_STYLE_FILL_AREA(#3344);
#3193=SURFACE_STYLE_FILL_AREA(#3345);
#3194=SURFACE_STYLE_FILL_AREA(#3346);
#3195=SURFACE_STYLE_FILL_AREA(#3347);
#3196=SURFACE_STYLE_FILL_AREA(#3348);
#3197=SURFACE_STYLE_FILL_AREA(#3349);
#3198=SURFACE_STYLE_FILL_AREA(#3350);
#3199=SURFACE_STYLE_FILL_AREA(#3351);
#3200=SURFACE_STYLE_FILL_AREA(#3352);
#3201=SURFACE_STYLE_FILL_AREA(#3353);
#3202=SURFACE_STYLE_FILL_AREA(#3354);
#3203=SURFACE_STYLE_FILL_AREA(#3355);
#3204=SURFACE_STYLE_FILL_AREA(#3356);
#3205=SURFACE_STYLE_FILL_AREA(#3357);
#3206=SURFACE_STYLE_FILL_AREA(#3358);
#3207=SURFACE_STYLE_FILL_AREA(#3359);
#3208=SURFACE_STYLE_FILL_AREA(#3360);
#3209=FILL_AREA_STYLE('',(#3361));
#3210=FILL_AREA_STYLE('',(#3362));
#3211=FILL_AREA_STYLE('',(#3363));
#3212=FILL_AREA_STYLE('',(#3364));
#3213=FILL_AREA_STYLE('',(#3365));
#3214=FILL_AREA_STYLE('',(#3366));
#3215=FILL_AREA_STYLE('',(#3367));
#3216=FILL_AREA_STYLE('',(#3368));
#3217=FILL_AREA_STYLE('',(#3369));
#3218=FILL_AREA_STYLE('',(#3370));
#3219=FILL_AREA_STYLE('',(#3371));
#3220=FILL_AREA_STYLE('',(#3372));
#3221=FILL_AREA_STYLE('',(#3373));
#3222=FILL_AREA_STYLE('',(#3374));
#3223=FILL_AREA_STYLE('',(#3375));
#3224=FILL_AREA_STYLE('',(#3376));
#3225=FILL_AREA_STYLE('',(#3377));
#3226=FILL_AREA_STYLE('',(#3378));
#3227=FILL_AREA_STYLE('',(#3379));
#3228=FILL_AREA_STYLE('',(#3380));
#3229=FILL_AREA_STYLE('',(#3381));
#3230=FILL_AREA_STYLE('',(#3382));
#3231=FILL_AREA_STYLE('',(#3383));
#3232=FILL_AREA_STYLE('',(#3384));
#3233=FILL_AREA_STYLE('',(#3385));
#3234=FILL_AREA_STYLE('',(#3386));
#3235=FILL_AREA_STYLE('',(#3387));
#3236=FILL_AREA_STYLE('',(#3388));
#3237=FILL_AREA_STYLE('',(#3389));
#3238=FILL_AREA_STYLE('',(#3390));
#3239=FILL_AREA_STYLE('',(#3391));
#3240=FILL_AREA_STYLE('',(#3392));
#3241=FILL_AREA_STYLE('',(#3393));
#3242=FILL_AREA_STYLE('',(#3394));
#3243=FILL_AREA_STYLE('',(#3395));
#3244=FILL_AREA_STYLE('',(#3396));
#3245=FILL_AREA_STYLE('',(#3397));
#3246=FILL_AREA_STYLE('',(#3398));
#3247=FILL_AREA_STYLE('',(#3399));
#3248=FILL_AREA_STYLE('',(#3400));
#3249=FILL_AREA_STYLE('',(#3401));
#3250=FILL_AREA_STYLE('',(#3402));
#3251=FILL_AREA_STYLE('',(#3403));
#3252=FILL_AREA_STYLE('',(#3404));
#3253=FILL_AREA_STYLE('',(#3405));
#3254=FILL_AREA_STYLE('',(#3406));
#3255=FILL_AREA_STYLE('',(#3407));
#3256=FILL_AREA_STYLE('',(#3408));
#3257=FILL_AREA_STYLE('',(#3409));
#3258=FILL_AREA_STYLE('',(#3410));
#3259=FILL_AREA_STYLE('',(#3411));
#3260=FILL_AREA_STYLE('',(#3412));
#3261=FILL_AREA_STYLE('',(#3413));
#3262=FILL_AREA_STYLE('',(#3414));
#3263=FILL_AREA_STYLE('',(#3415));
#3264=FILL_AREA_STYLE('',(#3416));
#3265=FILL_AREA_STYLE('',(#3417));
#3266=FILL_AREA_STYLE('',(#3418));
#3267=FILL_AREA_STYLE('',(#3419));
#3268=FILL_AREA_STYLE('',(#3420));
#3269=FILL_AREA_STYLE('',(#3421));
#3270=FILL_AREA_STYLE('',(#3422));
#3271=FILL_AREA_STYLE('',(#3423));
#3272=FILL_AREA_STYLE('',(#3424));
#3273=FILL_AREA_STYLE('',(#3425));
#3274=FILL_AREA_STYLE('',(#3426));
#3275=FILL_AREA_STYLE('',(#3427));
#3276=FILL_AREA_STYLE('',(#3428));
#3277=FILL_AREA_STYLE('',(#3429));
#3278=FILL_AREA_STYLE('',(#3430));
#3279=FILL_AREA_STYLE('',(#3431));
#3280=FILL_AREA_STYLE('',(#3432));
#3281=FILL_AREA_STYLE('',(#3433));
#3282=FILL_AREA_STYLE('',(#3434));
#3283=FILL_AREA_STYLE('',(#3435));
#3284=FILL_AREA_STYLE('',(#3436));
#3285=FILL_AREA_STYLE('',(#3437));
#3286=FILL_AREA_STYLE('',(#3438));
#3287=FILL_AREA_STYLE('',(#3439));
#3288=FILL_AREA_STYLE('',(#3440));
#3289=FILL_AREA_STYLE('',(#3441));
#3290=FILL_AREA_STYLE('',(#3442));
#3291=FILL_AREA_STYLE('',(#3443));
#3292=FILL_AREA_STYLE('',(#3444));
#3293=FILL_AREA_STYLE('',(#3445));
#3294=FILL_AREA_STYLE('',(#3446));
#3295=FILL_AREA_STYLE('',(#3447));
#3296=FILL_AREA_STYLE('',(#3448));
#3297=FILL_AREA_STYLE('',(#3449));
#3298=FILL_AREA_STYLE('',(#3450));
#3299=FILL_AREA_STYLE('',(#3451));
#3300=FILL_AREA_STYLE('',(#3452));
#3301=FILL_AREA_STYLE('',(#3453));
#3302=FILL_AREA_STYLE('',(#3454));
#3303=FILL_AREA_STYLE('',(#3455));
#3304=FILL_AREA_STYLE('',(#3456));
#3305=FILL_AREA_STYLE('',(#3457));
#3306=FILL_AREA_STYLE('',(#3458));
#3307=FILL_AREA_STYLE('',(#3459));
#3308=FILL_AREA_STYLE('',(#3460));
#3309=FILL_AREA_STYLE('',(#3461));
#3310=FILL_AREA_STYLE('',(#3462));
#3311=FILL_AREA_STYLE('',(#3463));
#3312=FILL_AREA_STYLE('',(#3464));
#3313=FILL_AREA_STYLE('',(#3465));
#3314=FILL_AREA_STYLE('',(#3466));
#3315=FILL_AREA_STYLE('',(#3467));
#3316=FILL_AREA_STYLE('',(#3468));
#3317=FILL_AREA_STYLE('',(#3469));
#3318=FILL_AREA_STYLE('',(#3470));
#3319=FILL_AREA_STYLE('',(#3471));
#3320=FILL_AREA_STYLE('',(#3472));
#3321=FILL_AREA_STYLE('',(#3473));
#3322=FILL_AREA_STYLE('',(#3474));
#3323=FILL_AREA_STYLE('',(#3475));
#3324=FILL_AREA_STYLE('',(#3476));
#3325=FILL_AREA_STYLE('',(#3477));
#3326=FILL_AREA_STYLE('',(#3478));
#3327=FILL_AREA_STYLE('',(#3479));
#3328=FILL_AREA_STYLE('',(#3480));
#3329=FILL_AREA_STYLE('',(#3481));
#3330=FILL_AREA_STYLE('',(#3482));
#3331=FILL_AREA_STYLE('',(#3483));
#3332=FILL_AREA_STYLE('',(#3484));
#3333=FILL_AREA_STYLE('',(#3485));
#3334=FILL_AREA_STYLE('',(#3486));
#3335=FILL_AREA_STYLE('',(#3487));
#3336=FILL_AREA_STYLE('',(#3488));
#3337=FILL_AREA_STYLE('',(#3489));
#3338=FILL_AREA_STYLE('',(#3490));
#3339=FILL_AREA_STYLE('',(#3491));
#3340=FILL_AREA_STYLE('',(#3492));
#3341=FILL_AREA_STYLE('',(#3493));
#3342=FILL_AREA_STYLE('',(#3494));
#3343=FILL_AREA_STYLE('',(#3495));
#3344=FILL_AREA_STYLE('',(#3496));
#3345=FILL_AREA_STYLE('',(#3497));
#3346=FILL_AREA_STYLE('',(#3498));
#3347=FILL_AREA_STYLE('',(#3499));
#3348=FILL_AREA_STYLE('',(#3500));
#3349=FILL_AREA_STYLE('',(#3501));
#3350=FILL_AREA_STYLE('',(#3502));
#3351=FILL_AREA_STYLE('',(#3503));
#3352=FILL_AREA_STYLE('',(#3504));
#3353=FILL_AREA_STYLE('',(#3505));
#3354=FILL_AREA_STYLE('',(#3506));
#3355=FILL_AREA_STYLE('',(#3507));
#3356=FILL_AREA_STYLE('',(#3508));
#3357=FILL_AREA_STYLE('',(#3509));
#3358=FILL_AREA_STYLE('',(#3510));
#3359=FILL_AREA_STYLE('',(#3511));
#3360=FILL_AREA_STYLE('',(#3512));
#3361=FILL_AREA_STYLE_COLOUR('',#3513);
#3362=FILL_AREA_STYLE_COLOUR('',#3513);
#3363=FILL_AREA_STYLE_COLOUR('',#3513);
#3364=FILL_AREA_STYLE_COLOUR('',#3513);
#3365=FILL_AREA_STYLE_COLOUR('',#3513);
#3366=FILL_AREA_STYLE_COLOUR('',#3513);
#3367=FILL_AREA_STYLE_COLOUR('',#3513);
#3368=FILL_AREA_STYLE_COLOUR('',#3513);
#3369=FILL_AREA_STYLE_COLOUR('',#3513);
#3370=FILL_AREA_STYLE_COLOUR('',#3513);
#3371=FILL_AREA_STYLE_COLOUR('',#3513);
#3372=FILL_AREA_STYLE_COLOUR('',#3513);
#3373=FILL_AREA_STYLE_COLOUR('',#3513);
#3374=FILL_AREA_STYLE_COLOUR('',#3513);
#3375=FILL_AREA_STYLE_COLOUR('',#3513);
#3376=FILL_AREA_STYLE_COLOUR('',#3513);
#3377=FILL_AREA_STYLE_COLOUR('',#3513);
#3378=FILL_AREA_STYLE_COLOUR('',#3513);
#3379=FILL_AREA_STYLE_COLOUR('',#3513);
#3380=FILL_AREA_STYLE_COLOUR('',#3513);
#3381=FILL_AREA_STYLE_COLOUR('',#3513);
#3382=FILL_AREA_STYLE_COLOUR('',#3513);
#3383=FILL_AREA_STYLE_COLOUR('',#3513);
#3384=FILL_AREA_STYLE_COLOUR('',#3513);
#3385=FILL_AREA_STYLE_COLOUR('',#3513);
#3386=FILL_AREA_STYLE_COLOUR('',#3513);
#3387=FILL_AREA_STYLE_COLOUR('',#3513);
#3388=FILL_AREA_STYLE_COLOUR('',#3513);
#3389=FILL_AREA_STYLE_COLOUR('',#3513);
#3390=FILL_AREA_STYLE_COLOUR('',#3513);
#3391=FILL_AREA_STYLE_COLOUR('',#3513);
#3392=FILL_AREA_STYLE_COLOUR('',#3513);
#3393=FILL_AREA_STYLE_COLOUR('',#3513);
#3394=FILL_AREA_STYLE_COLOUR('',#3513);
#3395=FILL_AREA_STYLE_COLOUR('',#3513);
#3396=FILL_AREA_STYLE_COLOUR('',#3513);
#3397=FILL_AREA_STYLE_COLOUR('',#3513);
#3398=FILL_AREA_STYLE_COLOUR('',#3513);
#3399=FILL_AREA_STYLE_COLOUR('',#3513);
#3400=FILL_AREA_STYLE_COLOUR('',#3513);
#3401=FILL_AREA_STYLE_COLOUR('',#3513);
#3402=FILL_AREA_STYLE_COLOUR('',#3513);
#3403=FILL_AREA_STYLE_COLOUR('',#3513);
#3404=FILL_AREA_STYLE_COLOUR('',#3513);
#3405=FILL_AREA_STYLE_COLOUR('',#3513);
#3406=FILL_AREA_STYLE_COLOUR('',#3513);
#3407=FILL_AREA_STYLE_COLOUR('',#3513);
#3408=FILL_AREA_STYLE_COLOUR('',#3513);
#3409=FILL_AREA_STYLE_COLOUR('',#3513);
#3410=FILL_AREA_STYLE_COLOUR('',#3513);
#3411=FILL_AREA_STYLE_COLOUR('',#3513);
#3412=FILL_AREA_STYLE_COLOUR('',#3513);
#3413=FILL_AREA_STYLE_COLOUR('',#3513);
#3414=FILL_AREA_STYLE_COLOUR('',#3513);
#3415=FILL_AREA_STYLE_COLOUR('',#3513);
#3416=FILL_AREA_STYLE_COLOUR('',#3513);
#3417=FILL_AREA_STYLE_COLOUR('',#3513);
#3418=FILL_AREA_STYLE_COLOUR('',#3513);
#3419=FILL_AREA_STYLE_COLOUR('',#3513);
#3420=FILL_AREA_STYLE_COLOUR('',#3513);
#3421=FILL_AREA_STYLE_COLOUR('',#3513);
#3422=FILL_AREA_STYLE_COLOUR('',#3513);
#3423=FILL_AREA_STYLE_COLOUR('',#3513);
#3424=FILL_AREA_STYLE_COLOUR('',#3513);
#3425=FILL_AREA_STYLE_COLOUR('',#3513);
#3426=FILL_AREA_STYLE_COLOUR('',#3513);
#3427=FILL_AREA_STYLE_COLOUR('',#3513);
#3428=FILL_AREA_STYLE_COLOUR('',#3513);
#3429=FILL_AREA_STYLE_COLOUR('',#3513);
#3430=FILL_AREA_STYLE_COLOUR('',#3513);
#3431=FILL_AREA_STYLE_COLOUR('',#3513);
#3432=FILL_AREA_STYLE_COLOUR('',#3513);
#3433=FILL_AREA_STYLE_COLOUR('',#3513);
#3434=FILL_AREA_STYLE_COLOUR('',#3513);
#3435=FILL_AREA_STYLE_COLOUR('',#3513);
#3436=FILL_AREA_STYLE_COLOUR('',#3513);
#3437=FILL_AREA_STYLE_COLOUR('',#3514);
#3438=FILL_AREA_STYLE_COLOUR('',#3513);
#3439=FILL_AREA_STYLE_COLOUR('',#3514);
#3440=FILL_AREA_STYLE_COLOUR('',#3513);
#3441=FILL_AREA_STYLE_COLOUR('',#3514);
#3442=FILL_AREA_STYLE_COLOUR('',#3513);
#3443=FILL_AREA_STYLE_COLOUR('',#3513);
#3444=FILL_AREA_STYLE_COLOUR('',#3513);
#3445=FILL_AREA_STYLE_COLOUR('',#3513);
#3446=FILL_AREA_STYLE_COLOUR('',#3513);
#3447=FILL_AREA_STYLE_COLOUR('',#3513);
#3448=FILL_AREA_STYLE_COLOUR('',#3513);
#3449=FILL_AREA_STYLE_COLOUR('',#3513);
#3450=FILL_AREA_STYLE_COLOUR('',#3513);
#3451=FILL_AREA_STYLE_COLOUR('',#3514);
#3452=FILL_AREA_STYLE_COLOUR('',#3513);
#3453=FILL_AREA_STYLE_COLOUR('',#3514);
#3454=FILL_AREA_STYLE_COLOUR('',#3513);
#3455=FILL_AREA_STYLE_COLOUR('',#3513);
#3456=FILL_AREA_STYLE_COLOUR('',#3513);
#3457=FILL_AREA_STYLE_COLOUR('',#3513);
#3458=FILL_AREA_STYLE_COLOUR('',#3513);
#3459=FILL_AREA_STYLE_COLOUR('',#3513);
#3460=FILL_AREA_STYLE_COLOUR('',#3513);
#3461=FILL_AREA_STYLE_COLOUR('',#3513);
#3462=FILL_AREA_STYLE_COLOUR('',#3513);
#3463=FILL_AREA_STYLE_COLOUR('',#3513);
#3464=FILL_AREA_STYLE_COLOUR('',#3513);
#3465=FILL_AREA_STYLE_COLOUR('',#3513);
#3466=FILL_AREA_STYLE_COLOUR('',#3513);
#3467=FILL_AREA_STYLE_COLOUR('',#3513);
#3468=FILL_AREA_STYLE_COLOUR('',#3513);
#3469=FILL_AREA_STYLE_COLOUR('',#3513);
#3470=FILL_AREA_STYLE_COLOUR('',#3513);
#3471=FILL_AREA_STYLE_COLOUR('',#3513);
#3472=FILL_AREA_STYLE_COLOUR('',#3513);
#3473=FILL_AREA_STYLE_COLOUR('',#3513);
#3474=FILL_AREA_STYLE_COLOUR('',#3513);
#3475=FILL_AREA_STYLE_COLOUR('',#3513);
#3476=FILL_AREA_STYLE_COLOUR('',#3513);
#3477=FILL_AREA_STYLE_COLOUR('',#3513);
#3478=FILL_AREA_STYLE_COLOUR('',#3513);
#3479=FILL_AREA_STYLE_COLOUR('',#3513);
#3480=FILL_AREA_STYLE_COLOUR('',#3513);
#3481=FILL_AREA_STYLE_COLOUR('',#3513);
#3482=FILL_AREA_STYLE_COLOUR('',#3513);
#3483=FILL_AREA_STYLE_COLOUR('',#3513);
#3484=FILL_AREA_STYLE_COLOUR('',#3513);
#3485=FILL_AREA_STYLE_COLOUR('',#3513);
#3486=FILL_AREA_STYLE_COLOUR('',#3513);
#3487=FILL_AREA_STYLE_COLOUR('',#3513);
#3488=FILL_AREA_STYLE_COLOUR('',#3513);
#3489=FILL_AREA_STYLE_COLOUR('',#3513);
#3490=FILL_AREA_STYLE_COLOUR('',#3513);
#3491=FILL_AREA_STYLE_COLOUR('',#3513);
#3492=FILL_AREA_STYLE_COLOUR('',#3513);
#3493=FILL_AREA_STYLE_COLOUR('',#3513);
#3494=FILL_AREA_STYLE_COLOUR('',#3513);
#3495=FILL_AREA_STYLE_COLOUR('',#3513);
#3496=FILL_AREA_STYLE_COLOUR('',#3513);
#3497=FILL_AREA_STYLE_COLOUR('',#3513);
#3498=FILL_AREA_STYLE_COLOUR('',#3513);
#3499=FILL_AREA_STYLE_COLOUR('',#3513);
#3500=FILL_AREA_STYLE_COLOUR('',#3513);
#3501=FILL_AREA_STYLE_COLOUR('',#3513);
#3502=FILL_AREA_STYLE_COLOUR('',#3513);
#3503=FILL_AREA_STYLE_COLOUR('',#3513);
#3504=FILL_AREA_STYLE_COLOUR('',#3513);
#3505=FILL_AREA_STYLE_COLOUR('',#3513);
#3506=FILL_AREA_STYLE_COLOUR('',#3513);
#3507=FILL_AREA_STYLE_COLOUR('',#3513);
#3508=FILL_AREA_STYLE_COLOUR('',#3513);
#3509=FILL_AREA_STYLE_COLOUR('',#3513);
#3510=FILL_AREA_STYLE_COLOUR('',#3513);
#3511=FILL_AREA_STYLE_COLOUR('',#3514);
#3512=FILL_AREA_STYLE_COLOUR('',#3513);
#3513=COLOUR_RGB('',0.699999988079071,0.670680642127991,0.670680642127991);
#3514=COLOUR_RGB('',0.1875,0.75,0.581249892711639);
#3515=ADVANCED_FACE('',(#2218,#2219),#2396,.F.);
#3516=ADVANCED_FACE('',(#2220),#2397,.F.);
#3517=ADVANCED_FACE('',(#2221),#145,.T.);
#3518=ADVANCED_FACE('',(#2222),#146,.T.);
#3519=ADVANCED_FACE('',(#2223,#2224),#147,.T.);
#3520=ADVANCED_FACE('',(#2225),#148,.F.);
#3521=ADVANCED_FACE('',(#2226),#149,.F.);
#3522=ADVANCED_FACE('',(#2227),#2398,.T.);
#3523=ADVANCED_FACE('',(#2228),#2399,.T.);
#3524=ADVANCED_FACE('',(#2229),#2400,.T.);
#3525=ADVANCED_FACE('',(#2230),#48,.T.);
#3526=ADVANCED_FACE('',(#2231),#150,.T.);
#3527=ADVANCED_FACE('',(#2232,#2233),#151,.T.);
#3528=ADVANCED_FACE('',(#2234,#2235),#2401,.F.);
#3529=ADVANCED_FACE('',(#2236),#152,.T.);
#3530=ADVANCED_FACE('',(#2237),#153,.T.);
#3531=ADVANCED_FACE('',(#2238),#154,.T.);
#3532=ADVANCED_FACE('',(#2239),#2402,.T.);
#3533=ADVANCED_FACE('',(#2240),#155,.T.);
#3534=ADVANCED_FACE('',(#2241,#2242),#2403,.F.);
#3535=ADVANCED_FACE('',(#2243,#2244),#2404,.F.);
#3536=ADVANCED_FACE('',(#2245,#2246,#2247,#2248,#2249,#2250),#156,.T.);
#3537=ADVANCED_FACE('',(#2251),#157,.T.);
#3538=ADVANCED_FACE('',(#2252),#158,.T.);
#3539=ADVANCED_FACE('',(#2253,#2254),#2405,.F.);
#3540=ADVANCED_FACE('',(#2255,#2256),#2406,.F.);
#3541=ADVANCED_FACE('',(#2257,#2258),#2407,.F.);
#3542=ADVANCED_FACE('',(#2259),#2408,.T.);
#3543=ADVANCED_FACE('',(#2260),#2409,.T.);
#3544=ADVANCED_FACE('',(#2261,#2262,#2263,#2264,#2265,#2266),#159,.F.);
#3545=ADVANCED_FACE('',(#2267),#49,.F.);
#3546=ADVANCED_FACE('',(#2268),#50,.F.);
#3547=ADVANCED_FACE('',(#2269),#51,.F.);
#3548=ADVANCED_FACE('',(#2270),#52,.F.);
#3549=ADVANCED_FACE('',(#2271),#40,.F.);
#3550=ADVANCED_FACE('',(#2272),#2410,.T.);
#3551=ADVANCED_FACE('',(#2273),#53,.F.);
#3552=ADVANCED_FACE('',(#2274),#54,.F.);
#3553=ADVANCED_FACE('',(#2275),#55,.F.);
#3554=ADVANCED_FACE('',(#2276),#56,.F.);
#3555=ADVANCED_FACE('',(#2277),#57,.F.);
#3556=ADVANCED_FACE('',(#2278),#58,.F.);
#3557=ADVANCED_FACE('',(#2279),#41,.F.);
#3558=ADVANCED_FACE('',(#2280),#2411,.T.);
#3559=ADVANCED_FACE('',(#2281),#21,.F.);
#3560=ADVANCED_FACE('',(#2282),#22,.F.);
#3561=ADVANCED_FACE('',(#2283),#23,.F.);
#3562=ADVANCED_FACE('',(#2284),#24,.F.);
#3563=ADVANCED_FACE('',(#2285),#25,.F.);
#3564=ADVANCED_FACE('',(#2286),#26,.F.);
#3565=ADVANCED_FACE('',(#2287),#27,.F.);
#3566=ADVANCED_FACE('',(#2288),#28,.F.);
#3567=ADVANCED_FACE('',(#2289),#29,.F.);
#3568=ADVANCED_FACE('',(#2290),#30,.F.);
#3569=ADVANCED_FACE('',(#2291),#31,.T.);
#3570=ADVANCED_FACE('',(#2292),#32,.T.);
#3571=ADVANCED_FACE('',(#2293),#42,.T.);
#3572=ADVANCED_FACE('',(#2294),#59,.T.);
#3573=ADVANCED_FACE('',(#2295),#43,.T.);
#3574=ADVANCED_FACE('',(#2296),#33,.T.);
#3575=ADVANCED_FACE('',(#2297),#34,.T.);
#3576=ADVANCED_FACE('',(#2298),#35,.T.);
#3577=ADVANCED_FACE('',(#2299),#44,.T.);
#3578=ADVANCED_FACE('',(#2300),#60,.T.);
#3579=ADVANCED_FACE('',(#2301),#45,.T.);
#3580=ADVANCED_FACE('',(#2302),#36,.T.);
#3581=ADVANCED_FACE('',(#2303),#37,.T.);
#3582=ADVANCED_FACE('',(#2304),#46,.T.);
#3583=ADVANCED_FACE('',(#2305),#61,.T.);
#3584=ADVANCED_FACE('',(#2306),#47,.T.);
#3585=ADVANCED_FACE('',(#2307),#38,.T.);
#3586=ADVANCED_FACE('',(#2308),#160,.F.);
#3587=ADVANCED_FACE('',(#2309),#161,.T.);
#3588=ADVANCED_FACE('',(#2310),#162,.F.);
#3589=ADVANCED_FACE('',(#2311),#62,.T.);
#3590=ADVANCED_FACE('',(#2312),#63,.T.);
#3591=ADVANCED_FACE('',(#2313,#2314),#2412,.F.);
#3592=ADVANCED_FACE('',(#2315),#163,.F.);
#3593=ADVANCED_FACE('',(#2316,#2317),#2413,.F.);
#3594=ADVANCED_FACE('',(#2318),#164,.F.);
#3595=ADVANCED_FACE('',(#2319,#2320),#2414,.F.);
#3596=ADVANCED_FACE('',(#2321),#165,.F.);
#3597=ADVANCED_FACE('',(#2322),#166,.T.);
#3598=ADVANCED_FACE('',(#2323),#167,.T.);
#3599=ADVANCED_FACE('',(#2324),#2415,.F.);
#3600=ADVANCED_FACE('',(#2325),#2416,.F.);
#3601=ADVANCED_FACE('',(#2326),#2417,.F.);
#3602=ADVANCED_FACE('',(#2327),#2418,.F.);
#3603=ADVANCED_FACE('',(#2328),#2419,.F.);
#3604=ADVANCED_FACE('',(#2329),#2420,.F.);
#3605=ADVANCED_FACE('',(#2330,#2331),#2421,.F.);
#3606=ADVANCED_FACE('',(#2332),#168,.F.);
#3607=ADVANCED_FACE('',(#2333,#2334),#2422,.F.);
#3608=ADVANCED_FACE('',(#2335),#169,.F.);
#3609=ADVANCED_FACE('',(#2336),#170,.F.);
#3610=ADVANCED_FACE('',(#2337),#171,.F.);
#3611=ADVANCED_FACE('',(#2338),#2423,.F.);
#3612=ADVANCED_FACE('',(#2339),#2424,.F.);
#3613=ADVANCED_FACE('',(#2340),#2425,.F.);
#3614=ADVANCED_FACE('',(#2341),#2426,.F.);
#3615=ADVANCED_FACE('',(#2342),#172,.F.);
#3616=ADVANCED_FACE('',(#2343),#173,.T.);
#3617=ADVANCED_FACE('',(#2344),#174,.F.);
#3618=ADVANCED_FACE('',(#2345),#175,.T.);
#3619=ADVANCED_FACE('',(#2346),#2427,.F.);
#3620=ADVANCED_FACE('',(#2347),#2428,.F.);
#3621=ADVANCED_FACE('',(#2348),#2429,.F.);
#3622=ADVANCED_FACE('',(#2349),#2430,.F.);
#3623=ADVANCED_FACE('',(#2350),#2431,.F.);
#3624=ADVANCED_FACE('',(#2351),#2432,.F.);
#3625=ADVANCED_FACE('',(#2352),#176,.F.);
#3626=ADVANCED_FACE('',(#2353),#177,.F.);
#3627=ADVANCED_FACE('',(#2354),#178,.T.);
#3628=ADVANCED_FACE('',(#2355),#179,.T.);
#3629=ADVANCED_FACE('',(#2356),#20,.T.);
#3630=ADVANCED_FACE('',(#2357),#39,.T.);
#3631=ADVANCED_FACE('',(#2358),#2433,.F.);
#3632=ADVANCED_FACE('',(#2359),#2434,.F.);
#3633=ADVANCED_FACE('',(#2360),#2435,.F.);
#3634=ADVANCED_FACE('',(#2361),#2436,.F.);
#3635=ADVANCED_FACE('',(#2362),#2437,.F.);
#3636=ADVANCED_FACE('',(#2363),#180,.F.);
#3637=ADVANCED_FACE('',(#2364,#2365),#181,.F.);
#3638=ADVANCED_FACE('',(#2366),#182,.T.);
#3639=ADVANCED_FACE('',(#2367),#183,.T.);
#3640=ADVANCED_FACE('',(#2368),#184,.T.);
#3641=ADVANCED_FACE('',(#2369),#185,.T.);
#3642=ADVANCED_FACE('',(#2370),#186,.T.);
#3643=ADVANCED_FACE('',(#2371),#187,.F.);
#3644=ADVANCED_FACE('',(#2372),#188,.T.);
#3645=ADVANCED_FACE('',(#2373),#189,.T.);
#3646=ADVANCED_FACE('',(#2374),#190,.F.);
#3647=ADVANCED_FACE('',(#2375),#2438,.F.);
#3648=ADVANCED_FACE('',(#2376),#2439,.F.);
#3649=ADVANCED_FACE('',(#2377),#2440,.F.);
#3650=ADVANCED_FACE('',(#2378),#2441,.F.);
#3651=ADVANCED_FACE('',(#2379),#2442,.F.);
#3652=ADVANCED_FACE('',(#2380),#2443,.F.);
#3653=ADVANCED_FACE('',(#2381),#191,.T.);
#3654=ADVANCED_FACE('',(#2382),#192,.T.);
#3655=ADVANCED_FACE('',(#2383),#193,.T.);
#3656=ADVANCED_FACE('',(#2384),#194,.T.);
#3657=ADVANCED_FACE('',(#2385),#195,.T.);
#3658=ADVANCED_FACE('',(#2386),#196,.T.);
#3659=ADVANCED_FACE('',(#2387),#197,.T.);
#3660=ADVANCED_FACE('',(#2388),#2444,.T.);
#3661=ADVANCED_FACE('',(#2389),#2445,.T.);
#3662=ADVANCED_FACE('',(#2390),#2446,.F.);
#3663=ADVANCED_FACE('',(#2391),#2447,.F.);
#3664=ADVANCED_FACE('',(#2392),#198,.F.);
#3665=ADVANCED_FACE('',(#2393,#2394),#2448,.F.);
#3666=ADVANCED_FACE('',(#2395),#199,.F.);
#3667=CLOSED_SHELL('',(#3515,#3516,#3517,#3518,#3519,#3520,#3521,#3522,
#3523,#3524,#3525,#3526,#3527,#3528,#3529,#3530,#3531,#3532,#3533,#3534,
#3535,#3536,#3537,#3538,#3539,#3540,#3541,#3542,#3543,#3544,#3545,#3546,
#3547,#3548,#3549,#3550,#3551,#3552,#3553,#3554,#3555,#3556,#3557,#3558,
#3559,#3560,#3561,#3562,#3563,#3564,#3565,#3566,#3567,#3568,#3569,#3570,
#3571,#3572,#3573,#3574,#3575,#3576,#3577,#3578,#3579,#3580,#3581,#3582,
#3583,#3584,#3585,#3586,#3587,#3588,#3589,#3590,#3591,#3592,#3593,#3594,
#3595,#3596,#3597,#3598,#3599,#3600,#3601,#3602,#3603,#3604,#3605,#3606,
#3607,#3608,#3609,#3610,#3611,#3612,#3613,#3614,#3615,#3616,#3617,#3618,
#3619,#3620,#3621,#3622,#3623,#3624,#3625,#3626,#3627,#3628,#3629,#3630,
#3631,#3632,#3633,#3634,#3635,#3636,#3637,#3638,#3639,#3640,#3641,#3642,
#3643,#3644,#3645,#3646,#3647,#3648,#3649,#3650,#3651,#3652,#3653,#3654,
#3655,#3656,#3657,#3658,#3659,#3660,#3661,#3662,#3663,#3664,#3665,#3666));
#3668=MANIFOLD_SOLID_BREP('',#3667);
#3669=SHAPE_DEFINITION_REPRESENTATION(#6313,#3670);
#3670=SHAPE_REPRESENTATION('HandleA',(#3671),#6308);
#3671=AXIS2_PLACEMENT_3D('',#4679,#3952,#3953);
#3672=AXIS2_PLACEMENT_3D('',#4680,#3954,#3955);
#3673=AXIS2_PLACEMENT_3D('',#4681,#3956,#3957);
#3674=AXIS2_PLACEMENT_3D('',#4683,#3958,#3959);
#3675=AXIS2_PLACEMENT_3D('',#4685,#3960,#3961);
#3676=AXIS2_PLACEMENT_3D('',#4689,#3963,#3964);
#3677=AXIS2_PLACEMENT_3D('',#4693,#3966,#3967);
#3678=AXIS2_PLACEMENT_3D('',#4694,#3968,#3969);
#3679=AXIS2_PLACEMENT_3D('',#4695,#3970,#3971);
#3680=AXIS2_PLACEMENT_3D('',#4712,#3979,#3980);
#3681=AXIS2_PLACEMENT_3D('',#4715,#3982,#3983);
#3682=AXIS2_PLACEMENT_3D('',#4725,#3988,#3989);
#3683=AXIS2_PLACEMENT_3D('',#4729,#3991,#3992);
#3684=AXIS2_PLACEMENT_3D('',#4736,#3996,#3997);
#3685=AXIS2_PLACEMENT_3D('',#4763,#4011,#4012);
#3686=AXIS2_PLACEMENT_3D('',#4781,#4021,#4022);
#3687=AXIS2_PLACEMENT_3D('',#4782,#4023,#4024);
#3688=AXIS2_PLACEMENT_3D('',#4788,#4028,#4029);
#3689=AXIS2_PLACEMENT_3D('',#4794,#4033,#4034);
#3690=AXIS2_PLACEMENT_3D('',#4795,#4035,#4036);
#3691=AXIS2_PLACEMENT_3D('',#4838,#4039,#4040);
#3692=AXIS2_PLACEMENT_3D('',#4847,#4042,#4043);
#3693=AXIS2_PLACEMENT_3D('',#4848,#4044,#4045);
#3694=AXIS2_PLACEMENT_3D('',#4864,#4047,#4048);
#3695=AXIS2_PLACEMENT_3D('',#4868,#4050,#4051);
#3696=AXIS2_PLACEMENT_3D('',#4917,#4052,#4053);
#3697=AXIS2_PLACEMENT_3D('',#4929,#4057,#4058);
#3698=AXIS2_PLACEMENT_3D('',#4930,#4059,#4060);
#3699=AXIS2_PLACEMENT_3D('',#4963,#4062,#4063);
#3700=AXIS2_PLACEMENT_3D('',#4964,#4064,#4065);
#3701=AXIS2_PLACEMENT_3D('',#4974,#4066,#4067);
#3702=AXIS2_PLACEMENT_3D('',#4980,#4071,#4072);
#3703=AXIS2_PLACEMENT_3D('',#4981,#4073,#4074);
#3704=AXIS2_PLACEMENT_3D('',#4986,#4076,#4077);
#3705=AXIS2_PLACEMENT_3D('',#4987,#4078,#4079);
#3706=AXIS2_PLACEMENT_3D('',#4997,#4082,#4083);
#3707=AXIS2_PLACEMENT_3D('',#5022,#4084,#4085);
#3708=AXIS2_PLACEMENT_3D('',#5031,#4090,#4091);
#3709=AXIS2_PLACEMENT_3D('',#5032,#4092,#4093);
#3710=AXIS2_PLACEMENT_3D('',#5036,#4095,#4096);
#3711=AXIS2_PLACEMENT_3D('',#5037,#4097,#4098);
#3712=AXIS2_PLACEMENT_3D('',#5042,#4101,#4102);
#3713=AXIS2_PLACEMENT_3D('',#5043,#4103,#4104);
#3714=AXIS2_PLACEMENT_3D('',#5044,#4105,#4106);
#3715=AXIS2_PLACEMENT_3D('',#5084,#4108,#4109);
#3716=AXIS2_PLACEMENT_3D('',#5093,#4114,#4115);
#3717=AXIS2_PLACEMENT_3D('',#5094,#4116,#4117);
#3718=AXIS2_PLACEMENT_3D('',#5096,#4118,#4119);
#3719=AXIS2_PLACEMENT_3D('',#5098,#4120,#4121);
#3720=AXIS2_PLACEMENT_3D('',#5099,#4122,#4123);
#3721=AXIS2_PLACEMENT_3D('',#5101,#4124,#4125);
#3722=AXIS2_PLACEMENT_3D('',#5103,#4126,#4127);
#3723=AXIS2_PLACEMENT_3D('',#5104,#4128,#4129);
#3724=AXIS2_PLACEMENT_3D('',#5111,#4130,#4131);
#3725=AXIS2_PLACEMENT_3D('',#5120,#4133,#4134);
#3726=AXIS2_PLACEMENT_3D('',#5121,#4135,#4136);
#3727=AXIS2_PLACEMENT_3D('',#5125,#4138,#4139);
#3728=AXIS2_PLACEMENT_3D('',#5129,#4141,#4142);
#3729=AXIS2_PLACEMENT_3D('',#5130,#4143,#4144);
#3730=AXIS2_PLACEMENT_3D('',#5131,#4145,#4146);
#3731=AXIS2_PLACEMENT_3D('',#5137,#4149,#4150);
#3732=AXIS2_PLACEMENT_3D('',#5141,#4152,#4153);
#3733=AXIS2_PLACEMENT_3D('',#5145,#4155,#4156);
#3734=AXIS2_PLACEMENT_3D('',#5149,#4158,#4159);
#3735=AXIS2_PLACEMENT_3D('',#5152,#4161,#4162);
#3736=AXIS2_PLACEMENT_3D('',#5154,#4163,#4164);
#3737=AXIS2_PLACEMENT_3D('',#5156,#4165,#4166);
#3738=AXIS2_PLACEMENT_3D('',#5160,#4168,#4169);
#3739=AXIS2_PLACEMENT_3D('',#5164,#4171,#4172);
#3740=AXIS2_PLACEMENT_3D('',#5168,#4174,#4175);
#3741=AXIS2_PLACEMENT_3D('',#5169,#4176,#4177);
#3742=AXIS2_PLACEMENT_3D('',#5173,#4179,#4180);
#3743=AXIS2_PLACEMENT_3D('',#5177,#4182,#4183);
#3744=AXIS2_PLACEMENT_3D('',#5181,#4185,#4186);
#3745=AXIS2_PLACEMENT_3D('',#5182,#4187,#4188);
#3746=AXIS2_PLACEMENT_3D('',#5183,#4189,#4190);
#3747=AXIS2_PLACEMENT_3D('',#5185,#4191,#4192);
#3748=AXIS2_PLACEMENT_3D('',#5187,#4193,#4194);
#3749=AXIS2_PLACEMENT_3D('',#5188,#4195,#4196);
#3750=AXIS2_PLACEMENT_3D('',#5190,#4197,#4198);
#3751=AXIS2_PLACEMENT_3D('',#5192,#4199,#4200);
#3752=AXIS2_PLACEMENT_3D('',#5193,#4201,#4202);
#3753=AXIS2_PLACEMENT_3D('',#5195,#4203,#4204);
#3754=AXIS2_PLACEMENT_3D('',#5197,#4205,#4206);
#3755=AXIS2_PLACEMENT_3D('',#5198,#4207,#4208);
#3756=AXIS2_PLACEMENT_3D('',#5199,#4209,#4210);
#3757=AXIS2_PLACEMENT_3D('',#5200,#4211,#4212);
#3758=AXIS2_PLACEMENT_3D('',#5201,#4213,#4214);
#3759=AXIS2_PLACEMENT_3D('',#5204,#4216,#4217);
#3760=AXIS2_PLACEMENT_3D('',#5205,#4218,#4219);
#3761=AXIS2_PLACEMENT_3D('',#5206,#4220,#4221);
#3762=AXIS2_PLACEMENT_3D('',#5215,#4223,#4224);
#3763=AXIS2_PLACEMENT_3D('',#5217,#4225,#4226);
#3764=AXIS2_PLACEMENT_3D('',#5219,#4227,#4228);
#3765=AXIS2_PLACEMENT_3D('',#5227,#4229,#4230);
#3766=AXIS2_PLACEMENT_3D('',#5228,#4231,#4232);
#3767=AXIS2_PLACEMENT_3D('',#5237,#4236,#4237);
#3768=AXIS2_PLACEMENT_3D('',#5241,#4239,#4240);
#3769=AXIS2_PLACEMENT_3D('',#5242,#4241,#4242);
#3770=AXIS2_PLACEMENT_3D('',#5244,#4243,#4244);
#3771=AXIS2_PLACEMENT_3D('',#5246,#4245,#4246);
#3772=AXIS2_PLACEMENT_3D('',#5247,#4247,#4248);
#3773=AXIS2_PLACEMENT_3D('',#5250,#4249,#4250);
#3774=AXIS2_PLACEMENT_3D('',#5257,#4251,#4252);
#3775=AXIS2_PLACEMENT_3D('',#5264,#4253,#4254);
#3776=AXIS2_PLACEMENT_3D('',#5265,#4255,#4256);
#3777=AXIS2_PLACEMENT_3D('',#5273,#4257,#4258);
#3778=AXIS2_PLACEMENT_3D('',#5275,#4259,#4260);
#3779=AXIS2_PLACEMENT_3D('',#5277,#4261,#4262);
#3780=AXIS2_PLACEMENT_3D('',#5278,#4263,#4264);
#3781=AXIS2_PLACEMENT_3D('',#5286,#4265,#4266);
#3782=AXIS2_PLACEMENT_3D('',#5288,#4267,#4268);
#3783=AXIS2_PLACEMENT_3D('',#5290,#4269,#4270);
#3784=AXIS2_PLACEMENT_3D('',#5291,#4271,#4272);
#3785=AXIS2_PLACEMENT_3D('',#5292,#4273,#4274);
#3786=AXIS2_PLACEMENT_3D('',#5294,#4275,#4276);
#3787=AXIS2_PLACEMENT_3D('',#5303,#4277,#4278);
#3788=AXIS2_PLACEMENT_3D('',#5304,#4279,#4280);
#3789=AXIS2_PLACEMENT_3D('',#5316,#4281,#4282);
#3790=AXIS2_PLACEMENT_3D('',#5343,#4283,#4284);
#3791=AXIS2_PLACEMENT_3D('',#5344,#4285,#4286);
#3792=AXIS2_PLACEMENT_3D('',#5346,#4287,#4288);
#3793=AXIS2_PLACEMENT_3D('',#5348,#4289,#4290);
#3794=AXIS2_PLACEMENT_3D('',#5349,#4291,#4292);
#3795=AXIS2_PLACEMENT_3D('',#5350,#4293,#4294);
#3796=AXIS2_PLACEMENT_3D('',#5352,#4295,#4296);
#3797=AXIS2_PLACEMENT_3D('',#5353,#4297,#4298);
#3798=AXIS2_PLACEMENT_3D('',#5354,#4299,#4300);
#3799=AXIS2_PLACEMENT_3D('',#5356,#4301,#4302);
#3800=AXIS2_PLACEMENT_3D('',#5358,#4303,#4304);
#3801=AXIS2_PLACEMENT_3D('',#5359,#4305,#4306);
#3802=AXIS2_PLACEMENT_3D('',#5360,#4307,#4308);
#3803=AXIS2_PLACEMENT_3D('',#5368,#4309,#4310);
#3804=AXIS2_PLACEMENT_3D('',#5369,#4311,#4312);
#3805=AXIS2_PLACEMENT_3D('',#5370,#4313,#4314);
#3806=AXIS2_PLACEMENT_3D('',#5378,#4315,#4316);
#3807=AXIS2_PLACEMENT_3D('',#5379,#4317,#4318);
#3808=AXIS2_PLACEMENT_3D('',#5387,#4319,#4320);
#3809=AXIS2_PLACEMENT_3D('',#5388,#4321,#4322);
#3810=AXIS2_PLACEMENT_3D('',#5395,#4323,#4324);
#3811=AXIS2_PLACEMENT_3D('',#5401,#4325,#4326);
#3812=AXIS2_PLACEMENT_3D('',#5636,#4327,#4328);
#3813=AXIS2_PLACEMENT_3D('',#5832,#4329,#4330);
#3814=AXIS2_PLACEMENT_3D('',#5860,#4331,#4332);
#3815=AXIS2_PLACEMENT_3D('',#5873,#4333,#4334);
#3816=AXIS2_PLACEMENT_3D('',#5874,#4335,#4336);
#3817=AXIS2_PLACEMENT_3D('',#5875,#4337,#4338);
#3818=AXIS2_PLACEMENT_3D('',#5876,#4339,#4340);
#3819=AXIS2_PLACEMENT_3D('',#5877,#4341,#4342);
#3820=AXIS2_PLACEMENT_3D('',#5878,#4343,#4344);
#3821=AXIS2_PLACEMENT_3D('',#5879,#4345,#4346);
#3822=AXIS2_PLACEMENT_3D('',#5892,#4347,#4348);
#3823=AXIS2_PLACEMENT_3D('',#5929,#4349,#4350);
#3824=AXIS2_PLACEMENT_3D('',#5930,#4351,#4352);
#3825=AXIS2_PLACEMENT_3D('',#5931,#4353,#4354);
#3826=AXIS2_PLACEMENT_3D('',#5932,#4355,#4356);
#3827=AXIS2_PLACEMENT_3D('',#5933,#4357,#4358);
#3828=AXIS2_PLACEMENT_3D('',#5934,#4359,#4360);
#3829=AXIS2_PLACEMENT_3D('',#5935,#4361,#4362);
#3830=AXIS2_PLACEMENT_3D('',#5978,#4363,#4364);
#3831=AXIS2_PLACEMENT_3D('',#5979,#4365,#4366);
#3832=AXIS2_PLACEMENT_3D('',#5980,#4367,#4368);
#3833=AXIS2_PLACEMENT_3D('',#5981,#4369,#4370);
#3834=AXIS2_PLACEMENT_3D('',#5982,#4371,#4372);
#3835=AXIS2_PLACEMENT_3D('',#5983,#4373,#4374);
#3836=AXIS2_PLACEMENT_3D('',#5984,#4375,#4376);
#3837=AXIS2_PLACEMENT_3D('',#6006,#4377,#4378);
#3838=AXIS2_PLACEMENT_3D('',#6011,#4383,#4384);
#3839=AXIS2_PLACEMENT_3D('',#6015,#4388,#4389);
#3840=AXIS2_PLACEMENT_3D('',#6020,#4394,#4395);
#3841=AXIS2_PLACEMENT_3D('',#6021,#4396,#4397);
#3842=AXIS2_PLACEMENT_3D('',#6022,#4398,#4399);
#3843=AXIS2_PLACEMENT_3D('',#6023,#4400,#4401);
#3844=AXIS2_PLACEMENT_3D('',#6024,#4402,#4403);
#3845=AXIS2_PLACEMENT_3D('',#6025,#4404,#4405);
#3846=AXIS2_PLACEMENT_3D('',#6026,#4406,#4407);
#3847=AXIS2_PLACEMENT_3D('',#6027,#4408,#4409);
#3848=AXIS2_PLACEMENT_3D('',#6028,#4410,#4411);
#3849=AXIS2_PLACEMENT_3D('',#6031,#4414,#4415);
#3850=AXIS2_PLACEMENT_3D('',#6034,#4418,#4419);
#3851=AXIS2_PLACEMENT_3D('',#6035,#4420,#4421);
#3852=AXIS2_PLACEMENT_3D('',#6036,#4422,#4423);
#3853=AXIS2_PLACEMENT_3D('',#6037,#4424,#4425);
#3854=AXIS2_PLACEMENT_3D('',#6038,#4426,#4427);
#3855=AXIS2_PLACEMENT_3D('',#6039,#4428,#4429);
#3856=AXIS2_PLACEMENT_3D('',#6040,#4430,#4431);
#3857=AXIS2_PLACEMENT_3D('',#6041,#4432,#4433);
#3858=AXIS2_PLACEMENT_3D('',#6042,#4434,#4435);
#3859=AXIS2_PLACEMENT_3D('',#6043,#4436,#4437);
#3860=AXIS2_PLACEMENT_3D('',#6044,#4438,#4439);
#3861=AXIS2_PLACEMENT_3D('',#6045,#4440,#4441);
#3862=AXIS2_PLACEMENT_3D('',#6049,#4443,#4444);
#3863=AXIS2_PLACEMENT_3D('',#6050,#4445,#4446);
#3864=AXIS2_PLACEMENT_3D('',#6054,#4448,#4449);
#3865=AXIS2_PLACEMENT_3D('',#6055,#4450,#4451);
#3866=AXIS2_PLACEMENT_3D('',#6064,#4457,#4458);
#3867=AXIS2_PLACEMENT_3D('',#6065,#4459,#4460);
#3868=AXIS2_PLACEMENT_3D('',#6071,#4461,#4462);
#3869=AXIS2_PLACEMENT_3D('',#6078,#4463,#4464);
#3870=AXIS2_PLACEMENT_3D('',#6080,#4465,#4466);
#3871=AXIS2_PLACEMENT_3D('',#6081,#4467,#4468);
#3872=AXIS2_PLACEMENT_3D('',#6083,#4469,#4470);
#3873=AXIS2_PLACEMENT_3D('',#6085,#4471,#4472);
#3874=AXIS2_PLACEMENT_3D('',#6092,#4473,#4474);
#3875=AXIS2_PLACEMENT_3D('',#6096,#4476,#4477);
#3876=AXIS2_PLACEMENT_3D('',#6097,#4478,#4479);
#3877=AXIS2_PLACEMENT_3D('',#6098,#4480,#4481);
#3878=AXIS2_PLACEMENT_3D('',#6099,#4482,#4483);
#3879=AXIS2_PLACEMENT_3D('',#6100,#4484,#4485);
#3880=AXIS2_PLACEMENT_3D('',#6101,#4486,#4487);
#3881=AXIS2_PLACEMENT_3D('',#6102,#4488,#4489);
#3882=AXIS2_PLACEMENT_3D('',#6103,#4490,#4491);
#3883=AXIS2_PLACEMENT_3D('',#6104,#4492,#4493);
#3884=AXIS2_PLACEMENT_3D('',#6108,#4495,#4496);
#3885=AXIS2_PLACEMENT_3D('',#6111,#4499,#4500);
#3886=AXIS2_PLACEMENT_3D('',#6114,#4503,#4504);
#3887=AXIS2_PLACEMENT_3D('',#6115,#4505,#4506);
#3888=AXIS2_PLACEMENT_3D('',#6119,#4508,#4509);
#3889=AXIS2_PLACEMENT_3D('',#6120,#4510,#4511);
#3890=AXIS2_PLACEMENT_3D('',#6123,#4514,#4515);
#3891=AXIS2_PLACEMENT_3D('',#6124,#4516,#4517);
#3892=AXIS2_PLACEMENT_3D('',#6125,#4518,#4519);
#3893=AXIS2_PLACEMENT_3D('',#6126,#4520,#4521);
#3894=AXIS2_PLACEMENT_3D('',#6127,#4522,#4523);
#3895=AXIS2_PLACEMENT_3D('',#6128,#4524,#4525);
#3896=AXIS2_PLACEMENT_3D('',#6129,#4526,#4527);
#3897=AXIS2_PLACEMENT_3D('',#6131,#4529,#4530);
#3898=AXIS2_PLACEMENT_3D('',#6133,#4532,#4533);
#3899=AXIS2_PLACEMENT_3D('',#6143,#4534,#4535);
#3900=AXIS2_PLACEMENT_3D('',#6172,#4536,#4537);
#3901=AXIS2_PLACEMENT_3D('',#6183,#4538,#4539);
#3902=AXIS2_PLACEMENT_3D('',#6184,#4540,#4541);
#3903=AXIS2_PLACEMENT_3D('',#6185,#4542,#4543);
#3904=AXIS2_PLACEMENT_3D('',#6187,#4544,#4545);
#3905=AXIS2_PLACEMENT_3D('',#6188,#4546,#4547);
#3906=AXIS2_PLACEMENT_3D('',#6195,#4548,#4549);
#3907=AXIS2_PLACEMENT_3D('',#6196,#4550,#4551);
#3908=AXIS2_PLACEMENT_3D('',#6204,#4556,#4557);
#3909=AXIS2_PLACEMENT_3D('',#6208,#4559,#4560);
#3910=AXIS2_PLACEMENT_3D('',#6212,#4562,#4563);
#3911=AXIS2_PLACEMENT_3D('',#6216,#4565,#4566);
#3912=AXIS2_PLACEMENT_3D('',#6220,#4568,#4569);
#3913=AXIS2_PLACEMENT_3D('',#6221,#4570,#4571);
#3914=AXIS2_PLACEMENT_3D('',#6226,#4574,#4575);
#3915=AXIS2_PLACEMENT_3D('',#6227,#4576,#4577);
#3916=AXIS2_PLACEMENT_3D('',#6230,#4580,#4581);
#3917=AXIS2_PLACEMENT_3D('',#6233,#4584,#4585);
#3918=AXIS2_PLACEMENT_3D('',#6236,#4588,#4589);
#3919=AXIS2_PLACEMENT_3D('',#6239,#4592,#4593);
#3920=AXIS2_PLACEMENT_3D('',#6244,#4596,#4597);
#3921=AXIS2_PLACEMENT_3D('',#6245,#4598,#4599);
#3922=AXIS2_PLACEMENT_3D('',#6251,#4604,#4605);
#3923=AXIS2_PLACEMENT_3D('',#6253,#4607,#4608);
#3924=AXIS2_PLACEMENT_3D('',#6254,#4609,#4610);
#3925=AXIS2_PLACEMENT_3D('',#6255,#4611,#4612);
#3926=AXIS2_PLACEMENT_3D('',#6256,#4613,#4614);
#3927=AXIS2_PLACEMENT_3D('',#6257,#4615,#4616);
#3928=AXIS2_PLACEMENT_3D('',#6258,#4617,#4618);
#3929=AXIS2_PLACEMENT_3D('',#6259,#4619,#4620);
#3930=AXIS2_PLACEMENT_3D('',#6260,#4621,#4622);
#3931=AXIS2_PLACEMENT_3D('',#6261,#4623,#4624);
#3932=AXIS2_PLACEMENT_3D('',#6262,#4625,#4626);
#3933=AXIS2_PLACEMENT_3D('',#6263,#4627,#4628);
#3934=AXIS2_PLACEMENT_3D('',#6266,#4630,#4631);
#3935=AXIS2_PLACEMENT_3D('',#6271,#4634,#4635);
#3936=AXIS2_PLACEMENT_3D('',#6274,#4637,#4638);
#3937=AXIS2_PLACEMENT_3D('',#6277,#4640,#4641);
#3938=AXIS2_PLACEMENT_3D('',#6281,#4644,#4645);
#3939=AXIS2_PLACEMENT_3D('',#6282,#4646,#4647);
#3940=AXIS2_PLACEMENT_3D('',#6287,#4650,#4651);
#3941=AXIS2_PLACEMENT_3D('',#6290,#4653,#4654);
#3942=AXIS2_PLACEMENT_3D('',#6293,#4656,#4657);
#3943=AXIS2_PLACEMENT_3D('',#6295,#4659,#4660);
#3944=AXIS2_PLACEMENT_3D('',#6298,#4663,#4664);
#3945=AXIS2_PLACEMENT_3D('',#6299,#4665,#4666);
#3946=AXIS2_PLACEMENT_3D('',#6300,#4667,#4668);
#3947=AXIS2_PLACEMENT_3D('',#6301,#4669,#4670);
#3948=AXIS2_PLACEMENT_3D('',#6302,#4671,#4672);
#3949=AXIS2_PLACEMENT_3D('',#6303,#4673,#4674);
#3950=AXIS2_PLACEMENT_3D('',#6304,#4675,#4676);
#3951=AXIS2_PLACEMENT_3D('',#6306,#4677,#4678);
#3952=DIRECTION('',(0.,0.,1.));
#3953=DIRECTION('',(1.,0.,0.));
#3954=DIRECTION('',(0.,1.,0.));
#3955=DIRECTION('',(0.,0.,1.));
#3956=DIRECTION('',(0.,1.,0.));
#3957=DIRECTION('',(0.,0.,1.));
#3958=DIRECTION('',(0.,-1.,0.));
#3959=DIRECTION('',(0.,0.,1.));
#3960=DIRECTION('',(0.,-1.,0.));
#3961=DIRECTION('',(0.,0.,-1.));
#3962=DIRECTION('',(0.,-1.,0.));
#3963=DIRECTION('',(0.,1.,0.));
#3964=DIRECTION('',(0.,0.,-1.));
#3965=DIRECTION('',(0.,-1.,0.));
#3966=DIRECTION('',(0.,1.,0.));
#3967=DIRECTION('',(1.,0.,0.));
#3968=DIRECTION('',(0.897708474400857,0.,-0.440589939727277));
#3969=DIRECTION('',(-0.440589939727277,0.,-0.897708474400857));
#3970=DIRECTION('',(0.897708474400857,0.,-0.440589939727277));
#3971=DIRECTION('',(-0.440589939727277,0.,-0.897708474400857));
#3972=DIRECTION('',(0.,-1.,0.));
#3973=DIRECTION('',(-0.440589939727277,8.02719569652831E-17,-0.897708474400857));
#3974=DIRECTION('',(0.,1.,0.));
#3975=DIRECTION('',(0.440589939727277,0.,0.897708474400857));
#3976=DIRECTION('',(0.,-1.,0.));
#3977=DIRECTION('',(0.440586108805106,0.0041701188240955,0.89770066884066));
#3978=DIRECTION('',(0.440584040991114,0.00517458758021843,0.897696455639274));
#3979=DIRECTION('',(0.897708474400857,0.,-0.440589939727277));
#3980=DIRECTION('',(-0.440589939727277,0.,-0.897708474400857));
#3981=DIRECTION('',(0.,-1.,0.));
#3982=DIRECTION('',(0.897708474400857,0.,-0.440589939727277));
#3983=DIRECTION('',(-0.440589939727277,0.,-0.897708474400857));
#3984=DIRECTION('',(0.,-1.,0.));
#3985=DIRECTION('',(0.440589939727268,0.,0.897708474400862));
#3986=DIRECTION('',(0.,-1.,0.));
#3987=DIRECTION('',(-0.440589939727277,8.02719569652831E-17,-0.897708474400857));
#3988=DIRECTION('',(0.897708474400857,0.,-0.440589939727277));
#3989=DIRECTION('',(-0.440589939727277,9.96077662459101E-17,-0.897708474400857));
#3990=DIRECTION('',(0.,-1.,0.));
#3991=DIRECTION('',(0.897708474400857,0.,-0.440589939727277));
#3992=DIRECTION('',(-0.440589939727277,0.,-0.897708474400857));
#3993=DIRECTION('',(0.440589939727277,0.,0.897708474400857));
#3994=DIRECTION('',(0.,1.,0.));
#3995=DIRECTION('',(0.440589939727277,0.,0.897708474400857));
#3996=DIRECTION('',(0.,0.,1.));
#3997=DIRECTION('',(1.,0.,0.));
#3998=DIRECTION('',(0.,1.,0.));
#3999=DIRECTION('',(-1.,0.,0.));
#4000=DIRECTION('',(0.,1.,0.));
#4001=DIRECTION('',(1.,0.,0.));
#4002=DIRECTION('',(0.,-1.,0.));
#4003=DIRECTION('',(-1.,0.,0.));
#4004=DIRECTION('',(0.,1.,0.));
#4005=DIRECTION('',(1.,0.,0.));
#4006=DIRECTION('',(0.,-1.,0.));
#4007=DIRECTION('',(-1.,0.,0.));
#4008=DIRECTION('',(1.,0.,0.));
#4009=DIRECTION('',(0.,-1.,0.));
#4010=DIRECTION('',(-1.,0.,0.));
#4011=DIRECTION('',(0.,0.,1.));
#4012=DIRECTION('',(0.999931036540942,0.0117440266586157,0.));
#4013=DIRECTION('',(0.,-1.,0.));
#4014=DIRECTION('',(-1.,0.,0.));
#4015=DIRECTION('',(0.,-1.,0.));
#4016=DIRECTION('',(-1.,0.,0.));
#4017=DIRECTION('',(0.,1.,0.));
#4018=DIRECTION('',(-1.,0.,0.));
#4019=DIRECTION('',(0.,1.,0.));
#4020=DIRECTION('',(-1.,0.,0.));
#4021=DIRECTION('',(0.,0.,1.));
#4022=DIRECTION('',(1.,0.,0.));
#4023=DIRECTION('',(-1.,0.,0.));
#4024=DIRECTION('',(0.,0.,1.));
#4025=DIRECTION('',(0.,-8.94187358750932E-17,1.));
#4026=DIRECTION('',(0.,-1.,0.));
#4027=DIRECTION('',(0.,0.,1.));
#4028=DIRECTION('',(1.,0.,0.));
#4029=DIRECTION('',(0.,0.,-1.));
#4030=DIRECTION('',(0.,1.,0.));
#4031=DIRECTION('',(0.,8.94187358750932E-17,-1.));
#4032=DIRECTION('',(0.,0.,1.));
#4033=DIRECTION('',(0.,1.,0.));
#4034=DIRECTION('',(0.,0.,1.));
#4035=DIRECTION('',(0.,1.,0.));
#4036=DIRECTION('',(0.,0.,1.));
#4037=DIRECTION('',(0.,-1.,0.));
#4038=DIRECTION('',(0.,1.,0.));
#4039=DIRECTION('',(0.,1.,0.));
#4040=DIRECTION('',(0.,0.,1.));
#4041=DIRECTION('',(0.,1.,0.));
#4042=DIRECTION('',(0.,1.,0.));
#4043=DIRECTION('',(0.,0.,1.));
#4044=DIRECTION('',(0.,1.,0.));
#4045=DIRECTION('',(0.,0.,1.));
#4046=DIRECTION('',(0.,1.,0.));
#4047=DIRECTION('',(0.,-1.,-1.54197642309049E-15));
#4048=DIRECTION('',(0.,1.54197642309049E-15,-1.));
#4049=DIRECTION('',(0.,-1.,0.));
#4050=DIRECTION('',(0.,1.,0.));
#4051=DIRECTION('',(0.,0.,1.));
#4052=DIRECTION('',(0.,1.,0.));
#4053=DIRECTION('',(0.,0.,1.));
#4054=DIRECTION('',(0.,-1.,0.));
#4055=DIRECTION('',(0.,-1.,0.));
#4056=DIRECTION('',(0.,-1.,0.));
#4057=DIRECTION('',(0.,1.,0.));
#4058=DIRECTION('',(0.,0.,1.));
#4059=DIRECTION('',(0.,-1.,-1.54197642309049E-15));
#4060=DIRECTION('',(0.,1.54197642309049E-15,-1.));
#4061=DIRECTION('',(0.,1.,0.));
#4062=DIRECTION('',(0.,1.,0.));
#4063=DIRECTION('',(-1.,0.,0.));
#4064=DIRECTION('',(0.,1.,0.));
#4065=DIRECTION('',(0.,0.,1.));
#4066=DIRECTION('',(0.897708474400857,0.,-0.440589939727277));
#4067=DIRECTION('',(-0.440589939727277,0.,-0.897708474400857));
#4068=DIRECTION('',(-0.440584040991114,-0.005174587580219,-0.897696455639274));
#4069=DIRECTION('',(0.,-1.,0.));
#4070=DIRECTION('',(0.440589939727277,0.,0.897708474400857));
#4071=DIRECTION('',(1.,0.,0.));
#4072=DIRECTION('',(0.,0.,-1.));
#4073=DIRECTION('',(-1.,0.,0.));
#4074=DIRECTION('',(0.,0.999989210613814,-0.00464528319496357));
#4075=DIRECTION('',(0.,0.00464528319496348,0.999989210613814));
#4076=DIRECTION('',(1.,0.,0.));
#4077=DIRECTION('',(0.,0.,-1.));
#4078=DIRECTION('',(1.,0.,0.));
#4079=DIRECTION('',(0.,0.,-1.));
#4080=DIRECTION('',(0.,-0.00464528319496374,-0.999989210613814));
#4081=DIRECTION('',(0.,-0.999989210613814,0.00464528319496348));
#4082=DIRECTION('',(-1.,0.,0.));
#4083=DIRECTION('',(0.,0.,1.));
#4084=DIRECTION('',(1.,0.,0.));
#4085=DIRECTION('',(0.,0.,-1.));
#4086=DIRECTION('',(0.,3.65838880109104E-16,-1.));
#4087=DIRECTION('',(0.,-0.999989210613814,0.00464528319496348));
#4088=DIRECTION('',(0.,4.71905189329925E-17,1.));
#4089=DIRECTION('',(0.,-1.,0.));
#4090=DIRECTION('',(0.,-0.999989210613814,0.00464528319496356));
#4091=DIRECTION('',(0.,-0.00464528319496356,-0.999989210613814));
#4092=DIRECTION('',(0.,-0.999989210613814,0.00464528319496356));
#4093=DIRECTION('',(0.44058426326043,0.00417012303165432,0.897701574601028));
#4094=DIRECTION('',(-1.,0.,0.));
#4095=DIRECTION('',(0.,-0.999989210613814,0.00464528319496356));
#4096=DIRECTION('',(0.,-0.00464528319496356,-0.999989210613814));
#4097=DIRECTION('',(0.,0.999989210613814,-0.00464528319496357));
#4098=DIRECTION('',(0.,0.00464528319496357,0.999989210613814));
#4099=DIRECTION('',(1.,0.,0.));
#4100=DIRECTION('',(0.440586108805106,0.0041701188240955,0.89770066884066));
#4101=DIRECTION('',(0.,0.999989210613814,-0.00464528319496357));
#4102=DIRECTION('',(0.,-0.00464528319496357,-0.999989210613814));
#4103=DIRECTION('',(0.,1.,0.));
#4104=DIRECTION('',(0.,0.,1.));
#4105=DIRECTION('',(0.,1.,0.));
#4106=DIRECTION('',(0.,0.,1.));
#4107=DIRECTION('',(0.,1.,0.));
#4108=DIRECTION('',(-5.4386825044773E-17,0.,-1.));
#4109=DIRECTION('',(-1.,0.,5.4386825044773E-17));
#4110=DIRECTION('',(0.,1.,0.));
#4111=DIRECTION('',(-1.,0.,1.13202414057475E-16));
#4112=DIRECTION('',(0.,-1.,0.));
#4113=DIRECTION('',(-1.,0.,5.4386825044773E-17));
#4114=DIRECTION('',(0.,1.,0.));
#4115=DIRECTION('',(0.,0.,1.));
#4116=DIRECTION('',(0.,-1.,0.));
#4117=DIRECTION('',(0.,0.,-1.));
#4118=DIRECTION('',(0.,1.,0.));
#4119=DIRECTION('',(0.,0.,1.));
#4120=DIRECTION('',(0.,1.,0.));
#4121=DIRECTION('',(0.,0.,1.));
#4122=DIRECTION('',(0.,-1.,0.));
#4123=DIRECTION('',(0.,0.,-1.));
#4124=DIRECTION('',(0.,1.,0.));
#4125=DIRECTION('',(0.,0.,1.));
#4126=DIRECTION('',(0.,1.,0.));
#4127=DIRECTION('',(0.,0.,1.));
#4128=DIRECTION('',(0.,1.,0.));
#4129=DIRECTION('',(0.,0.,1.));
#4130=DIRECTION('',(0.,1.,0.));
#4131=DIRECTION('',(1.,0.,0.));
#4132=DIRECTION('',(0.471660733199593,0.,-0.881780104537193));
#4133=DIRECTION('',(0.,1.,0.));
#4134=DIRECTION('',(0.,0.,1.));
#4135=DIRECTION('',(0.,1.,0.));
#4136=DIRECTION('',(0.,0.,1.));
#4137=DIRECTION('',(0.473692815040809,0.,0.880690136755666));
#4138=DIRECTION('',(0.,1.,0.));
#4139=DIRECTION('',(0.,0.,1.));
#4140=DIRECTION('',(-0.438590682755059,0.,0.898686938260734));
#4141=DIRECTION('',(0.,1.,0.));
#4142=DIRECTION('',(0.,0.,1.));
#4143=DIRECTION('',(0.,1.,0.));
#4144=DIRECTION('',(0.,0.,1.));
#4145=DIRECTION('',(0.,1.,0.));
#4146=DIRECTION('',(0.,0.,1.));
#4147=DIRECTION('',(-1.,0.,-1.23858381240058E-16));
#4148=DIRECTION('',(0.308504698037437,0.,-0.951222818948762));
#4149=DIRECTION('',(0.,1.,0.));
#4150=DIRECTION('',(0.,0.,1.));
#4151=DIRECTION('',(0.808511496554055,0.,-0.588480381949918));
#4152=DIRECTION('',(0.,1.,0.));
#4153=DIRECTION('',(0.,0.,1.));
#4154=DIRECTION('',(-0.999999303353013,0.,0.00118037853597059));
#4155=DIRECTION('',(0.,1.,0.));
#4156=DIRECTION('',(0.,0.,1.));
#4157=DIRECTION('',(0.809035322587798,0.,0.587760024844543));
#4158=DIRECTION('',(0.,1.,0.));
#4159=DIRECTION('',(0.,0.,1.));
#4160=DIRECTION('',(-0.307953507124323,0.,-0.951401407109444));
#4161=DIRECTION('',(0.,1.,0.));
#4162=DIRECTION('',(0.,0.,1.));
#4163=DIRECTION('',(0.,1.,0.));
#4164=DIRECTION('',(0.,0.,1.));
#4165=DIRECTION('',(0.,-1.,0.));
#4166=DIRECTION('',(0.,0.,-1.));
#4167=DIRECTION('',(-0.999999303353013,0.,0.00118037853597065));
#4168=DIRECTION('',(0.,-1.,0.));
#4169=DIRECTION('',(0.,0.,-1.));
#4170=DIRECTION('',(0.307953507124323,0.,0.951401407109444));
#4171=DIRECTION('',(0.,-1.,0.));
#4172=DIRECTION('',(0.,0.,-1.));
#4173=DIRECTION('',(-0.809035322587798,0.,-0.587760024844543));
#4174=DIRECTION('',(0.,-1.,0.));
#4175=DIRECTION('',(0.,0.,-1.));
#4176=DIRECTION('',(0.,-1.,0.));
#4177=DIRECTION('',(0.,0.,-1.));
#4178=DIRECTION('',(-0.308504698037437,0.,0.951222818948762));
#4179=DIRECTION('',(0.,-1.,0.));
#4180=DIRECTION('',(0.,0.,-1.));
#4181=DIRECTION('',(-0.999999303353013,0.,0.00118037853597065));
#4182=DIRECTION('',(0.,-1.,0.));
#4183=DIRECTION('',(0.,0.,-1.));
#4184=DIRECTION('',(-0.808511496554055,0.,0.588480381949918));
#4185=DIRECTION('',(0.,-1.,0.));
#4186=DIRECTION('',(0.,0.,-1.));
#4187=DIRECTION('',(0.,-1.,0.));
#4188=DIRECTION('',(0.,0.,-1.));
#4189=DIRECTION('',(0.,1.,0.));
#4190=DIRECTION('',(0.,0.,1.));
#4191=DIRECTION('',(0.,-1.,0.));
#4192=DIRECTION('',(0.,0.,-1.));
#4193=DIRECTION('',(0.,-1.,0.));
#4194=DIRECTION('',(0.,0.,-1.));
#4195=DIRECTION('',(0.,1.,0.));
#4196=DIRECTION('',(0.,0.,1.));
#4197=DIRECTION('',(0.,-1.,0.));
#4198=DIRECTION('',(0.,0.,-1.));
#4199=DIRECTION('',(0.,-1.,0.));
#4200=DIRECTION('',(0.,0.,-1.));
#4201=DIRECTION('',(0.,1.,0.));
#4202=DIRECTION('',(0.,0.,1.));
#4203=DIRECTION('',(0.,-1.,0.));
#4204=DIRECTION('',(0.,0.,-1.));
#4205=DIRECTION('',(0.,1.,0.));
#4206=DIRECTION('',(0.,0.,1.));
#4207=DIRECTION('',(0.,1.,0.));
#4208=DIRECTION('',(0.,0.,1.));
#4209=DIRECTION('',(0.,-1.,0.));
#4210=DIRECTION('',(0.,0.,-1.));
#4211=DIRECTION('',(0.,1.,0.));
#4212=DIRECTION('',(0.,0.,1.));
#4213=DIRECTION('',(0.,-1.,0.));
#4214=DIRECTION('',(0.,0.,-1.));
#4215=DIRECTION('',(0.,-1.,0.));
#4216=DIRECTION('',(0.,1.,0.));
#4217=DIRECTION('',(0.,0.,1.));
#4218=DIRECTION('',(0.,-1.,0.));
#4219=DIRECTION('',(1.,0.,0.));
#4220=DIRECTION('',(0.,-1.,0.));
#4221=DIRECTION('',(1.,0.,0.));
#4222=DIRECTION('',(-0.438590682755059,0.,0.898686938260734));
#4223=DIRECTION('',(2.195512053035E-15,-1.,2.12618009346548E-15));
#4224=DIRECTION('',(1.,2.195512053035E-15,0.));
#4225=DIRECTION('',(6.12303176911189E-17,1.,-2.71050543121376E-17));
#4226=DIRECTION('',(-1.,6.12303176911189E-17,0.));
#4227=DIRECTION('',(2.42661858493348E-15,1.,-2.21862270622489E-15));
#4228=DIRECTION('',(-1.,2.42661858493348E-15,0.));
#4229=DIRECTION('',(0.,1.,0.));
#4230=DIRECTION('',(0.,0.,1.));
#4231=DIRECTION('',(0.,1.,0.));
#4232=DIRECTION('',(0.,0.,1.));
#4233=DIRECTION('',(0.308504698037437,0.,-0.951222818948762));
#4234=DIRECTION('',(-1.,0.,-1.0322009362489E-16));
#4235=DIRECTION('',(-0.307953507124323,0.,-0.951401407109444));
#4236=DIRECTION('',(0.,1.,0.));
#4237=DIRECTION('',(0.,0.,1.));
#4238=DIRECTION('',(0.999999303353013,0.,-0.00118037853597059));
#4239=DIRECTION('',(0.,1.,0.));
#4240=DIRECTION('',(0.,0.,1.));
#4241=DIRECTION('',(0.,1.,0.));
#4242=DIRECTION('',(0.,0.,1.));
#4243=DIRECTION('',(0.,1.,0.));
#4244=DIRECTION('',(0.,0.,1.));
#4245=DIRECTION('',(6.12303176911189E-17,1.,-2.71050543121376E-17));
#4246=DIRECTION('',(-1.,6.12303176911189E-17,0.));
#4247=DIRECTION('',(6.12303176911189E-17,1.,-2.71050543121376E-17));
#4248=DIRECTION('',(-1.,6.12303176911189E-17,0.));
#4249=DIRECTION('',(0.681998360062498,-6.15823580552193E-17,-0.73135370161917));
#4250=DIRECTION('',(8.10536994948894E-17,1.,-8.61945172185481E-18));
#4251=DIRECTION('',(6.12303176911189E-17,1.,-2.71050543121376E-17));
#4252=DIRECTION('',(-1.,6.12303176911189E-17,0.));
#4253=DIRECTION('',(0.681998360062498,-2.19355944476783E-17,0.73135370161917));
#4254=DIRECTION('',(4.14069358873484E-17,1.,-8.6194517218548E-18));
#4255=DIRECTION('',(2.42661858493348E-15,1.,-2.21862270622489E-15));
#4256=DIRECTION('',(-1.,2.42661858493348E-15,0.));
#4257=DIRECTION('',(2.42661858493348E-15,1.,-2.21862270622489E-15));
#4258=DIRECTION('',(-1.,2.42661858493348E-15,0.));
#4259=DIRECTION('',(0.681998360062498,-2.19355944476783E-17,0.73135370161917));
#4260=DIRECTION('',(4.14069358873484E-17,1.,-8.6194517218548E-18));
#4261=DIRECTION('',(-2.42661858493348E-15,-1.,2.21862270622489E-15));
#4262=DIRECTION('',(1.,-2.42661858493348E-15,0.));
#4263=DIRECTION('',(2.42661858493348E-15,1.,-2.21862270622489E-15));
#4264=DIRECTION('',(-1.,2.42661858493348E-15,0.));
#4265=DIRECTION('',(2.42661858493348E-15,1.,-2.21862270622489E-15));
#4266=DIRECTION('',(-1.,2.42661858493348E-15,0.));
#4267=DIRECTION('',(0.681998360062498,-2.19355944476783E-17,0.73135370161917));
#4268=DIRECTION('',(4.14069358873484E-17,1.,-8.6194517218548E-18));
#4269=DIRECTION('',(-2.42661858493348E-15,-1.,2.21862270622489E-15));
#4270=DIRECTION('',(1.,-2.42661858493348E-15,0.));
#4271=DIRECTION('',(2.42661858493348E-15,1.,-2.21862270622489E-15));
#4272=DIRECTION('',(-1.,2.42661858493348E-15,0.));
#4273=DIRECTION('',(0.681998360062498,-2.19355944476783E-17,0.73135370161917));
#4274=DIRECTION('',(4.14069358873484E-17,1.,-8.6194517218548E-18));
#4275=DIRECTION('',(-2.42661858493348E-15,-1.,2.21862270622489E-15));
#4276=DIRECTION('',(1.,-2.42661858493348E-15,0.));
#4277=DIRECTION('',(2.42661858493348E-15,1.,-2.21862270622489E-15));
#4278=DIRECTION('',(-1.,2.42661858493348E-15,0.));
#4279=DIRECTION('',(2.42661858493348E-15,1.,-2.21862270622489E-15));
#4280=DIRECTION('',(-1.,2.42661858493348E-15,0.));
#4281=DIRECTION('',(0.,-1.,0.));
#4282=DIRECTION('',(0.,0.,-1.));
#4283=DIRECTION('',(6.12303176911189E-17,1.,-2.71050543121376E-17));
#4284=DIRECTION('',(-1.,6.12303176911189E-17,0.));
#4285=DIRECTION('',(6.12303176911189E-17,1.,-2.71050543121376E-17));
#4286=DIRECTION('',(-1.,6.12303176911189E-17,0.));
#4287=DIRECTION('',(0.681998360062498,-6.15823580552193E-17,-0.73135370161917));
#4288=DIRECTION('',(8.10536994948894E-17,1.,-8.61945172185481E-18));
#4289=DIRECTION('',(-6.12303176911189E-17,-1.,2.71050543121376E-17));
#4290=DIRECTION('',(1.,-6.12303176911189E-17,0.));
#4291=DIRECTION('',(6.12303176911189E-17,1.,-2.71050543121376E-17));
#4292=DIRECTION('',(-1.,6.12303176911189E-17,0.));
#4293=DIRECTION('',(0.681998360062498,-6.15823580552193E-17,-0.73135370161917));
#4294=DIRECTION('',(8.10536994948894E-17,1.,-8.61945172185481E-18));
#4295=DIRECTION('',(-6.12303176911189E-17,-1.,2.71050543121376E-17));
#4296=DIRECTION('',(1.,-6.12303176911189E-17,0.));
#4297=DIRECTION('',(6.12303176911189E-17,1.,-2.71050543121376E-17));
#4298=DIRECTION('',(-1.,6.12303176911189E-17,0.));
#4299=DIRECTION('',(6.12303176911189E-17,1.,-2.71050543121376E-17));
#4300=DIRECTION('',(-1.,6.12303176911189E-17,0.));
#4301=DIRECTION('',(0.681998360062498,-6.15823580552193E-17,-0.73135370161917));
#4302=DIRECTION('',(8.10536994948894E-17,1.,-8.61945172185481E-18));
#4303=DIRECTION('',(-6.12303176911189E-17,-1.,2.71050543121376E-17));
#4304=DIRECTION('',(1.,-6.12303176911189E-17,0.));
#4305=DIRECTION('',(2.195512053035E-15,-1.,2.12618009346548E-15));
#4306=DIRECTION('',(1.,2.195512053035E-15,0.));
#4307=DIRECTION('',(-2.195512053035E-15,1.,-2.12618009346548E-15));
#4308=DIRECTION('',(-1.,-2.195512053035E-15,0.));
#4309=DIRECTION('',(2.195512053035E-15,-1.,2.12618009346548E-15));
#4310=DIRECTION('',(1.,2.195512053035E-15,0.));
#4311=DIRECTION('',(2.195512053035E-15,-1.,2.12618009346548E-15));
#4312=DIRECTION('',(1.,2.195512053035E-15,0.));
#4313=DIRECTION('',(-2.195512053035E-15,1.,-2.12618009346548E-15));
#4314=DIRECTION('',(-1.,-2.195512053035E-15,0.));
#4315=DIRECTION('',(2.195512053035E-15,-1.,2.12618009346548E-15));
#4316=DIRECTION('',(1.,2.195512053035E-15,0.));
#4317=DIRECTION('',(2.195512053035E-15,-1.,2.12618009346548E-15));
#4318=DIRECTION('',(1.,2.195512053035E-15,0.));
#4319=DIRECTION('',(2.195512053035E-15,-1.,2.12618009346548E-15));
#4320=DIRECTION('',(1.,2.195512053035E-15,0.));
#4321=DIRECTION('',(2.195512053035E-15,-1.,2.12618009346548E-15));
#4322=DIRECTION('',(1.,2.195512053035E-15,0.));
#4323=DIRECTION('',(-2.195512053035E-15,1.,-2.12618009346548E-15));
#4324=DIRECTION('',(-1.,-2.195512053035E-15,0.));
#4325=DIRECTION('',(0.,1.,0.));
#4326=DIRECTION('',(0.,0.,1.));
#4327=DIRECTION('',(-0.238791968920382,-0.957134850573706,0.16392459667901));
#4328=DIRECTION('',(0.970259677716737,-0.242066432610995,0.));
#4329=DIRECTION('',(0.248190690555763,-0.953590970119879,0.17048648869421));
#4330=DIRECTION('',(0.967758947572237,0.25187818364018,0.));
#4331=DIRECTION('',(0.0073412431957558,0.108942056994374,-0.994020992920258));
#4332=DIRECTION('',(0.,0.994047779812969,0.108944992766569));
#4333=DIRECTION('',(-0.0461135648114725,1.04986246969526E-11,-0.998936203738947));
#4334=DIRECTION('',(-0.998936203738947,0.,0.0461135648114725));
#4335=DIRECTION('',(-2.42661858493348E-15,-1.,2.21862270622489E-15));
#4336=DIRECTION('',(1.,-2.42661858493348E-15,0.));
#4337=DIRECTION('',(-0.681998360062497,6.59761178964461E-15,-0.731353701619172));
#4338=DIRECTION('',(-0.731353701619172,0.,0.681998360062497));
#4339=DIRECTION('',(-6.12303176911189E-17,-1.,2.71050543121376E-17));
#4340=DIRECTION('',(1.,-6.12303176911189E-17,0.));
#4341=DIRECTION('',(-0.681998360062498,3.06555699316823E-15,0.731353701619171));
#4342=DIRECTION('',(0.731353701619171,0.,0.681998360062498));
#4343=DIRECTION('',(-2.195512053035E-15,1.,-2.12618009346548E-15));
#4344=DIRECTION('',(-1.,-2.195512053035E-15,0.));
#4345=DIRECTION('',(-0.0436211125454398,-1.02932906906314E-11,0.999048146257375));
#4346=DIRECTION('',(0.999048146257375,0.,0.0436211125454398));
#4347=DIRECTION('',(0.00960072249083961,-0.108503686084293,0.994049684992544));
#4348=DIRECTION('',(0.,-0.994095500864223,-0.108508687032468));
#4349=DIRECTION('',(-0.0604905850653081,3.2038014693183E-14,-0.998168767853641));
#4350=DIRECTION('',(-0.998168767853642,0.,0.0604905850653081));
#4351=DIRECTION('',(-2.42661858493348E-15,-1.,2.21862270622489E-15));
#4352=DIRECTION('',(1.,-2.42661858493348E-15,0.));
#4353=DIRECTION('',(-0.681998360062498,-7.65790284553197E-16,-0.731353701619171));
#4354=DIRECTION('',(-0.731353701619171,0.,0.681998360062498));
#4355=DIRECTION('',(-6.12303176911189E-17,-1.,2.71050543121376E-17));
#4356=DIRECTION('',(1.,-6.12303176911189E-17,0.));
#4357=DIRECTION('',(-0.681998360062499,-1.76720834896892E-16,0.73135370161917));
#4358=DIRECTION('',(0.73135370161917,0.,0.681998360062499));
#4359=DIRECTION('',(-2.195512053035E-15,1.,-2.12618009346548E-15));
#4360=DIRECTION('',(-1.,-2.195512053035E-15,0.));
#4361=DIRECTION('',(-0.0579357692891368,-2.38475194314798E-12,0.99832031264363));
#4362=DIRECTION('',(0.99832031264363,0.,0.0579357692891368));
#4363=DIRECTION('',(-0.0604905850652938,1.44616549890647E-14,-0.998168767853642));
#4364=DIRECTION('',(-0.998168767853642,0.,0.0604905850652938));
#4365=DIRECTION('',(-2.42661858493348E-15,-1.,2.21862270622489E-15));
#4366=DIRECTION('',(1.,-2.42661858493348E-15,0.));
#4367=DIRECTION('',(-0.681998360062499,-7.65790284553205E-16,-0.73135370161917));
#4368=DIRECTION('',(-0.73135370161917,0.,0.681998360062499));
#4369=DIRECTION('',(-6.12303176911189E-17,-1.,2.71050543121376E-17));
#4370=DIRECTION('',(1.,-6.12303176911189E-17,0.));
#4371=DIRECTION('',(-0.681998360062498,1.64939445903767E-15,0.731353701619171));
#4372=DIRECTION('',(0.731353701619171,0.,0.681998360062498));
#4373=DIRECTION('',(-2.195512053035E-15,1.,-2.12618009346548E-15));
#4374=DIRECTION('',(-1.,-2.195512053035E-15,0.));
#4375=DIRECTION('',(-0.057935769289132,-2.38345599035877E-12,0.998320312643631));
#4376=DIRECTION('',(0.998320312643631,0.,0.057935769289132));
#4377=DIRECTION('',(-0.00118037853597059,0.,-0.999999303353013));
#4378=DIRECTION('',(-0.999999303353013,0.,0.00118037853597059));
#4379=DIRECTION('',(0.,-1.,0.));
#4380=DIRECTION('',(0.,1.,0.));
#4381=DIRECTION('',(0.,-1.,0.));
#4382=DIRECTION('',(0.,-1.,0.));
#4383=DIRECTION('',(-0.951401407109444,0.,0.307953507124323));
#4384=DIRECTION('',(0.307953507124323,0.,0.951401407109444));
#4385=DIRECTION('',(0.,-1.,0.));
#4386=DIRECTION('',(0.,1.,0.));
#4387=DIRECTION('',(0.,-1.,0.));
#4388=DIRECTION('',(-0.951222818948762,0.,-0.308504698037437));
#4389=DIRECTION('',(-0.308504698037437,0.,0.951222818948762));
#4390=DIRECTION('',(0.,-1.,0.));
#4391=DIRECTION('',(0.,1.,0.));
#4392=DIRECTION('',(0.,-1.,0.));
#4393=DIRECTION('',(0.,-1.,0.));
#4394=DIRECTION('',(0.,1.,0.));
#4395=DIRECTION('',(0.,0.,1.));
#4396=DIRECTION('',(0.,1.,0.));
#4397=DIRECTION('',(0.,0.,1.));
#4398=DIRECTION('',(0.,-1.,0.));
#4399=DIRECTION('',(0.,0.,-1.));
#4400=DIRECTION('',(0.,1.,0.));
#4401=DIRECTION('',(0.,0.,1.));
#4402=DIRECTION('',(0.,-1.,0.));
#4403=DIRECTION('',(0.,0.,-1.));
#4404=DIRECTION('',(0.,1.,0.));
#4405=DIRECTION('',(0.,0.,1.));
#4406=DIRECTION('',(0.,-1.,0.));
#4407=DIRECTION('',(0.,0.,-1.));
#4408=DIRECTION('',(0.,1.,0.));
#4409=DIRECTION('',(0.,0.,1.));
#4410=DIRECTION('',(0.588480381949918,0.,0.808511496554055));
#4411=DIRECTION('',(0.808511496554055,0.,-0.588480381949918));
#4412=DIRECTION('',(0.,1.,0.));
#4413=DIRECTION('',(0.,-1.,0.));
#4414=DIRECTION('',(-0.587760024844543,0.,0.809035322587798));
#4415=DIRECTION('',(0.809035322587798,0.,0.587760024844543));
#4416=DIRECTION('',(0.,1.,0.));
#4417=DIRECTION('',(0.,1.,0.));
#4418=DIRECTION('',(0.,1.,0.));
#4419=DIRECTION('',(0.,0.,1.));
#4420=DIRECTION('',(0.,-1.,0.));
#4421=DIRECTION('',(0.,0.,-1.));
#4422=DIRECTION('',(0.,-1.,0.));
#4423=DIRECTION('',(0.,0.,-1.));
#4424=DIRECTION('',(0.,-1.,0.));
#4425=DIRECTION('',(0.,0.,-1.));
#4426=DIRECTION('',(0.,1.,0.));
#4427=DIRECTION('',(0.,0.,1.));
#4428=DIRECTION('',(0.,1.,0.));
#4429=DIRECTION('',(0.,0.,1.));
#4430=DIRECTION('',(0.,1.,0.));
#4431=DIRECTION('',(0.,0.,1.));
#4432=DIRECTION('',(0.,-1.,0.));
#4433=DIRECTION('',(0.,0.,-1.));
#4434=DIRECTION('',(0.,1.,0.));
#4435=DIRECTION('',(0.,0.,1.));
#4436=DIRECTION('',(0.,-1.,0.));
#4437=DIRECTION('',(0.,0.,-1.));
#4438=DIRECTION('',(-1.0322009362489E-16,0.,1.));
#4439=DIRECTION('',(1.,0.,1.0322009362489E-16));
#4440=DIRECTION('',(-1.0322009362489E-16,0.,1.));
#4441=DIRECTION('',(1.,0.,1.0322009362489E-16));
#4442=DIRECTION('',(1.,0.,0.));
#4443=DIRECTION('',(-1.0322009362489E-16,0.,1.));
#4444=DIRECTION('',(1.,0.,1.0322009362489E-16));
#4445=DIRECTION('',(-1.0322009362489E-16,0.,1.));
#4446=DIRECTION('',(1.,0.,1.0322009362489E-16));
#4447=DIRECTION('',(-1.,0.,0.));
#4448=DIRECTION('',(-1.0322009362489E-16,0.,1.));
#4449=DIRECTION('',(1.,0.,1.0322009362489E-16));
#4450=DIRECTION('',(0.898686938260734,0.,0.438590682755059));
#4451=DIRECTION('',(0.438590682755059,0.,-0.898686938260734));
#4452=DIRECTION('',(0.,-1.,0.));
#4453=DIRECTION('',(0.438590682755062,0.,-0.898686938260732));
#4454=DIRECTION('',(0.,1.,0.));
#4455=DIRECTION('',(0.,1.,0.));
#4456=DIRECTION('',(-0.438590682755059,0.,0.898686938260734));
#4457=DIRECTION('',(0.,-1.,0.));
#4458=DIRECTION('',(0.,0.,-1.));
#4459=DIRECTION('',(0.,1.,0.));
#4460=DIRECTION('',(0.,0.,1.));
#4461=DIRECTION('',(0.,-0.999989210613814,0.00464528319496356));
#4462=DIRECTION('',(0.,-0.00464528319496356,-0.999989210613814));
#4463=DIRECTION('',(0.,0.00464528319496847,0.999989210613814));
#4464=DIRECTION('',(0.,-0.999989210613814,0.00464528319496847));
#4465=DIRECTION('',(0.,-1.,-4.13029399042097E-16));
#4466=DIRECTION('',(0.,4.13029399042097E-16,-1.));
#4467=DIRECTION('',(0.,1.,0.));
#4468=DIRECTION('',(0.,0.,1.));
#4469=DIRECTION('',(0.,0.00464528319496162,0.999989210613814));
#4470=DIRECTION('',(0.,-0.999989210613814,0.00464528319496162));
#4471=DIRECTION('',(0.,0.999989210613814,-0.00464528319496357));
#4472=DIRECTION('',(0.,-0.00464528319496357,-0.999989210613814));
#4473=DIRECTION('',(0.,-1.,0.));
#4474=DIRECTION('',(0.,0.,-1.));
#4475=DIRECTION('',(0.,-1.,0.));
#4476=DIRECTION('',(0.,1.,0.));
#4477=DIRECTION('',(0.,0.,1.));
#4478=DIRECTION('',(0.,-1.,0.));
#4479=DIRECTION('',(0.,0.,-1.));
#4480=DIRECTION('',(0.,1.,0.));
#4481=DIRECTION('',(0.,0.,1.));
#4482=DIRECTION('',(0.,1.,0.));
#4483=DIRECTION('',(0.,0.,1.));
#4484=DIRECTION('',(0.,-1.,0.));
#4485=DIRECTION('',(0.,0.,-1.));
#4486=DIRECTION('',(0.,1.,0.));
#4487=DIRECTION('',(0.,0.,1.));
#4488=DIRECTION('',(0.,-1.,0.));
#4489=DIRECTION('',(0.,0.,-1.));
#4490=DIRECTION('',(0.,1.,0.));
#4491=DIRECTION('',(0.,0.,1.));
#4492=DIRECTION('',(0.,1.,0.));
#4493=DIRECTION('',(0.,0.,1.));
#4494=DIRECTION('',(0.471660733199593,0.,-0.881780104537193));
#4495=DIRECTION('',(0.,1.,0.));
#4496=DIRECTION('',(0.,0.,1.));
#4497=DIRECTION('',(0.,0.,1.));
#4498=DIRECTION('',(0.,0.,1.));
#4499=DIRECTION('',(0.881780104537193,0.,0.471660733199593));
#4500=DIRECTION('',(0.471660733199593,0.,-0.881780104537193));
#4501=DIRECTION('',(0.,1.,0.));
#4502=DIRECTION('',(0.,1.,0.));
#4503=DIRECTION('',(0.,1.,0.));
#4504=DIRECTION('',(0.,0.,1.));
#4505=DIRECTION('',(0.,1.,0.));
#4506=DIRECTION('',(0.,0.,1.));
#4507=DIRECTION('',(0.473692815040809,0.,0.880690136755666));
#4508=DIRECTION('',(0.,1.,0.));
#4509=DIRECTION('',(0.,0.,1.));
#4510=DIRECTION('',(-0.880690136755666,0.,0.473692815040809));
#4511=DIRECTION('',(0.473692815040809,0.,0.880690136755666));
#4512=DIRECTION('',(0.,1.,0.));
#4513=DIRECTION('',(0.,1.,0.));
#4514=DIRECTION('',(0.,-1.,0.));
#4515=DIRECTION('',(0.,0.,-1.));
#4516=DIRECTION('',(0.,1.,0.));
#4517=DIRECTION('',(0.,0.,1.));
#4518=DIRECTION('',(0.,-1.,0.));
#4519=DIRECTION('',(0.,0.,-1.));
#4520=DIRECTION('',(0.,-1.,0.));
#4521=DIRECTION('',(0.,0.,-1.));
#4522=DIRECTION('',(0.,0.,-1.));
#4523=DIRECTION('',(-1.,0.,0.));
#4524=DIRECTION('',(0.,0.,-1.));
#4525=DIRECTION('',(-1.,0.,0.));
#4526=DIRECTION('',(0.,-1.,4.71905189329925E-17));
#4527=DIRECTION('',(0.,-4.71905189329925E-17,-1.));
#4528=DIRECTION('',(1.,0.,0.));
#4529=DIRECTION('',(0.,1.,3.65838880109104E-16));
#4530=DIRECTION('',(0.,-3.65838880109104E-16,1.));
#4531=DIRECTION('',(1.,0.,0.));
#4532=DIRECTION('',(0.,0.00464528319496348,0.999989210613814));
#4533=DIRECTION('',(0.,-0.999989210613814,0.00464528319496348));
#4534=DIRECTION('',(0.,0.00464528319496348,0.999989210613814));
#4535=DIRECTION('',(0.,-0.999989210613814,0.00464528319496348));
#4536=DIRECTION('',(0.440584040991114,0.005174587580219,0.897696455639274));
#4537=DIRECTION('',(0.897708474400857,0.,-0.440589939727277));
#4538=DIRECTION('',(1.,0.,0.));
#4539=DIRECTION('',(0.,0.,-1.));
#4540=DIRECTION('',(-0.440586108805106,-0.0041701188240955,-0.89770066884066));
#4541=DIRECTION('',(-0.897708474400857,0.,0.440589939727277));
#4542=DIRECTION('',(-0.528873279337732,0.0039424555815312,0.848691646857998));
#4543=DIRECTION('',(-0.848700803818727,-0.00245676615677284,-0.528867573119678));
#4544=DIRECTION('',(-0.440585130465785,-0.00467235379144566,-0.89769867545992));
#4545=DIRECTION('',(-0.00205859207530485,0.99998908449545,-0.0041944115938391));
#4546=DIRECTION('',(-0.440584040991114,-0.00517458758021843,-0.897696455639274));
#4547=DIRECTION('',(-0.897708474400857,0.,0.440589939727277));
#4548=DIRECTION('',(-1.,0.,0.));
#4549=DIRECTION('',(0.,0.,1.));
#4550=DIRECTION('',(0.,1.,0.));
#4551=DIRECTION('',(0.,0.,1.));
#4552=DIRECTION('',(0.285477551348795,0.,0.958385396213807));
#4553=DIRECTION('',(-1.,0.,0.));
#4554=DIRECTION('',(0.,0.,1.));
#4555=DIRECTION('',(-1.,0.,0.));
#4556=DIRECTION('',(-1.,0.,0.));
#4557=DIRECTION('',(0.,0.,1.));
#4558=DIRECTION('',(0.,-1.,-2.25288763113871E-16));
#4559=DIRECTION('',(-1.,0.,0.));
#4560=DIRECTION('',(0.,0.,1.));
#4561=DIRECTION('',(0.,-1.54197642309049E-15,1.));
#4562=DIRECTION('',(-1.,0.,0.));
#4563=DIRECTION('',(0.,0.,1.));
#4564=DIRECTION('',(0.,1.,1.12644381556936E-16));
#4565=DIRECTION('',(-1.,0.,0.));
#4566=DIRECTION('',(0.,0.,1.));
#4567=DIRECTION('',(0.,0.,-1.));
#4568=DIRECTION('',(-1.,0.,0.));
#4569=DIRECTION('',(0.,0.,1.));
#4570=DIRECTION('',(-1.,0.,0.));
#4571=DIRECTION('',(0.,0.,1.));
#4572=DIRECTION('',(0.,-8.94187358750932E-17,1.));
#4573=DIRECTION('',(0.,-1.,0.));
#4574=DIRECTION('',(-1.,0.,0.));
#4575=DIRECTION('',(0.,0.,1.));
#4576=DIRECTION('',(0.,1.,0.));
#4577=DIRECTION('',(0.,0.,1.));
#4578=DIRECTION('',(1.,0.,0.));
#4579=DIRECTION('',(1.,0.,0.));
#4580=DIRECTION('',(0.,2.25288763113871E-16,-1.));
#4581=DIRECTION('',(0.,1.,2.25288763113871E-16));
#4582=DIRECTION('',(1.,0.,0.));
#4583=DIRECTION('',(1.,0.,0.));
#4584=DIRECTION('',(0.,-1.,-1.54197642309049E-15));
#4585=DIRECTION('',(0.,1.54197642309049E-15,-1.));
#4586=DIRECTION('',(1.,0.,0.));
#4587=DIRECTION('',(1.,0.,0.));
#4588=DIRECTION('',(0.,-1.12644381556936E-16,1.));
#4589=DIRECTION('',(0.,-1.,-1.12644381556936E-16));
#4590=DIRECTION('',(1.,0.,0.));
#4591=DIRECTION('',(1.,0.,0.));
#4592=DIRECTION('',(-0.958385396213807,0.,0.285477551348795));
#4593=DIRECTION('',(0.285477551348795,0.,0.958385396213807));
#4594=DIRECTION('',(0.285477551348795,0.,0.958385396213807));
#4595=DIRECTION('',(0.,1.,0.));
#4596=DIRECTION('',(-0.958385396213807,0.,0.285477551348795));
#4597=DIRECTION('',(-0.285477551348795,0.,-0.958385396213807));
#4598=DIRECTION('',(0.,-1.,-8.94187358750932E-17));
#4599=DIRECTION('',(0.,8.94187358750932E-17,-1.));
#4600=DIRECTION('',(1.,0.,0.));
#4601=DIRECTION('',(0.,8.94187358750932E-17,-1.));
#4602=DIRECTION('',(0.,-8.94187358750932E-17,1.));
#4603=DIRECTION('',(1.,0.,0.));
#4604=DIRECTION('',(1.,0.,0.));
#4605=DIRECTION('',(0.,0.,-1.));
#4606=DIRECTION('',(0.,8.94187358750932E-17,-1.));
#4607=DIRECTION('',(1.,0.,0.));
#4608=DIRECTION('',(0.,0.,-1.));
#4609=DIRECTION('',(0.,-1.,-8.94187358750932E-17));
#4610=DIRECTION('',(0.,8.94187358750932E-17,-1.));
#4611=DIRECTION('',(0.,0.,-1.));
#4612=DIRECTION('',(-1.,0.,0.));
#4613=DIRECTION('',(0.,8.94187358750932E-17,-1.));
#4614=DIRECTION('',(0.,1.,8.94187358750932E-17));
#4615=DIRECTION('',(0.,-8.94187358750932E-17,1.));
#4616=DIRECTION('',(0.,-1.,-8.94187358750932E-17));
#4617=DIRECTION('',(0.707106781186547,-6.32285945024072E-17,0.707106781186547));
#4618=DIRECTION('',(-0.707106781186547,-6.32285945024072E-17,0.707106781186547));
#4619=DIRECTION('',(-1.,0.,0.));
#4620=DIRECTION('',(0.,0.,1.));
#4621=DIRECTION('',(-1.,0.,0.));
#4622=DIRECTION('',(0.,0.,1.));
#4623=DIRECTION('',(-1.,0.,0.));
#4624=DIRECTION('',(0.,0.,1.));
#4625=DIRECTION('',(-1.,0.,0.));
#4626=DIRECTION('',(0.,0.,1.));
#4627=DIRECTION('',(-1.,0.,0.));
#4628=DIRECTION('',(0.,0.,1.));
#4629=DIRECTION('',(0.,0.,-1.));
#4630=DIRECTION('',(-1.,0.,0.));
#4631=DIRECTION('',(0.,0.,1.));
#4632=DIRECTION('',(0.,1.,0.));
#4633=DIRECTION('',(0.,0.,-1.));
#4634=DIRECTION('',(0.,-1.,0.));
#4635=DIRECTION('',(0.,0.,-1.));
#4636=DIRECTION('',(-1.,0.,0.));
#4637=DIRECTION('',(0.,-1.,0.));
#4638=DIRECTION('',(0.,0.,-1.));
#4639=DIRECTION('',(0.,0.,-1.));
#4640=DIRECTION('',(-1.,0.,0.));
#4641=DIRECTION('',(0.,0.,1.));
#4642=DIRECTION('',(0.,1.,0.));
#4643=DIRECTION('',(0.,0.,-1.));
#4644=DIRECTION('',(0.,1.,0.));
#4645=DIRECTION('',(0.,0.,1.));
#4646=DIRECTION('',(0.,1.,0.));
#4647=DIRECTION('',(0.,0.,1.));
#4648=DIRECTION('',(1.,0.,0.));
#4649=DIRECTION('',(0.,0.,-1.));
#4650=DIRECTION('',(1.,0.,0.));
#4651=DIRECTION('',(0.,0.,-1.));
#4652=DIRECTION('',(0.,-1.,0.));
#4653=DIRECTION('',(1.,0.,0.));
#4654=DIRECTION('',(0.,0.,-1.));
#4655=DIRECTION('',(0.,0.,-1.));
#4656=DIRECTION('',(0.,-1.,0.));
#4657=DIRECTION('',(0.,0.,-1.));
#4658=DIRECTION('',(-1.,0.,0.));
#4659=DIRECTION('',(0.,0.,1.));
#4660=DIRECTION('',(1.,0.,0.));
#4661=DIRECTION('',(-1.,0.,0.));
#4662=DIRECTION('',(0.,1.,0.));
#4663=DIRECTION('',(0.,1.,0.));
#4664=DIRECTION('',(0.,0.,1.));
#4665=DIRECTION('',(-1.,0.,0.));
#4666=DIRECTION('',(0.,0.,1.));
#4667=DIRECTION('',(-1.,0.,0.));
#4668=DIRECTION('',(0.,0.,1.));
#4669=DIRECTION('',(1.,0.,0.));
#4670=DIRECTION('',(0.,0.,-1.));
#4671=DIRECTION('',(0.,1.,0.));
#4672=DIRECTION('',(0.,0.,1.));
#4673=DIRECTION('',(0.,1.,0.));
#4674=DIRECTION('',(0.,0.,1.));
#4675=DIRECTION('',(0.,-1.,0.));
#4676=DIRECTION('',(0.,0.,-1.));
#4677=DIRECTION('',(0.,-1.,0.));
#4678=DIRECTION('',(0.,0.,-1.));
#4679=CARTESIAN_POINT('',(0.,0.,0.));
#4680=CARTESIAN_POINT('',(0.0268856451896838,56.,19.7771224573866));
#4681=CARTESIAN_POINT('',(0.0268856451896838,64.,19.7771224573866));
#4682=CARTESIAN_POINT('',(0.0268856451896838,64.,21.0066224573867));
#4683=CARTESIAN_POINT('',(0.0268856451896838,59.69,19.7771224573866));
#4684=CARTESIAN_POINT('',(0.0268856451896838,59.69,21.0066224573867));
#4685=CARTESIAN_POINT('',(3.90312782094782E-15,64.,-7.77753756827473));
#4686=CARTESIAN_POINT('',(-0.64036911132077,50.,19.2424127352652));
#4687=CARTESIAN_POINT('',(-0.64036911132072,55.,19.2424127352652));
#4688=CARTESIAN_POINT('',(-0.64036911132077,0.,19.2424127352652));
#4689=CARTESIAN_POINT('',(3.46944695195361E-15,55.,-7.77753756827473));
#4690=CARTESIAN_POINT('',(0.647513639390917,55.,19.2422424658281));
#4691=CARTESIAN_POINT('',(0.647513639390961,50.,19.2422424658281));
#4692=CARTESIAN_POINT('',(0.647513639390961,0.,19.2422424658281));
#4693=CARTESIAN_POINT('',(3.90312782094782E-15,0.,-7.77753756827473));
#4694=CARTESIAN_POINT('',(-21.0075797145773,64.,3.48170411994668));
#4695=CARTESIAN_POINT('',(-20.5167857070669,31.21,4.48170411994668));
#4696=CARTESIAN_POINT('',(-21.0075797145773,31.21,3.48170411994668));
#4697=CARTESIAN_POINT('',(-20.6076526866243,32.1927116268305,4.29656131427476));
#4698=CARTESIAN_POINT('',(-20.6076526866243,64.,4.29656131427476));
#4699=CARTESIAN_POINT('',(-20.6076526866243,41.91,4.29656131427476));
#4700=CARTESIAN_POINT('',(-21.0075797145773,41.91,3.48170411994668));
#4701=CARTESIAN_POINT('',(-20.4448346968628,41.91,4.62830536018806));
#4702=CARTESIAN_POINT('',(-20.4448346968628,64.,4.62830536018806));
#4703=CARTESIAN_POINT('',(-20.4448346968628,32.21,4.62830536018806));
#4704=CARTESIAN_POINT('',(-21.0075797145773,32.21,3.48170411994668));
#4705=CARTESIAN_POINT('',(-15.0728332264509,32.21,15.5738372701262));
#4706=CARTESIAN_POINT('',(-15.0728332264509,50.,15.5738372701262));
#4707=CARTESIAN_POINT('',(-15.0728332264509,27.8311595554455,15.5738372701262));
#4708=CARTESIAN_POINT('',(-19.6061683755906,27.7882518335188,6.33710030967474));
#4709=CARTESIAN_POINT('',(-20.5031832312078,27.7797616463337,4.5094193643281));
#4710=CARTESIAN_POINT('',(-21.0098595857287,27.7738108153291,3.47705884898473));
#4711=CARTESIAN_POINT('',(-21.0075646238765,27.7738377692811,3.48173486747125));
#4712=CARTESIAN_POINT('',(-20.5167857070669,27.7816795869111,4.48170411994668));
#4713=CARTESIAN_POINT('',(-21.0075797145773,27.7816795869111,3.48170411994668));
#4714=CARTESIAN_POINT('',(-21.0075797145773,64.,3.48170411994668));
#4715=CARTESIAN_POINT('',(-21.0075797145773,64.,3.48170411994668));
#4716=CARTESIAN_POINT('',(-16.2225670967264,56.,13.2312376200051));
#4717=CARTESIAN_POINT('',(-16.2225670967264,64.,13.2312376200051));
#4718=CARTESIAN_POINT('',(-16.2225670967264,55.,13.2312376200051));
#4719=CARTESIAN_POINT('',(-16.2225670967264,55.,13.2312376200051));
#4720=CARTESIAN_POINT('',(-15.0728332264509,55.,15.5738372701262));
#4721=CARTESIAN_POINT('',(-15.0728332264509,50.,15.5738372701262));
#4722=CARTESIAN_POINT('',(-15.0728332264509,42.91,15.5738372701262));
#4723=CARTESIAN_POINT('',(-21.0075797145773,42.91,3.48170411994668));
#4724=CARTESIAN_POINT('',(-20.0075797145773,42.91,5.51921880981122));
#4725=CARTESIAN_POINT('',(-20.0075797145773,43.91,5.51921880981122));
#4726=CARTESIAN_POINT('',(-21.0075797145773,43.91,3.48170411994668));
#4727=CARTESIAN_POINT('',(-21.0075797145773,61.,3.48170411994668));
#4728=CARTESIAN_POINT('',(-21.0075797145773,60.,3.48170411994668));
#4729=CARTESIAN_POINT('',(-20.0075797145773,60.,5.51921880981122));
#4730=CARTESIAN_POINT('',(-20.0075797145773,61.,5.51921880981122));
#4731=CARTESIAN_POINT('',(-21.0075797145773,61.,3.48170411994668));
#4732=CARTESIAN_POINT('',(-18.3892059998375,61.,8.81667902728424));
#4733=CARTESIAN_POINT('',(-18.3892059998375,64.,8.81667902728424));
#4734=CARTESIAN_POINT('',(-18.3892059998375,64.,8.81667902728424));
#4735=CARTESIAN_POINT('',(-21.0075797145773,64.,3.48170411994668));
#4736=CARTESIAN_POINT('',(21.3322358651167,64.,3.48170411994668));
#4737=CARTESIAN_POINT('',(17.9924202854227,49.,3.48170411994668));
#4738=CARTESIAN_POINT('',(17.9924202854227,49.,3.48170411994668));
#4739=CARTESIAN_POINT('',(17.9924202854227,57.,3.48170411994668));
#4740=CARTESIAN_POINT('',(17.9924202854227,57.,3.48170411994668));
#4741=CARTESIAN_POINT('',(9.9924202854227,57.,3.48170411994668));
#4742=CARTESIAN_POINT('',(9.9924202854227,58.,3.48170411994668));
#4743=CARTESIAN_POINT('',(9.9924202854227,58.,3.48170411994668));
#4744=CARTESIAN_POINT('',(18.9924202854227,58.,3.48170411994668));
#4745=CARTESIAN_POINT('',(18.9924202854227,58.,3.48170411994668));
#4746=CARTESIAN_POINT('',(18.9924202854227,49.,3.48170411994668));
#4747=CARTESIAN_POINT('',(18.9924202854227,49.,3.48170411994668));
#4748=CARTESIAN_POINT('',(17.9924202854227,49.,3.48170411994668));
#4749=CARTESIAN_POINT('',(-16.0063220724303,61.,3.48170411994668));
#4750=CARTESIAN_POINT('',(-16.0063220724303,43.91,3.48170411994668));
#4751=CARTESIAN_POINT('',(-16.0063220724303,60.,3.48170411994668));
#4752=CARTESIAN_POINT('',(21.3322358651167,43.91,3.48170411994668));
#4753=CARTESIAN_POINT('',(-13.0075797145773,43.91,3.48170411994668));
#4754=CARTESIAN_POINT('',(-13.0075797145773,64.,3.48170411994668));
#4755=CARTESIAN_POINT('',(-13.0075797145773,31.21,3.48170411994668));
#4756=CARTESIAN_POINT('',(21.3322358651167,31.21,3.48170411994668));
#4757=CARTESIAN_POINT('',(21.3322358651167,27.7816795869111,3.48170411994668));
#4758=CARTESIAN_POINT('',(-13.0075797145773,27.7816795869111,3.48170411994668));
#4759=CARTESIAN_POINT('',(-13.0075797145773,64.,3.48170411994668));
#4760=CARTESIAN_POINT('',(-13.0075797145773,16.581558744482,3.48170411994668));
#4761=CARTESIAN_POINT('',(-19.5833599498824,16.581558744482,3.48170411994668));
#4762=CARTESIAN_POINT('',(-21.0075449988033,16.581558744482,3.48170411994668));
#4763=CARTESIAN_POINT('',(-19.8936323379889,16.5762034216602,3.48170411994668));
#4764=CARTESIAN_POINT('',(-21.0075797145773,16.5736637310825,3.48170411994668));
#4765=CARTESIAN_POINT('',(-21.0075797145773,64.,3.48170411994668));
#4766=CARTESIAN_POINT('',(-21.0075797145773,0.,3.48170411994668));
#4767=CARTESIAN_POINT('',(21.3322358651167,0.,3.48170411994668));
#4768=CARTESIAN_POINT('',(20.9791372944589,0.,3.48170411994668));
#4769=CARTESIAN_POINT('',(20.9791372944589,64.,3.48170411994668));
#4770=CARTESIAN_POINT('',(20.9791372944589,61.,3.48170411994668));
#4771=CARTESIAN_POINT('',(20.9791372944589,61.,3.48170411994668));
#4772=CARTESIAN_POINT('',(15.3815296195302,61.,3.48170411994668));
#4773=CARTESIAN_POINT('',(15.3815296195302,64.,3.48170411994668));
#4774=CARTESIAN_POINT('',(15.3815296195302,64.,3.48170411994668));
#4775=CARTESIAN_POINT('',(21.3322358651167,64.,3.48170411994668));
#4776=CARTESIAN_POINT('',(-15.4084062198683,64.,3.48170411994668));
#4777=CARTESIAN_POINT('',(-15.4084062198683,61.,3.48170411994668));
#4778=CARTESIAN_POINT('',(-15.4084062198683,61.,3.48170411994668));
#4779=CARTESIAN_POINT('',(21.3322358651167,61.,3.48170411994668));
#4780=CARTESIAN_POINT('',(-17.0063220724303,61.,3.48170411994668));
#4781=CARTESIAN_POINT('',(-17.0063220724303,60.,3.48170411994668));
#4782=CARTESIAN_POINT('',(-21.0075797145773,61.,2.48170411994668));
#4783=CARTESIAN_POINT('',(-21.0075797145773,43.91,2.48170411994668));
#4784=CARTESIAN_POINT('',(-21.0075797145773,43.91,2.48170411994668));
#4785=CARTESIAN_POINT('',(-21.0075797145773,61.,2.48170411994668));
#4786=CARTESIAN_POINT('',(-21.0075797145773,60.,2.48170411994668));
#4787=CARTESIAN_POINT('',(-21.0075797145773,60.,3.48170411994668));
#4788=CARTESIAN_POINT('',(-16.0063220724303,61.,2.48170411994668));
#4789=CARTESIAN_POINT('',(-16.0063220724303,61.,2.48170411994668));
#4790=CARTESIAN_POINT('',(-16.0063220724303,43.91,2.48170411994668));
#4791=CARTESIAN_POINT('',(-16.0063220724303,60.,2.48170411994668));
#4792=CARTESIAN_POINT('',(-16.0063220724303,43.91,3.48170411994668));
#4793=CARTESIAN_POINT('',(-16.0063220724303,60.,2.48170411994668));
#4794=CARTESIAN_POINT('',(-0.00253966204551268,36.,-2.15156426423374));
#4795=CARTESIAN_POINT('',(-0.00253966204551268,33.21,-2.15156426423374));
#4796=CARTESIAN_POINT('',(-23.8799839572639,33.21,7.3990787400066));
#4797=CARTESIAN_POINT('',(-23.3722653270775,33.21,8.58170411994669));
#4798=CARTESIAN_POINT('',(-23.8799839572639,64.,7.39907874000659));
#4799=CARTESIAN_POINT('',(-23.8799839572639,26.,7.39907874000659));
#4800=CARTESIAN_POINT('',(-23.8799839572639,26.,7.39907874000659));
#4801=CARTESIAN_POINT('',(-23.8799839572639,26.1689028411862,7.39907874000659));
#4802=CARTESIAN_POINT('',(-23.8032138418714,26.4580120965107,7.59134748054579));
#4803=CARTESIAN_POINT('',(-23.5887794593781,26.8180047759651,8.10427456807833));
#4804=CARTESIAN_POINT('',(-23.2778953968082,27.1305485718325,8.79822334785594));
#4805=CARTESIAN_POINT('',(-22.8595777968031,27.4211171742998,9.64689444333838));
#4806=CARTESIAN_POINT('',(-22.4081647032334,27.6590575337908,10.4832151175327));
#4807=CARTESIAN_POINT('',(-21.9232237226991,27.864442229811,11.307144586244));
#4808=CARTESIAN_POINT('',(-21.2333471788966,28.1063094842474,12.3852359561749));
#4809=CARTESIAN_POINT('',(-20.2892000722427,28.363838933715,13.6934655271652));
#4810=CARTESIAN_POINT('',(-19.0292280444514,28.6238921383559,15.1860408849121));
#4811=CARTESIAN_POINT('',(-17.6740921918538,28.8424937460502,16.564871229274));
#4812=CARTESIAN_POINT('',(-16.2194174151565,29.0300443306479,17.8385781999268));
#4813=CARTESIAN_POINT('',(-14.148181827116,29.2456064380846,19.3942709715542));
#4814=CARTESIAN_POINT('',(-11.3137515085314,29.4579810928713,21.053354037421));
#4815=CARTESIAN_POINT('',(-7.7157431086333,29.6296921768788,22.4840964422362));
#4816=CARTESIAN_POINT('',(-3.8705141474491,29.7325365747225,23.3746046766988));
#4817=CARTESIAN_POINT('',(0.0516186198970024,29.7656947876275,23.6645021930747));
#4818=CARTESIAN_POINT('',(3.95577479070978,29.7316459655306,23.3577170077371));
#4819=CARTESIAN_POINT('',(7.74715170631687,29.630693921312,22.4740419102148));
#4820=CARTESIAN_POINT('',(11.4052072987914,29.4554094491868,21.006018107353));
#4821=CARTESIAN_POINT('',(14.1785388785553,29.2468842797004,19.3704960517261));
#4822=CARTESIAN_POINT('',(16.2685660557713,29.0294103956732,17.795466218868));
#4823=CARTESIAN_POINT('',(17.7303318421494,28.8400716008814,16.5069858512417));
#4824=CARTESIAN_POINT('',(19.078422294751,28.6212710805698,15.1256100086724));
#4825=CARTESIAN_POINT('',(20.3168119209131,28.3646057149451,13.6505421298316));
#4826=CARTESIAN_POINT('',(21.2556365181186,28.1085660521307,12.3455649334311));
#4827=CARTESIAN_POINT('',(21.94981087376,27.8645603707135,11.2556380379978));
#4828=CARTESIAN_POINT('',(22.4361443191564,27.657663150155,10.4246086867439));
#4829=CARTESIAN_POINT('',(22.8881174150232,27.4175505059263,9.5815152046055));
#4830=CARTESIAN_POINT('',(23.3020378379038,27.1278473634387,8.73589104483941));
#4831=CARTESIAN_POINT('',(23.61238756629,26.8122817289537,8.03796625722361));
#4832=CARTESIAN_POINT('',(23.8226205987283,26.45367704472,7.53121260618154));
#4833=CARTESIAN_POINT('',(23.8973848289043,26.1669395172652,7.34268332009859));
#4834=CARTESIAN_POINT('',(23.8973848289043,26.,7.3426833200986));
#4835=CARTESIAN_POINT('',(23.8973848289043,26.,7.3426833200985));
#4836=CARTESIAN_POINT('',(23.8973848289043,36.,7.34268332009851));
#4837=CARTESIAN_POINT('',(23.8973848289043,39.,7.34268332009851));
#4838=CARTESIAN_POINT('',(-0.00253966204551268,39.,-2.15156426423374));
#4839=CARTESIAN_POINT('',(-22.8865415168456,39.,9.58170411994669));
#4840=CARTESIAN_POINT('',(-22.8865415168456,36.,9.58170411994668));
#4841=CARTESIAN_POINT('',(-22.8865415168456,34.21,9.58170411994668));
#4842=CARTESIAN_POINT('',(-22.8865415168456,34.21,9.58170411994668));
#4843=CARTESIAN_POINT('',(-22.8865415168456,33.9308690743606,9.58170411994668));
#4844=CARTESIAN_POINT('',(-23.0148525847624,33.401083186037,9.33429694537865));
#4845=CARTESIAN_POINT('',(-23.2560665718359,33.21,8.83470562288284));
#4846=CARTESIAN_POINT('',(-23.3722653270775,33.21,8.58170411994669));
#4847=CARTESIAN_POINT('',(-5.73119614974334,64.,1.77577889760158));
#4848=CARTESIAN_POINT('',(-5.73119614974334,33.21,1.77577889760158));
#4849=CARTESIAN_POINT('',(-24.2368441518959,33.21,6.08170411994668));
#4850=CARTESIAN_POINT('',(-24.2368441518959,33.21,6.08170411994668));
#4851=CARTESIAN_POINT('',(-24.2973356890715,33.21,5.82172861264525));
#4852=CARTESIAN_POINT('',(-24.4034005140015,33.4203154309055,5.30655395746449));
#4853=CARTESIAN_POINT('',(-24.4413767588198,33.9429064655751,5.08170411994668));
#4854=CARTESIAN_POINT('',(-24.4413767588198,34.21,5.08170411994668));
#4855=CARTESIAN_POINT('',(-24.4413767588198,34.21,5.08170411994669));
#4856=CARTESIAN_POINT('',(-24.4413767588198,64.,5.08170411994669));
#4857=CARTESIAN_POINT('',(-24.4413767588198,39.91,5.08170411994669));
#4858=CARTESIAN_POINT('',(-24.4413767588198,39.91,5.08170411994668));
#4859=CARTESIAN_POINT('',(-24.4413767588198,40.1769971853385,5.08170411994668));
#4860=CARTESIAN_POINT('',(-24.4036183962758,40.6986611583074,5.3054332559972));
#4861=CARTESIAN_POINT('',(-24.2973188685555,40.91,5.82180090246272));
#4862=CARTESIAN_POINT('',(-24.2368441518959,40.91,6.08170411994668));
#4863=CARTESIAN_POINT('',(-24.2368441518959,40.91,6.08170411994668));
#4864=CARTESIAN_POINT('',(-5.73119614974334,40.91,1.77577889760158));
#4865=CARTESIAN_POINT('',(-23.8799839572639,40.91,7.39907874000661));
#4866=CARTESIAN_POINT('',(-23.8799839572639,64.,7.39907874000659));
#4867=CARTESIAN_POINT('',(-23.8799839572639,64.,7.3990787400066));
#4868=CARTESIAN_POINT('',(-5.73119614974334,64.,1.77577889760158));
#4869=CARTESIAN_POINT('',(-16.0063220724303,64.,-14.206141740198));
#4870=CARTESIAN_POINT('',(-16.0063220724303,64.,-14.206141740198));
#4871=CARTESIAN_POINT('',(-15.9507162208282,62.0861520212754,-14.241891956971));
#4872=CARTESIAN_POINT('',(-16.1165794844304,60.1986627164796,-14.1409666401721));
#4873=CARTESIAN_POINT('',(-16.4843331390321,58.3367125582736,-13.8885131352223));
#4874=CARTESIAN_POINT('',(-16.484333139032,58.3367125582736,-13.8885131352224));
#4875=CARTESIAN_POINT('',(-16.484333139032,58.3367125582736,-13.8885131352224));
#4876=CARTESIAN_POINT('',(-17.1705957435157,54.8621399768722,-13.41741135921));
#4877=CARTESIAN_POINT('',(-18.5337290377343,47.9213355069547,-12.3601812091239));
#4878=CARTESIAN_POINT('',(-20.0647119921863,41.1318937374524,-10.7618163396224));
#4879=CARTESIAN_POINT('',(-20.8413273737124,37.7938674653514,-9.74307236432711));
#4880=CARTESIAN_POINT('',(-20.8413273737124,37.7938674653514,-9.74307236432713));
#4881=CARTESIAN_POINT('',(-20.8413273737124,37.7938674653514,-9.74307236432713));
#4882=CARTESIAN_POINT('',(-20.5042640952307,37.4126505303825,-10.185223257053));
#4883=CARTESIAN_POINT('',(-19.8552486323262,36.5086082754495,-10.9559879113147));
#4884=CARTESIAN_POINT('',(-19.0724520695568,34.826951346765,-11.7612520870327));
#4885=CARTESIAN_POINT('',(-18.6598235255085,32.860465678725,-12.1465144698502));
#4886=CARTESIAN_POINT('',(-18.8734178003515,30.8162680982486,-11.9502608469869));
#4887=CARTESIAN_POINT('',(-19.5639764346068,29.0248484748541,-11.2678146350219));
#4888=CARTESIAN_POINT('',(-20.4856125251859,27.5535406775709,-10.2284932499729));
#4889=CARTESIAN_POINT('',(-21.5040324198946,26.4811900185113,-8.87067863435024));
#4890=CARTESIAN_POINT('',(-22.1816734107916,26.0922922981684,-7.75471302867857));
#4891=CARTESIAN_POINT('',(-22.496762581614,26.0000000000012,-7.16378385560583));
#4892=CARTESIAN_POINT('',(-22.4967625816141,25.9999999999991,-7.16378385560557));
#4893=CARTESIAN_POINT('',(-22.4967625816141,25.9999999999991,-7.16378385560557));
#4894=CARTESIAN_POINT('',(-22.116481200768,25.8886123490148,-7.876976763289));
#4895=CARTESIAN_POINT('',(-21.2913651480794,25.3719418428776,-9.19860255394564));
#4896=CARTESIAN_POINT('',(-20.0751573366491,23.906929761226,-10.7236841699961));
#4897=CARTESIAN_POINT('',(-19.0689806646788,21.9238750993283,-11.7693124373793));
#4898=CARTESIAN_POINT('',(-18.5992830921333,19.5099152424121,-12.2015252441485));
#4899=CARTESIAN_POINT('',(-19.065519146852,17.0830032512413,-11.7725885111647));
#4900=CARTESIAN_POINT('',(-20.07043161949,15.1005852744622,-10.7291257613006));
#4901=CARTESIAN_POINT('',(-21.2893929288656,13.6290355726789,-9.20172696856861));
#4902=CARTESIAN_POINT('',(-22.1161439792111,13.1114864260477,-7.87760920030741));
#4903=CARTESIAN_POINT('',(-22.4967625816133,13.0000000000012,-7.16378385560701));
#4904=CARTESIAN_POINT('',(-22.4967625816135,12.999999999999,-7.16378385560675));
#4905=CARTESIAN_POINT('',(-22.4967625816135,12.999999999999,-7.16378385560675));
#4906=CARTESIAN_POINT('',(-22.1164812007673,12.8886123490145,-7.87697676329033));
#4907=CARTESIAN_POINT('',(-21.2913651480783,12.3719418428767,-9.19860255394719));
#4908=CARTESIAN_POINT('',(-20.0751573366478,10.9069297612241,-10.7236841699976));
#4909=CARTESIAN_POINT('',(-19.0689806646776,8.92387509932518,-11.7693124373804));
#4910=CARTESIAN_POINT('',(-18.5992830921333,6.50991524240769,-12.2015252441486));
#4911=CARTESIAN_POINT('',(-19.0655191468536,4.08300325123689,-11.7725885111632));
#4912=CARTESIAN_POINT('',(-20.0704316194927,2.10058527445808,-10.7291257612976));
#4913=CARTESIAN_POINT('',(-21.2893929288686,0.629035572675934,-9.20172696856446));
#4914=CARTESIAN_POINT('',(-22.1161439792148,0.111486426045687,-7.87760920030116));
#4915=CARTESIAN_POINT('',(-22.4967625816169,-1.07048473937194E-17,-7.16378385560029));
#4916=CARTESIAN_POINT('',(-22.4967625816169,0.,-7.16378385560029));
#4917=CARTESIAN_POINT('',(-5.73119614974334,0.,1.77577889760158));
#4918=CARTESIAN_POINT('',(-23.8799839572639,0.,7.39907874000659));
#4919=CARTESIAN_POINT('',(-23.8799839572639,64.,7.39907874000659));
#4920=CARTESIAN_POINT('',(-23.8799839572639,13.,7.39907874000659));
#4921=CARTESIAN_POINT('',(-23.8799839572639,64.,7.39907874000659));
#4922=CARTESIAN_POINT('',(-23.8799839572639,21.813365448261,7.39907874000659));
#4923=CARTESIAN_POINT('',(-23.8799839572639,22.5766345517392,7.3990787400066));
#4924=CARTESIAN_POINT('',(-23.8871767701923,22.3222115172466,7.3758644638282));
#4925=CARTESIAN_POINT('',(-23.8871767701923,22.0677884827535,7.3758644638282));
#4926=CARTESIAN_POINT('',(-23.8799839572639,21.8133654482608,7.3990787400066));
#4927=CARTESIAN_POINT('',(-23.8799839572639,22.5766345517389,7.39907874000658));
#4928=CARTESIAN_POINT('',(-23.8799839572639,64.,7.39907874000659));
#4929=CARTESIAN_POINT('',(-0.00406843027872451,49.,-3.44671418573116));
#4930=CARTESIAN_POINT('',(-0.00406843027872451,40.91,-3.44671418573116));
#4931=CARTESIAN_POINT('',(-23.3065944629506,40.91,8.58170411994669));
#4932=CARTESIAN_POINT('',(-23.3065944629506,40.91,8.58170411994669));
#4933=CARTESIAN_POINT('',(-23.1332501465706,40.91,8.91752220861046));
#4934=CARTESIAN_POINT('',(-22.9522647989564,40.7407116410144,9.24651188013607));
#4935=CARTESIAN_POINT('',(-22.8456090892755,40.4304077028378,9.4356220450584));
#4936=CARTESIAN_POINT('',(-22.8456090892755,40.4304077028378,9.4356220450584));
#4937=CARTESIAN_POINT('',(-22.8456090892755,40.4304077028378,9.43562204505841));
#4938=CARTESIAN_POINT('',(-22.2661118059687,40.7901302601315,10.4631228431508));
#4939=CARTESIAN_POINT('',(-20.9560866601899,41.2741359234508,12.463170816682));
#4940=CARTESIAN_POINT('',(-18.538211686541,41.8048497974334,15.2245982646567));
#4941=CARTESIAN_POINT('',(-15.7940949469608,42.1860784149681,17.5950289354765));
#4942=CARTESIAN_POINT('',(-12.7194679542096,42.4749162439778,19.5866759947441));
#4943=CARTESIAN_POINT('',(-9.38111269094403,42.6823801645365,21.1332065589001));
#4944=CARTESIAN_POINT('',(-4.73992385806516,42.8631216511807,22.5487900060774));
#4945=CARTESIAN_POINT('',(0.257090410115929,42.9151442362666,22.975950852917));
#4946=CARTESIAN_POINT('',(5.07669056163258,42.8409437360815,22.3657441748164));
#4947=CARTESIAN_POINT('',(8.62579678304201,42.7206253619732,21.4080366083083));
#4948=CARTESIAN_POINT('',(12.0055168542165,42.5298917480988,19.9599365042235));
#4949=CARTESIAN_POINT('',(15.1142324613177,42.2651065694862,18.0846380041934));
#4950=CARTESIAN_POINT('',(17.5028066986871,41.9618602540804,16.1436914524182));
#4951=CARTESIAN_POINT('',(19.204293225169,41.6610476816491,14.4364817215676));
#4952=CARTESIAN_POINT('',(20.3868335240341,41.3972973905711,13.0754558729827));
#4953=CARTESIAN_POINT('',(21.4715633159712,41.0823721436614,11.6388898946732));
#4954=CARTESIAN_POINT('',(22.2951132673767,40.7552031660791,10.3758789517751));
#4955=CARTESIAN_POINT('',(22.89285535982,40.4269370578532,9.34712391595763));
#4956=CARTESIAN_POINT('',(23.3074280076879,40.1285117427637,8.5747580508842));
#4957=CARTESIAN_POINT('',(23.6189661207869,39.8065161022471,7.94470395934136));
#4958=CARTESIAN_POINT('',(23.829751625152,39.4361274565835,7.49289821116493));
#4959=CARTESIAN_POINT('',(23.8973848289043,39.1567634418415,7.34268332009854));
#4960=CARTESIAN_POINT('',(23.8973848289043,39.,7.34268332009854));
#4961=CARTESIAN_POINT('',(23.8973848289043,49.,7.34268332009854));
#4962=CARTESIAN_POINT('',(23.8973848289043,64.,7.34268332009854));
#4963=CARTESIAN_POINT('',(-0.00406843027872451,64.,-3.44671418573116));
#4964=CARTESIAN_POINT('',(-0.00253966204551268,39.,-2.15156426423374));
#4965=CARTESIAN_POINT('',(-22.8456090892755,40.4304077028378,9.4356220450584));
#4966=CARTESIAN_POINT('',(-22.8226474580113,40.2742906704895,9.53076527110976));
#4967=CARTESIAN_POINT('',(-22.8210728177183,40.0933061773448,9.58170411994669));
#4968=CARTESIAN_POINT('',(-22.8399046105033,39.91,9.58170411994669));
#4969=CARTESIAN_POINT('',(-22.8399046105033,39.9099999999997,9.58170411994669));
#4970=CARTESIAN_POINT('',(-22.8399046105033,39.9099999999997,9.58170411994669));
#4971=CARTESIAN_POINT('',(-22.8708199600772,39.609074080923,9.58170411994669));
#4972=CARTESIAN_POINT('',(-22.8865415168456,39.303029532957,9.58170411994669));
#4973=CARTESIAN_POINT('',(-22.8865415168456,39.,9.58170411994669));
#4974=CARTESIAN_POINT('',(-21.0075797145773,64.,3.48170411994668));
#4975=CARTESIAN_POINT('',(-19.5810800786535,16.5904177362494,6.3882180832279));
#4976=CARTESIAN_POINT('',(-15.0728332264509,16.6433663589855,15.5738372701262));
#4977=CARTESIAN_POINT('',(-15.0728332264509,50.,15.5738372701262));
#4978=CARTESIAN_POINT('',(-15.0728332264509,0.,15.5738372701262));
#4979=CARTESIAN_POINT('',(-21.0075797145773,0.,3.48170411994668));
#4980=CARTESIAN_POINT('',(-13.0075797145773,0.,0.));
#4981=CARTESIAN_POINT('',(-13.0075797145773,22.195,11.5817041199467));
#4982=CARTESIAN_POINT('',(-13.0075797145773,26.394954684578,11.5621939305278));
#4983=CARTESIAN_POINT('',(-13.0075797145773,17.6413166517983,17.343454560433));
#4984=CARTESIAN_POINT('',(-13.0075797145773,17.5815479550958,4.47705883675172));
#4985=CARTESIAN_POINT('',(-13.0075797145773,17.6376524845975,16.5546699992218));
#4986=CARTESIAN_POINT('',(-13.0075797145773,16.581558744482,4.48170411994668));
#4987=CARTESIAN_POINT('',(-13.0075797145773,27.7816795869111,4.48170411994668));
#4988=CARTESIAN_POINT('',(-13.0075797145773,26.7816903762972,4.48634940314164));
#4989=CARTESIAN_POINT('',(-13.0075797145773,26.7949589994012,7.34268332009851));
#4990=CARTESIAN_POINT('',(-13.0075797145773,26.8377517480214,16.5546699992218));
#4991=CARTESIAN_POINT('',(-13.0075797145773,26.8377517480214,16.5546699992217));
#4992=CARTESIAN_POINT('',(-13.0075797145773,26.7473668431392,16.5267020373799));
#4993=CARTESIAN_POINT('',(-13.0075797145773,26.6548836636318,16.5127819548144));
#4994=CARTESIAN_POINT('',(-13.0075797145773,26.5602556398891,16.5132215335256));
#4995=CARTESIAN_POINT('',(-13.0075797145773,26.5602556398891,16.5132215335256));
#4996=CARTESIAN_POINT('',(-13.0075797145773,26.8375532222446,16.5119333938281));
#4997=CARTESIAN_POINT('',(-19.2963169382398,22.195,11.5817041199467));
#4998=CARTESIAN_POINT('',(-20.8397543416429,26.,13.3598984287892));
#4999=CARTESIAN_POINT('',(-20.414373410236,25.7120038574064,13.9761557844221));
#5000=CARTESIAN_POINT('',(-19.7917971766855,25.0709207324387,14.7871409648655));
#5001=CARTESIAN_POINT('',(-19.1657855662743,23.7804811856974,15.5278898044206));
#5002=CARTESIAN_POINT('',(-18.9087305903162,22.6242093324601,15.8177603278896));
#5003=CARTESIAN_POINT('',(-18.9557086111955,21.4076794610317,15.7654792370941));
#5004=CARTESIAN_POINT('',(-19.4021628377084,19.9271089651104,15.2566189272423));
#5005=CARTESIAN_POINT('',(-20.3825530925036,18.5986582794272,14.0521666317638));
#5006=CARTESIAN_POINT('',(-21.6841049814501,17.8633561644002,12.1281859370511));
#5007=CARTESIAN_POINT('',(-22.8438107869871,18.1043101275242,9.98463911470891));
#5008=CARTESIAN_POINT('',(-23.6407702324272,19.4803197262074,8.09316587464851));
#5009=CARTESIAN_POINT('',(-23.8541441036265,21.0105400895454,7.47233079297969));
#5010=CARTESIAN_POINT('',(-23.8799839572639,21.8133654482611,7.39907874000658));
#5011=CARTESIAN_POINT('',(-20.8397543416429,26.,13.3598984287892));
#5012=CARTESIAN_POINT('',(-20.8397543416428,26.,13.3598984287892));
#5013=CARTESIAN_POINT('',(-21.5822053836369,26.5026624852499,12.2842956406884));
#5014=CARTESIAN_POINT('',(-22.3381542353937,26.5454156742404,10.9705963494902));
#5015=CARTESIAN_POINT('',(-22.8902481694581,26.,9.80350981110413));
#5016=CARTESIAN_POINT('',(-22.8902481694582,26.,9.80350981110416));
#5017=CARTESIAN_POINT('',(-23.8799839572639,22.5766345517389,7.39907874000658));
#5018=CARTESIAN_POINT('',(-23.855655982869,23.3324869278596,7.46804484539222));
#5019=CARTESIAN_POINT('',(-23.665202652762,24.7712324571373,8.02058406992035));
#5020=CARTESIAN_POINT('',(-23.1890088505103,25.7048531993587,9.17195139768685));
#5021=CARTESIAN_POINT('',(-22.8902481694582,26.,9.80350981110412));
#5022=CARTESIAN_POINT('',(-11.0075797145773,22.195,11.5817041199467));
#5023=CARTESIAN_POINT('',(-11.0075797145773,17.995,15.7817041199467));
#5024=CARTESIAN_POINT('',(-11.0075797145773,17.995,17.3433883636897));
#5025=CARTESIAN_POINT('',(-11.0075797145773,17.994999846247,17.3417784850209));
#5026=CARTESIAN_POINT('',(-11.0075797145773,17.9949996924941,17.3417453866493));
#5027=CARTESIAN_POINT('',(-11.0075797145773,26.394999846247,17.3027576851727));
#5028=CARTESIAN_POINT('',(-11.0075797145773,26.395,7.3426833200985));
#5029=CARTESIAN_POINT('',(-11.0075797145773,26.395,17.3433883636897));
#5030=CARTESIAN_POINT('',(-11.0075797145773,50.,17.3433883636897));
#5031=CARTESIAN_POINT('',(-19.4424014246334,17.5950496311765,7.38356202271942));
#5032=CARTESIAN_POINT('',(419.037903744716,21.731382601711,897.811156733264));
#5033=CARTESIAN_POINT('',(-13.8410168930945,17.6359122893077,16.1800584973738));
#5034=CARTESIAN_POINT('',(-19.4341696800664,17.5815479550958,4.47705883675174));
#5035=CARTESIAN_POINT('',(-13.0075797145773,17.5815479550958,4.47705883675172));
#5036=CARTESIAN_POINT('',(-0.000756214351300358,17.4980506664083,-13.4973862721147));
#5037=CARTESIAN_POINT('',(-19.3389749568499,26.8412173894454,17.3007179550393));
#5038=CARTESIAN_POINT('',(21.3322358651167,26.7816903762972,4.48634940314164));
#5039=CARTESIAN_POINT('',(-19.4028383304785,26.7816903762972,4.48634940314164));
#5040=CARTESIAN_POINT('',(-14.1769583079286,26.8311529903447,15.1341567165567));
#5041=CARTESIAN_POINT('',(-13.6116694807085,26.8365034122766,16.2859410060338));
#5042=CARTESIAN_POINT('',(-0.000756214351300358,26.6981499298322,-13.4973862721147));
#5043=CARTESIAN_POINT('',(-0.00120897016372931,23.,-1.0242217091048));
#5044=CARTESIAN_POINT('',(-0.00120897016372931,26.,-1.0242217091048));
#5045=CARTESIAN_POINT('',(-23.8799839572639,13.,7.39907874000659));
#5046=CARTESIAN_POINT('',(-23.8799839572639,13.171880146885,7.39907874000659));
#5047=CARTESIAN_POINT('',(-23.8052772198559,13.458417231503,7.61112531428603));
#5048=CARTESIAN_POINT('',(-23.6555888958247,13.7206298462371,8.01373107440921));
#5049=CARTESIAN_POINT('',(-23.489063683395,13.9290798388123,8.43835704164293));
#5050=CARTESIAN_POINT('',(-23.2491702686835,14.1598839488826,9.01848895122597));
#5051=CARTESIAN_POINT('',(-22.920752309071,14.3948737748902,9.75332980114256));
#5052=CARTESIAN_POINT('',(-22.4919034183166,14.6269585791409,10.6218411400457));
#5053=CARTESIAN_POINT('',(-22.0272647936954,14.8274292617736,11.4785135963199));
#5054=CARTESIAN_POINT('',(-21.3617350745797,15.0638707538261,12.6001668072466));
#5055=CARTESIAN_POINT('',(-20.4401916539428,15.3165315436869,13.9660612870718));
#5056=CARTESIAN_POINT('',(-19.2057323830596,15.570626815143,15.5176411218289));
#5057=CARTESIAN_POINT('',(-17.8656151584747,15.7850973681962,16.9561705107353));
#5058=CARTESIAN_POINT('',(-16.417306674765,15.9694946353186,18.2879149321777));
#5059=CARTESIAN_POINT('',(-14.3357750729488,16.1823943091345,19.922274318087));
#5060=CARTESIAN_POINT('',(-11.494048485217,16.3907331879832,21.6537572492016));
#5061=CARTESIAN_POINT('',(-7.84114855369197,16.5608635756472,23.1615646423684));
#5062=CARTESIAN_POINT('',(-3.93809266570396,16.6622179779937,24.0955418755313));
#5063=CARTESIAN_POINT('',(0.0421678186460843,16.6950336203468,24.4009084235498));
#5064=CARTESIAN_POINT('',(4.01514490175578,16.6616160046251,24.0806727166907));
#5065=CARTESIAN_POINT('',(7.87126778806916,16.5618604933717,23.1518110469666));
#5066=CARTESIAN_POINT('',(11.5690812656404,16.389292374341,21.6143980447477));
#5067=CARTESIAN_POINT('',(14.3651791117357,16.1838762665875,19.9002584631423));
#5068=CARTESIAN_POINT('',(16.4618699052195,15.9694590663791,18.2486281725656));
#5069=CARTESIAN_POINT('',(17.9119048217969,15.7842263194359,16.9077337615309));
#5070=CARTESIAN_POINT('',(19.246930541402,15.5696570319082,15.4663409278199));
#5071=CARTESIAN_POINT('',(20.4651195058338,15.3182160056432,13.9280462397975));
#5072=CARTESIAN_POINT('',(21.3849017963086,15.0660219529496,12.560377965763));
#5073=CARTESIAN_POINT('',(22.0534352226334,14.8278674329532,11.4282235599215));
#5074=CARTESIAN_POINT('',(22.5195318494655,14.6258268550027,10.5638470322439));
#5075=CARTESIAN_POINT('',(22.9485946082561,14.3919158036311,9.68879139222398));
#5076=CARTESIAN_POINT('',(23.2740231001784,14.1568171925376,8.95505191783516));
#5077=CARTESIAN_POINT('',(23.5120026858185,13.9258536921914,8.37520060083794));
#5078=CARTESIAN_POINT('',(23.6778850981528,13.7152889930507,7.94873502006992));
#5079=CARTESIAN_POINT('',(23.8240551943139,13.4560650288841,7.55235683640206));
#5080=CARTESIAN_POINT('',(23.8973848289043,13.1694503889417,7.34268332009852));
#5081=CARTESIAN_POINT('',(23.8973848289043,13.,7.34268332009852));
#5082=CARTESIAN_POINT('',(23.8973848289043,13.,7.34268332009854));
#5083=CARTESIAN_POINT('',(23.8973848289043,23.,7.3426833200985));
#5084=CARTESIAN_POINT('',(15.9480119914035,50.,13.7906476802778));
#5085=CARTESIAN_POINT('',(15.3233124510591,50.,13.7906476802778));
#5086=CARTESIAN_POINT('',(15.3233124510591,64.,13.7906476802778));
#5087=CARTESIAN_POINT('',(15.3233124510591,55.,13.7906476802778));
#5088=CARTESIAN_POINT('',(15.3233124510591,55.,13.7906476802778));
#5089=CARTESIAN_POINT('',(-15.3248586223255,55.,13.7906476802778));
#5090=CARTESIAN_POINT('',(-15.3248586223255,64.,13.7906476802778));
#5091=CARTESIAN_POINT('',(-15.3248586223255,64.,13.7906476802778));
#5092=CARTESIAN_POINT('',(15.9480119914035,64.,13.7906476802778));
#5093=CARTESIAN_POINT('',(-7.57920334703598,56.,-16.3949843139077));
#5094=CARTESIAN_POINT('',(-7.57920334703598,56.,-16.3949843139077));
#5095=CARTESIAN_POINT('',(-7.57920334703598,56.,-17.6244843139077));
#5096=CARTESIAN_POINT('',(-7.57920334703598,60.31,-16.3949843139077));
#5097=CARTESIAN_POINT('',(-7.57920334703598,60.31,-15.1654843139077));
#5098=CARTESIAN_POINT('',(7.54843665368452,56.,-16.412840667904));
#5099=CARTESIAN_POINT('',(7.54843665368452,56.,-16.412840667904));
#5100=CARTESIAN_POINT('',(7.54843665368452,56.,-17.642340667904));
#5101=CARTESIAN_POINT('',(7.54843665368452,60.31,-16.412840667904));
#5102=CARTESIAN_POINT('',(7.54843665368452,60.31,-15.183340667904));
#5103=CARTESIAN_POINT('',(0.,64.,0.));
#5104=CARTESIAN_POINT('',(5.73537235893704,64.,1.76224399682365));
#5105=CARTESIAN_POINT('',(15.9727402432072,64.,-14.2438891652525));
#5106=CARTESIAN_POINT('',(15.9727402432072,64.,-14.2438891652525));
#5107=CARTESIAN_POINT('',(15.6592526988593,64.,-14.4443927650994));
#5108=CARTESIAN_POINT('',(15.3716768055937,64.,-14.6769386738258));
#5109=CARTESIAN_POINT('',(15.1100243908045,64.,-14.9415415171694));
#5110=CARTESIAN_POINT('',(15.1100243908044,64.,-14.9415415171693));
#5111=CARTESIAN_POINT('',(0.,64.,0.));
#5112=CARTESIAN_POINT('',(-15.1452556106366,64.,-14.9058288091767));
#5113=CARTESIAN_POINT('',(-15.1452556106366,64.,-14.9058288091767));
#5114=CARTESIAN_POINT('',(-15.4062826337101,64.,-14.6406090058137));
#5115=CARTESIAN_POINT('',(-15.6933087416044,64.,-14.407384848746));
#5116=CARTESIAN_POINT('',(-16.0063220724303,64.,-14.206141740198));
#5117=CARTESIAN_POINT('',(-16.0075797145773,64.,3.48170411994668));
#5118=CARTESIAN_POINT('',(-18.3732776299738,64.,7.90442835435737));
#5119=CARTESIAN_POINT('',(-16.2901863244055,64.,4.01004338674708));
#5120=CARTESIAN_POINT('',(-15.4084062198683,64.,4.48170411994668));
#5121=CARTESIAN_POINT('',(15.3815296195302,64.,4.48170411994668));
#5122=CARTESIAN_POINT('',(16.2622197562859,64.,4.00801130490587));
#5123=CARTESIAN_POINT('',(15.9791372944589,64.,3.48170411994668));
#5124=CARTESIAN_POINT('',(18.3577068684818,64.,7.90394295683636));
#5125=CARTESIAN_POINT('',(17.4770167317261,64.,8.37763577187717));
#5126=CARTESIAN_POINT('',(18.3757036699869,64.,8.81622645463223));
#5127=CARTESIAN_POINT('',(20.9791372944589,64.,3.48170411994668));
#5128=CARTESIAN_POINT('',(16.2219993893199,64.,13.2292383630329));
#5129=CARTESIAN_POINT('',(15.3233124510591,64.,12.7906476802778));
#5130=CARTESIAN_POINT('',(-15.3248586223255,64.,12.7906476802778));
#5131=CARTESIAN_POINT('',(-17.4914975254366,64.,8.37608908755696));
#5132=CARTESIAN_POINT('',(21.0085517662462,64.,2.48170411994668));
#5133=CARTESIAN_POINT('',(21.0085517662462,64.,2.48170411994668));
#5134=CARTESIAN_POINT('',(-21.0075797145773,64.,2.48170411994668));
#5135=CARTESIAN_POINT('',(-21.5,64.,3.99999999999999));
#5136=CARTESIAN_POINT('',(-18.8856005798661,64.,-4.06106487874609));
#5137=CARTESIAN_POINT('',(-16.0319321230198,64.,-3.13555078463377));
#5138=CARTESIAN_POINT('',(-17.7973732688696,64.,-5.56108527429594));
#5139=CARTESIAN_POINT('',(-8.80931968988485,64.,-12.1030988705042));
#5140=CARTESIAN_POINT('',(-6.28768067797462,64.,-13.9384903215762));
#5141=CARTESIAN_POINT('',(-4.52223953212486,64.,-11.512955831914));
#5142=CARTESIAN_POINT('',(-4.52578066773277,64.,-14.512953741973));
#5143=CARTESIAN_POINT('',(-0.0171370728971867,64.,-14.5182756518062));
#5144=CARTESIAN_POINT('',(4.52334242176996,64.,-14.5236351400784));
#5145=CARTESIAN_POINT('',(4.52688355737787,64.,-11.5236372300194));
#5146=CARTESIAN_POINT('',(6.2901636319115,64.,-13.9507431977827));
#5147=CARTESIAN_POINT('',(8.80684971656765,64.,-12.1223836263959));
#5148=CARTESIAN_POINT('',(17.7893784058016,64.,-5.59662246597637));
#5149=CARTESIAN_POINT('',(16.026098331268,64.,-3.16951649821297));
#5150=CARTESIAN_POINT('',(18.8803025525963,64.,-4.09337701958594));
#5151=CARTESIAN_POINT('',(21.5,64.,4.));
#5152=CARTESIAN_POINT('',(7.54843665368452,64.,-16.412840667904));
#5153=CARTESIAN_POINT('',(7.54843665368452,64.,-15.183340667904));
#5154=CARTESIAN_POINT('',(-7.57920334703598,64.,-16.3949843139077));
#5155=CARTESIAN_POINT('',(-7.57920334703598,64.,-15.1654843139077));
#5156=CARTESIAN_POINT('',(18.9312909805835,62.,-5.14370923094839));
#5157=CARTESIAN_POINT('',(5.50000696646988,62.,-14.5247879747469));
#5158=CARTESIAN_POINT('',(13.3151020868608,62.,-14.53401275171));
#5159=CARTESIAN_POINT('',(4.52334242176996,62.,-14.5236351400784));
#5160=CARTESIAN_POINT('',(13.3186432224687,62.,-11.534014841651));
#5161=CARTESIAN_POINT('',(16.172847443797,62.,-12.4578753630239));
#5162=CARTESIAN_POINT('',(21.5,62.,4.));
#5163=CARTESIAN_POINT('',(18.8803025525963,62.,-4.09337701958594));
#5164=CARTESIAN_POINT('',(16.026098331268,62.,-3.16951649821297));
#5165=CARTESIAN_POINT('',(17.7893784058016,62.,-5.59662246597637));
#5166=CARTESIAN_POINT('',(18.7521724307002,62.,-4.8971575301507));
#5167=CARTESIAN_POINT('',(6.2901636319115,62.,-13.9507431977828));
#5168=CARTESIAN_POINT('',(4.52688355737787,62.,-11.5236372300194));
#5169=CARTESIAN_POINT('',(-18.9091071205838,62.,-5.09904320612074));
#5170=CARTESIAN_POINT('',(-21.5,62.,3.99999999999999));
#5171=CARTESIAN_POINT('',(-16.1719717078989,62.,-12.4280872339784));
#5172=CARTESIAN_POINT('',(-18.8856005798661,62.,-4.06106487874609));
#5173=CARTESIAN_POINT('',(-13.3183032510526,62.,-11.5025731398661));
#5174=CARTESIAN_POINT('',(-13.3218443866605,62.,-14.5025710499251));
#5175=CARTESIAN_POINT('',(-5.50000696646987,62.,-14.5118037853597));
#5176=CARTESIAN_POINT('',(-4.52578066773277,62.,-14.512953741973));
#5177=CARTESIAN_POINT('',(-4.52223953212486,62.,-11.512955831914));
#5178=CARTESIAN_POINT('',(-6.28768067797462,62.,-13.9384903215762));
#5179=CARTESIAN_POINT('',(-18.7439399573577,62.,-4.87212051775673));
#5180=CARTESIAN_POINT('',(-17.7973732688696,62.,-5.56108527429594));
#5181=CARTESIAN_POINT('',(-16.0319321230198,62.,-3.13555078463377));
#5182=CARTESIAN_POINT('',(-8.18295917236614,8.,-19.2370869208569));
#5183=CARTESIAN_POINT('',(-8.18295917236614,8.,-19.2370869208569));
#5184=CARTESIAN_POINT('',(-8.18295917236614,8.,-18.0075869208569));
#5185=CARTESIAN_POINT('',(-8.18295917236614,4.5,-19.2370869208569));
#5186=CARTESIAN_POINT('',(-8.18295917236614,4.5,-20.4665869208569));
#5187=CARTESIAN_POINT('',(8.46124998871724,8.,-19.0890353976746));
#5188=CARTESIAN_POINT('',(8.46124998871724,8.,-19.0890353976746));
#5189=CARTESIAN_POINT('',(8.46124998871724,8.,-17.8595353976746));
#5190=CARTESIAN_POINT('',(8.46124998871724,4.5,-19.0890353976746));
#5191=CARTESIAN_POINT('',(8.46124998871724,4.5,-20.3185353976746));
#5192=CARTESIAN_POINT('',(0.0147547316996369,8.,21.6249912919127));
#5193=CARTESIAN_POINT('',(0.0147547316996369,8.,21.6249912919127));
#5194=CARTESIAN_POINT('',(0.0147547316996369,8.,22.8544912919127));
#5195=CARTESIAN_POINT('',(0.0147547316996369,4.5,21.6249912919127));
#5196=CARTESIAN_POINT('',(0.0147547316996369,4.5,20.3954912919127));
#5197=CARTESIAN_POINT('',(-0.00120897016372931,23.,-1.0242217091048));
#5198=CARTESIAN_POINT('',(-0.00120897016372931,26.,-1.0242217091048));
#5199=CARTESIAN_POINT('',(0.,64.,0.));
#5200=CARTESIAN_POINT('',(0.,13.,0.));
#5201=CARTESIAN_POINT('',(0.,0.,0.));
#5202=CARTESIAN_POINT('',(23.8973848289043,0.,7.34268332009854));
#5203=CARTESIAN_POINT('',(23.8973848289043,64.,7.34268332009854));
#5204=CARTESIAN_POINT('',(0.,0.,0.));
#5205=CARTESIAN_POINT('',(-0.000756214351300358,0.,-13.4973862721147));
#5206=CARTESIAN_POINT('',(-0.000756214351300358,0.,-13.4973862721147));
#5207=CARTESIAN_POINT('',(15.0799329108246,0.,15.5693706713664));
#5208=CARTESIAN_POINT('',(20.9791372944589,0.,3.48170411994668));
#5209=CARTESIAN_POINT('',(-22.4967625816169,0.,-7.16378385560029));
#5210=CARTESIAN_POINT('',(-21.8636481912936,0.,-8.35114856939886));
#5211=CARTESIAN_POINT('',(-20.3276700161667,0.,-10.5621757578257));
#5212=CARTESIAN_POINT('',(-19.2817336998447,0.,-13.0996900771634));
#5213=CARTESIAN_POINT('',(-19.2911766745321,0.,-14.4665590023014));
#5214=CARTESIAN_POINT('',(-19.2911766745321,-4.70844564344709E-15,-14.4665590023014));
#5215=CARTESIAN_POINT('',(-15.5412661594072,3.46944695195361E-15,-14.492465151328));
#5216=CARTESIAN_POINT('',(-18.2838425404792,-1.2670734335509E-15,-17.0499590015624));
#5217=CARTESIAN_POINT('',(-9.62964972193618E-32,-1.73472347597681E-15,4.81482486096809E-32));
#5218=CARTESIAN_POINT('',(18.2838425404792,-1.82784168209281E-15,-17.0499590015624));
#5219=CARTESIAN_POINT('',(15.5412661594072,1.04083408558608E-14,-14.492465151328));
#5220=CARTESIAN_POINT('',(19.2912259949067,1.34712513180618E-15,-14.4751091108374));
#5221=CARTESIAN_POINT('',(19.2912259949067,1.34712513180618E-15,-14.4751091108374));
#5222=CARTESIAN_POINT('',(19.2849273008994,1.34712513180618E-15,-13.1142083018903));
#5223=CARTESIAN_POINT('',(20.3299098967888,-6.73562565903091E-16,-10.5778147783725));
#5224=CARTESIAN_POINT('',(21.8672144848931,0.,-8.36606997090052));
#5225=CARTESIAN_POINT('',(22.5016958811153,0.,-7.17589873808781));
#5226=CARTESIAN_POINT('',(22.5016958811153,0.,-7.17589873808781));
#5227=CARTESIAN_POINT('',(5.73537235893704,0.,1.76224399682365));
#5228=CARTESIAN_POINT('',(0.0147547316996369,0.,21.6249912919127));
#5229=CARTESIAN_POINT('',(0.0147547316996369,0.,22.8544912919127));
#5230=CARTESIAN_POINT('',(-21.5,0.,3.99999999999999));
#5231=CARTESIAN_POINT('',(-21.0075797145773,0.,2.48170411994668));
#5232=CARTESIAN_POINT('',(-16.1719717078989,0.,-12.4280872339784));
#5233=CARTESIAN_POINT('',(1.30104260698261E-15,0.,2.48170411994668));
#5234=CARTESIAN_POINT('',(21.0085517662462,0.,2.48170411994668));
#5235=CARTESIAN_POINT('',(21.5,0.,4.));
#5236=CARTESIAN_POINT('',(16.172847443797,0.,-12.4578753630239));
#5237=CARTESIAN_POINT('',(13.3186432224687,0.,-11.534014841651));
#5238=CARTESIAN_POINT('',(13.3151020868608,0.,-14.53401275171));
#5239=CARTESIAN_POINT('',(-15.5,0.,-14.5));
#5240=CARTESIAN_POINT('',(-13.3218443866605,0.,-14.5025710499251));
#5241=CARTESIAN_POINT('',(-13.3183032510526,0.,-11.5025731398661));
#5242=CARTESIAN_POINT('',(-8.18295917236614,0.,-19.2370869208569));
#5243=CARTESIAN_POINT('',(-8.18295917236614,0.,-18.0075869208569));
#5244=CARTESIAN_POINT('',(8.46124998871724,0.,-19.0890353976746));
#5245=CARTESIAN_POINT('',(8.46124998871724,0.,-17.8595353976746));
#5246=CARTESIAN_POINT('',(0.,63.275682361126,0.));
#5247=CARTESIAN_POINT('',(-1.40934285963409E-15,40.2586066251543,6.23879087930097E-16));
#5248=CARTESIAN_POINT('',(18.0005145720402,40.2586066251543,-16.7857513966683));
#5249=CARTESIAN_POINT('',(-18.0005145720402,40.2586066251543,-16.7857513966683));
#5250=CARTESIAN_POINT('',(-74.3271469092844,63.275682361126,-69.311185802478));
#5251=CARTESIAN_POINT('',(-15.6651946243654,58.0091199918081,-14.6080303145034));
#5252=CARTESIAN_POINT('',(-15.6651946243654,58.0091199918081,-14.6080303145034));
#5253=CARTESIAN_POINT('',(-15.3644532201864,59.5034111100033,-14.7866726696469));
#5254=CARTESIAN_POINT('',(-15.1877112310979,61.0173323072191,-14.8823982544022));
#5255=CARTESIAN_POINT('',(-15.1452556106366,62.5513647222541,-14.9058288091767));
#5256=CARTESIAN_POINT('',(-15.1452556106365,62.5513647222541,-14.9058288091767));
#5257=CARTESIAN_POINT('',(3.83003993395666E-15,62.5513647222541,-1.69545813809503E-15));
#5258=CARTESIAN_POINT('',(15.1100243908044,62.5513647222541,-14.9415415171693));
#5259=CARTESIAN_POINT('',(15.1100243908044,62.5513647222541,-14.9415415171693));
#5260=CARTESIAN_POINT('',(15.154648597044,60.9410691465589,-14.9170514102156));
#5261=CARTESIAN_POINT('',(15.3474025692876,59.3537475988137,-14.8134801064537));
#5262=CARTESIAN_POINT('',(15.6759965803792,57.7888037365312,-14.6181033014461));
#5263=CARTESIAN_POINT('',(15.6759965803793,57.7888037365312,-14.618103301446));
#5264=CARTESIAN_POINT('',(74.3271469092844,63.275682361126,-69.311185802478));
#5265=CARTESIAN_POINT('',(15.5412661594073,32.5,-14.492465151328));
#5266=CARTESIAN_POINT('',(18.6680653859829,37.9782048161997,-14.6368065599788));
#5267=CARTESIAN_POINT('',(17.7939264427889,36.371736678487,-14.8301357802975));
#5268=CARTESIAN_POINT('',(16.7946842029748,32.6857849364463,-14.7871949934354));
#5269=CARTESIAN_POINT('',(17.670912328264,28.9811554444781,-14.8378080879439));
#5270=CARTESIAN_POINT('',(18.5015453597044,27.3390557939916,-14.6718626906514));
#5271=CARTESIAN_POINT('',(18.6680653859829,37.9782048161997,-14.6368065599788));
#5272=CARTESIAN_POINT('',(18.501545359704,27.3390557939915,-14.6718626906516));
#5273=CARTESIAN_POINT('',(15.5412661594073,27.3390557939914,-14.492465151328));
#5274=CARTESIAN_POINT('',(17.7102492218795,27.3390557939914,-16.5150745786604));
#5275=CARTESIAN_POINT('',(25.2774123122122,32.5,-23.5715683196598));
#5276=CARTESIAN_POINT('',(17.8304976238583,37.9782048162047,-16.6272080275896));
#5277=CARTESIAN_POINT('',(15.5412661594073,37.9782048162048,-14.492465151328));
#5278=CARTESIAN_POINT('',(15.5412661594073,19.5,-14.492465151328));
#5279=CARTESIAN_POINT('',(18.5015453597041,24.6609442060086,-14.6718626906515));
#5280=CARTESIAN_POINT('',(17.7020366475886,23.0803750171706,-14.8315900140891));
#5281=CARTESIAN_POINT('',(16.8241813181185,19.4973849344601,-14.7892196978744));
#5282=CARTESIAN_POINT('',(17.6980213375674,15.9275629517442,-14.8323922001225));
#5283=CARTESIAN_POINT('',(18.5015453597044,14.3390557939916,-14.6718626906513));
#5284=CARTESIAN_POINT('',(18.5015453597041,24.6609442060086,-14.6718626906515));
#5285=CARTESIAN_POINT('',(18.5015453597041,14.3390557939915,-14.6718626906515));
#5286=CARTESIAN_POINT('',(15.5412661594073,14.3390557939914,-14.492465151328));
#5287=CARTESIAN_POINT('',(17.7102492218795,14.3390557939914,-16.5150745786604));
#5288=CARTESIAN_POINT('',(25.2774123122125,19.5,-23.57156831966));
#5289=CARTESIAN_POINT('',(17.7102492218795,24.6609442060086,-16.5150745786604));
#5290=CARTESIAN_POINT('',(15.5412661594073,24.6609442060086,-14.492465151328));
#5291=CARTESIAN_POINT('',(15.5412661594072,6.50000000000004,-14.492465151328));
#5292=CARTESIAN_POINT('',(25.2774123122126,6.5,-23.5715683196602));
#5293=CARTESIAN_POINT('',(17.7102492218795,11.6609442060086,-16.5150745786604));
#5294=CARTESIAN_POINT('',(15.5412661594073,11.6609442060086,-14.492465151328));
#5295=CARTESIAN_POINT('',(18.5015453597041,11.6609442060086,-14.6718626906515));
#5296=CARTESIAN_POINT('',(18.5015453597041,11.6609442060086,-14.6718626906515));
#5297=CARTESIAN_POINT('',(18.0435258146751,10.7554736716814,-14.7633666791646));
#5298=CARTESIAN_POINT('',(17.3553319083781,8.80205341250886,-14.8174738713017));
#5299=CARTESIAN_POINT('',(17.1488554234214,5.71457607711482,-14.8092936568431));
#5300=CARTESIAN_POINT('',(17.7825984501701,2.66632904261294,-14.8061914187305));
#5301=CARTESIAN_POINT('',(18.7212411256035,0.839678094870159,-14.644246845481));
#5302=CARTESIAN_POINT('',(19.2912259949067,1.93701225435299E-15,-14.4751091108374));
#5303=CARTESIAN_POINT('',(15.5412661594074,63.2756823611262,-14.4924651513281));
#5304=CARTESIAN_POINT('',(15.5412661594073,40.2586066251543,-14.492465151328));
#5305=CARTESIAN_POINT('',(18.900286928603,40.2586066251543,-14.6475265269725));
#5306=CARTESIAN_POINT('',(15.6759965803793,57.7888037365312,-14.6181033014461));
#5307=CARTESIAN_POINT('',(15.8459332704047,54.8105976282363,-14.7346458839937));
#5308=CARTESIAN_POINT('',(16.580331487393,48.9022685690346,-15.030567526384));
#5309=CARTESIAN_POINT('',(18.0672673941728,43.0967103177608,-14.7327719310174));
#5310=CARTESIAN_POINT('',(18.9018190051701,40.2563812542692,-14.3574743326387));
#5311=CARTESIAN_POINT('',(18.9018190051702,40.2563812542693,-14.3574743326387));
#5312=CARTESIAN_POINT('',(18.9018190051715,40.2563812542654,-14.3574743326447));
#5313=CARTESIAN_POINT('',(18.9052585782958,40.2578680998521,-14.4541735467078));
#5314=CARTESIAN_POINT('',(18.9047494225571,40.2586066251544,-14.5508576446535));
#5315=CARTESIAN_POINT('',(18.9002869286029,40.2586066251545,-14.6475265269725));
#5316=CARTESIAN_POINT('',(0.,64.,0.));
#5317=CARTESIAN_POINT('',(15.1100243908044,64.,-14.9415415171693));
#5318=CARTESIAN_POINT('',(15.1331124501487,64.0000000000001,-14.9181931136979));
#5319=CARTESIAN_POINT('',(15.1592408071937,63.9329158069209,-14.8916145448599));
#5320=CARTESIAN_POINT('',(15.1851671417049,63.8159439966784,-14.8651837353875));
#5321=CARTESIAN_POINT('',(15.2031541599698,63.6564792743461,-14.8467740896744));
#5322=CARTESIAN_POINT('',(15.2139768225316,63.4666742807447,-14.8356816118393));
#5323=CARTESIAN_POINT('',(15.2173160571621,63.2753847322115,-14.8322547206158));
#5324=CARTESIAN_POINT('',(15.2139467322492,63.0839275308305,-14.8357124420285));
#5325=CARTESIAN_POINT('',(15.2031100491498,62.8941133838523,-14.8468194060778));
#5326=CARTESIAN_POINT('',(15.1849247181733,62.7337626565276,-14.8654313956707));
#5327=CARTESIAN_POINT('',(15.1588728266347,62.6171447410835,-14.8919895165021));
#5328=CARTESIAN_POINT('',(15.1328109408914,62.5513647222492,-14.9184980228149));
#5329=CARTESIAN_POINT('',(15.1100243908063,62.5513647222471,-14.9415415171675));
#5330=CARTESIAN_POINT('',(-15.1452556106365,62.5513647222541,-14.9058288091767));
#5331=CARTESIAN_POINT('',(-15.1682884857725,62.551364722254,-14.8824259655075));
#5332=CARTESIAN_POINT('',(-15.1943540245092,62.6184489153305,-14.855785788071));
#5333=CARTESIAN_POINT('',(-15.2202178900976,62.7354207255737,-14.8292938465154));
#5334=CARTESIAN_POINT('',(-15.2381613975685,62.8948854479056,-14.8108417891518));
#5335=CARTESIAN_POINT('',(-15.2489578433451,63.0846904415072,-14.7997237925672));
#5336=CARTESIAN_POINT('',(-15.2522889786179,63.2759799900404,-14.7962890277773));
#5337=CARTESIAN_POINT('',(-15.2489278259293,63.4674371914213,-14.7997546937061));
#5338=CARTESIAN_POINT('',(-15.2381173938535,63.6572513383996,-14.8108872095627));
#5339=CARTESIAN_POINT('',(-15.2199760519062,63.817602065724,-14.8295420784117));
#5340=CARTESIAN_POINT('',(-15.1939869301927,63.9342199811684,-14.8561616273796));
#5341=CARTESIAN_POINT('',(-15.1679876971731,64.0000000000039,-14.8827315855626));
#5342=CARTESIAN_POINT('',(-15.1452556106381,64.0000000000056,-14.9058288091752));
#5343=CARTESIAN_POINT('',(0.,19.5,0.));
#5344=CARTESIAN_POINT('',(-3.16006253320045E-16,14.3390557939914,1.39887673005775E-16));
#5345=CARTESIAN_POINT('',(-17.7102492218795,14.3390557939914,-16.5150745786604));
#5346=CARTESIAN_POINT('',(-25.2774123122125,19.5,-23.57156831966));
#5347=CARTESIAN_POINT('',(-17.7102492218795,24.6609442060086,-16.5150745786604));
#5348=CARTESIAN_POINT('',(3.16006253320043E-16,24.6609442060086,-1.39887673005774E-16));
#5349=CARTESIAN_POINT('',(0.,6.5,0.));
#5350=CARTESIAN_POINT('',(-25.2774123122126,6.5,-23.5715683196602));
#5351=CARTESIAN_POINT('',(-17.7102492218795,11.6609442060086,-16.5150745786604));
#5352=CARTESIAN_POINT('',(3.16006253320046E-16,11.6609442060086,-1.39887673005775E-16));
#5353=CARTESIAN_POINT('',(3.46944695195361E-15,32.5,0.));
#5354=CARTESIAN_POINT('',(3.15344069863357E-15,27.3390557939914,1.39887673005774E-16));
#5355=CARTESIAN_POINT('',(-17.7102492218795,27.3390557939914,-16.5150745786604));
#5356=CARTESIAN_POINT('',(-25.2774123122122,32.5,-23.5715683196598));
#5357=CARTESIAN_POINT('',(-17.8304976238583,37.9782048162047,-16.6272080275896));
#5358=CARTESIAN_POINT('',(3.80487917322684E-15,37.9782048162047,-1.48487039076242E-16));
#5359=CARTESIAN_POINT('',(-15.5412661594073,32.5,-14.492465151328));
#5360=CARTESIAN_POINT('',(-15.5412661594073,27.3390557939914,-14.492465151328));
#5361=CARTESIAN_POINT('',(-18.5019947976187,27.3390557939914,-14.6642858476933));
#5362=CARTESIAN_POINT('',(-18.5019947976187,27.3390557939914,-14.6642858476933));
#5363=CARTESIAN_POINT('',(-17.6692671645544,28.9862561412163,-14.8319005228302));
#5364=CARTESIAN_POINT('',(-16.798706396835,32.6882744263462,-14.7821683107463));
#5365=CARTESIAN_POINT('',(-17.7916029365559,36.3658450285589,-14.8241981682011));
#5366=CARTESIAN_POINT('',(-18.6684157805136,37.9782048162039,-14.6290048627454));
#5367=CARTESIAN_POINT('',(-18.6684157805136,37.9782048162039,-14.6290048627454));
#5368=CARTESIAN_POINT('',(-15.5412661594073,37.9782048162047,-14.492465151328));
#5369=CARTESIAN_POINT('',(-15.5412661594073,19.5,-14.492465151328));
#5370=CARTESIAN_POINT('',(-15.5412661594073,14.3390557939914,-14.492465151328));
#5371=CARTESIAN_POINT('',(-18.5019947976188,14.3390557939914,-14.6642858476932));
#5372=CARTESIAN_POINT('',(-18.5019947976188,14.3390557939914,-14.6642858476932));
#5373=CARTESIAN_POINT('',(-17.6963307083748,15.9327223361546,-14.826453066873));
#5374=CARTESIAN_POINT('',(-16.8285261837291,19.5003460026617,-14.7840885341409));
#5375=CARTESIAN_POINT('',(-17.6990479650568,23.0726526099531,-14.8259061268197));
#5376=CARTESIAN_POINT('',(-18.5019947976188,24.6609442060086,-14.6642858476933));
#5377=CARTESIAN_POINT('',(-18.5019947976188,24.6609442060086,-14.6642858476933));
#5378=CARTESIAN_POINT('',(-15.5412661594073,24.6609442060086,-14.492465151328));
#5379=CARTESIAN_POINT('',(-15.5412661594072,6.50000000000004,-14.492465151328));
#5380=CARTESIAN_POINT('',(-19.2911766745321,-4.30978534829311E-15,-14.4665590023014));
#5381=CARTESIAN_POINT('',(-18.151778581053,1.67964109199618,-14.8061380720453));
#5382=CARTESIAN_POINT('',(-17.0761469810686,4.66971199156128,-14.7999685399665));
#5383=CARTESIAN_POINT('',(-17.35937423901,8.81264654874959,-14.8118340362702));
#5384=CARTESIAN_POINT('',(-18.0420115007881,10.7510612909081,-14.7568730848706));
#5385=CARTESIAN_POINT('',(-18.5019947976188,11.6609442060086,-14.6642858476932));
#5386=CARTESIAN_POINT('',(-18.5019947976188,11.6609442060086,-14.6642858476932));
#5387=CARTESIAN_POINT('',(-15.5412661594072,11.6609442060086,-14.492465151328));
#5388=CARTESIAN_POINT('',(-15.5412661594074,63.2756823611262,-14.4924651513281));
#5389=CARTESIAN_POINT('',(-18.9015171159118,40.2563994575701,-14.3502861717776));
#5390=CARTESIAN_POINT('',(-18.0581161543951,43.1294284949017,-14.7303834491312));
#5391=CARTESIAN_POINT('',(-16.5617494624342,48.9786243267394,-15.0277559283216));
#5392=CARTESIAN_POINT('',(-15.8287663949032,54.9926603341956,-14.7230316058692));
#5393=CARTESIAN_POINT('',(-15.6651946243654,58.0091199918081,-14.6080303145034));
#5394=CARTESIAN_POINT('',(-18.9015171159118,40.2563994575701,-14.3502861717776));
#5395=CARTESIAN_POINT('',(-15.5412661594073,40.2586066251543,-14.492465151328));
#5396=CARTESIAN_POINT('',(-18.900663346279,40.2586066251543,-14.6391454122464));
#5397=CARTESIAN_POINT('',(-18.900663346279,40.2586066251544,-14.6391454122464));
#5398=CARTESIAN_POINT('',(-18.9048672081335,40.2586066251543,-14.5428649611504));
#5399=CARTESIAN_POINT('',(-18.9051502866725,40.257874113993,-14.4465785186566));
#5400=CARTESIAN_POINT('',(-18.901517115913,40.2563994575659,-14.3502861717785));
#5401=CARTESIAN_POINT('',(5.73537235893704,64.,1.76224399682365));
#5402=CARTESIAN_POINT('',(16.4932228046942,58.1301004922646,-13.8988113247926));
#5403=CARTESIAN_POINT('',(16.0960626647042,60.0576251319742,-14.1716275112682));
#5404=CARTESIAN_POINT('',(15.9149484128091,62.0139236709321,-14.2808522607422));
#5405=CARTESIAN_POINT('',(15.9727402432072,64.,-14.2438891652525));
#5406=CARTESIAN_POINT('',(16.4932228046943,58.1301004922646,-13.8988113247925));
#5407=CARTESIAN_POINT('',(22.5016958811153,0.,-7.17589873808781));
#5408=CARTESIAN_POINT('',(22.1204700771861,0.111583430925036,-7.89100872830027));
#5409=CARTESIAN_POINT('',(21.2979729124978,0.625109591204099,-9.20888574565096));
#5410=CARTESIAN_POINT('',(20.0738778727523,2.09818851399879,-10.7438930317361));
#5411=CARTESIAN_POINT('',(19.0679723095102,4.07456423532935,-11.7878466910285));
#5412=CARTESIAN_POINT('',(18.595204557628,6.50639823359823,-12.2227826325693));
#5413=CARTESIAN_POINT('',(19.0696779172286,8.9287968455973,-11.7862013860481));
#5414=CARTESIAN_POINT('',(20.0795054653883,10.9121488082644,-10.738047427747));
#5415=CARTESIAN_POINT('',(21.3067324912563,12.3813763468581,-9.19574378414855));
#5416=CARTESIAN_POINT('',(22.1204900379692,12.8884224115241,-7.89097128551579));
#5417=CARTESIAN_POINT('',(22.5016958811121,12.9999999999991,-7.17589873809392));
#5418=CARTESIAN_POINT('',(22.5016958811121,12.9999999999991,-7.17589873809392));
#5419=CARTESIAN_POINT('',(22.501695881112,13.0000000000011,-7.17589873809417));
#5420=CARTESIAN_POINT('',(22.1204700771826,13.111583430927,-7.89100872830614));
#5421=CARTESIAN_POINT('',(21.297972912494,13.6251095912077,-9.20888574565628));
#5422=CARTESIAN_POINT('',(20.0738778727494,15.0981885140033,-10.7438930317393));
#5423=CARTESIAN_POINT('',(19.0679723095084,17.0745642353344,-11.7878466910302));
#5424=CARTESIAN_POINT('',(18.595204557628,19.5063982336031,-12.2227826325692));
#5425=CARTESIAN_POINT('',(19.06967791723,21.9287968456008,-11.7862013860468));
#5426=CARTESIAN_POINT('',(20.0795054653897,23.9121488082665,-10.7380474277454));
#5427=CARTESIAN_POINT('',(21.3067324912575,25.381376346859,-9.19574378414683));
#5428=CARTESIAN_POINT('',(22.12049003797,25.8884224115244,-7.89097128551438));
#5429=CARTESIAN_POINT('',(22.5016958811127,25.9999999999991,-7.17589873809269));
#5430=CARTESIAN_POINT('',(22.5016958811127,25.9999999999991,-7.17589873809269));
#5431=CARTESIAN_POINT('',(22.5016958811126,26.0000000000012,-7.17589873809294));
#5432=CARTESIAN_POINT('',(21.8707141322967,26.1846861037713,-8.35950527146229));
#5433=CARTESIAN_POINT('',(20.7896104713281,27.072937469128,-9.90686901956439));
#5434=CARTESIAN_POINT('',(19.5710642529718,29.0132012694221,-11.2776670748269));
#5435=CARTESIAN_POINT('',(18.8732822881654,30.8099669935706,-11.9682930444679));
#5436=CARTESIAN_POINT('',(18.6563403796416,32.849165515675,-12.167049237399));
#5437=CARTESIAN_POINT('',(19.0710500661872,34.8285276452457,-11.7804761373058));
#5438=CARTESIAN_POINT('',(19.8591803319207,36.5122334332736,-10.9698280402321));
#5439=CARTESIAN_POINT('',(20.5065360270783,37.4122951568902,-10.201170494663));
#5440=CARTESIAN_POINT('',(20.8444319886009,37.7938674653515,-9.75801281920529));
#5441=CARTESIAN_POINT('',(20.8444319886009,37.7938674653515,-9.75801281920528));
#5442=CARTESIAN_POINT('',(20.8444319886009,37.7938674653515,-9.75801281920528));
#5443=CARTESIAN_POINT('',(20.0741145442703,41.0997437666848,-10.7683003836255));
#5444=CARTESIAN_POINT('',(18.5500876972348,47.8218782324738,-12.360808749789));
#5445=CARTESIAN_POINT('',(17.2006726638139,54.6966566556125,-13.4128517501669));
#5446=CARTESIAN_POINT('',(16.4932228046942,58.1301004922646,-13.8988113247925));
#5447=CARTESIAN_POINT('',(-26.4123730172941,-4.97603933148227,-9.64929992530184));
#5448=CARTESIAN_POINT('',(-22.3375623301865,-4.62750387482411,-7.46690958105907));
#5449=CARTESIAN_POINT('',(-22.545143821565,-0.0134277286791588,-7.07245051224326));
#5450=CARTESIAN_POINT('',(-25.4714946720136,-4.81974903078844,-10.6601956725779));
#5451=CARTESIAN_POINT('',(-21.827743727462,-4.19503739301557,-8.40021135796003));
#5452=CARTESIAN_POINT('',(-22.2066165725954,0.0752775772949252,-7.71574073292028));
#5453=CARTESIAN_POINT('',(-23.9469345942606,-4.258217131842,-12.0214823207956));
#5454=CARTESIAN_POINT('',(-20.9946673393523,-3.32509399803201,-9.66536215132236));
#5455=CARTESIAN_POINT('',(-21.6415266497433,0.393984871077343,-8.64917434117677));
#5456=CARTESIAN_POINT('',(-21.9595117280147,-2.92331103019518,-13.3211089403975));
#5457=CARTESIAN_POINT('',(-19.9219206412159,-1.7759271806894,-10.9734661813965));
#5458=CARTESIAN_POINT('',(-20.8643693363874,1.15163428016672,-9.72626463476099));
#5459=CARTESIAN_POINT('',(-20.0380490134435,-1.17266145803628,-14.2943155233955));
#5460=CARTESIAN_POINT('',(-18.9416259382877,-0.0185277470821292,-12.0222273841866));
#5461=CARTESIAN_POINT('',(-20.0806036793429,2.14524619948866,-10.7042111258274));
#5462=CARTESIAN_POINT('',(-18.4189037322303,1.13617953881491,-14.722327708559));
#5463=CARTESIAN_POINT('',(-18.1331641261166,2.06448224634651,-12.7333984932065));
#5464=CARTESIAN_POINT('',(-19.3523709910149,3.45566946797665,-11.4812772449776));
#5465=CARTESIAN_POINT('',(-17.4409635168014,4.06500086130046,-14.8058595875832));
#5466=CARTESIAN_POINT('',(-17.6463949152143,4.52377559384225,-13.1187204770737));
#5467=CARTESIAN_POINT('',(-18.8529906907105,5.11797346181912,-11.9668948795741));
#5468=CARTESIAN_POINT('',(-17.1708587232971,6.52399045815141,-14.8048223290506));
#5469=CARTESIAN_POINT('',(-17.5112340067138,6.51940554040016,-13.2206382058669));
#5470=CARTESIAN_POINT('',(-18.70461233636,6.51361620597767,-12.1052553609688));
#5471=CARTESIAN_POINT('',(-17.4544224582026,8.99332508276476,-14.8056525040097));
#5472=CARTESIAN_POINT('',(-17.6530905274473,8.52403455732705,-13.1135762640629));
#5473=CARTESIAN_POINT('',(-18.8602599567009,7.91513045238071,-11.9600217579919));
#5474=CARTESIAN_POINT('',(-18.1884795172559,11.1613898690337,-14.7399126978541));
#5475=CARTESIAN_POINT('',(-18.0155157932994,10.33209389123,-12.8262582044997));
#5476=CARTESIAN_POINT('',(-19.233863207488,9.14565370944894,-11.5961548299118));
#5477=CARTESIAN_POINT('',(-19.2457251799802,13.0381316194879,-14.5073069416847));
#5478=CARTESIAN_POINT('',(-18.5376131805931,11.9735288747926,-12.3776378641584));
#5479=CARTESIAN_POINT('',(-19.7258960527083,10.2108314597193,-11.0831677262243));
#5480=CARTESIAN_POINT('',(-20.9699969210907,15.1630978575747,-13.8857689287478));
#5481=CARTESIAN_POINT('',(-19.4146942240778,13.9818747961436,-11.543621301688));
#5482=CARTESIAN_POINT('',(-20.4708798310591,11.4168933785711,-10.2387264773294));
#5483=CARTESIAN_POINT('',(-23.460367266185,17.0803902358374,-12.459600270919));
#5484=CARTESIAN_POINT('',(-20.7439660619389,16.0646557567758,-10.0479024879142));
#5485=CARTESIAN_POINT('',(-21.4613193367784,12.5050863504921,-8.94798158646603));
#5486=CARTESIAN_POINT('',(-25.4690471640262,17.8193884816817,-10.6628655576122));
#5487=CARTESIAN_POINT('',(-21.8264690736799,17.1939817455563,-8.40258438817969));
#5488=CARTESIAN_POINT('',(-22.2057384610339,12.9245177860137,-7.71742988362627));
#5489=CARTESIAN_POINT('',(-26.4126952320261,17.9760928470572,-9.64895372542476));
#5490=CARTESIAN_POINT('',(-22.3377424999842,17.6276567038851,-7.46657974541194));
#5491=CARTESIAN_POINT('',(-22.5452597537319,13.0134581023839,-7.07223020733424));
#5492=CARTESIAN_POINT('',(-18.5019947976188,11.6609442060087,-14.6642858476932));
#5493=CARTESIAN_POINT('',(-18.5859685642996,11.745242851577,-13.9430589621484));
#5494=CARTESIAN_POINT('',(-19.0559812585518,11.9662035998128,-12.5725794197041));
#5495=CARTESIAN_POINT('',(-20.186496158836,12.3967229479019,-10.7729501647381));
#5496=CARTESIAN_POINT('',(-21.4078966130671,12.8020515398525,-9.02849779213766));
#5497=CARTESIAN_POINT('',(-22.1571668489654,12.9618778403652,-7.80067348576773));
#5498=CARTESIAN_POINT('',(-22.4967625816135,12.9999999999999,-7.1637838556066));
#5499=CARTESIAN_POINT('',(-26.4123730172852,8.02396066851935,-9.64929992531143));
#5500=CARTESIAN_POINT('',(-22.3375623301816,8.37249612518019,-7.46690958106817));
#5501=CARTESIAN_POINT('',(-22.5451438215618,12.9865722713218,-7.07245051224941));
#5502=CARTESIAN_POINT('',(-25.4714946720047,8.18025096921471,-10.6601956725921));
#5503=CARTESIAN_POINT('',(-21.8277437274566,8.80496260699261,-8.40021135797245));
#5504=CARTESIAN_POINT('',(-22.2066165725927,13.0752775772971,-7.71574073292496));
#5505=CARTESIAN_POINT('',(-23.9469345942517,8.74178286816253,-12.0214823208012));
#5506=CARTESIAN_POINT('',(-20.9946673393475,9.67490600197331,-9.66536215132804));
#5507=CARTESIAN_POINT('',(-21.6415266497398,13.3939848710799,-8.64917434118212));
#5508=CARTESIAN_POINT('',(-21.9595117280068,10.0766889698111,-13.3211089404023));
#5509=CARTESIAN_POINT('',(-19.9219206412118,11.2240728193174,-10.9734661814014));
#5510=CARTESIAN_POINT('',(-20.8643693363842,14.1516342801703,-9.72626463476511));
#5511=CARTESIAN_POINT('',(-20.0380490134368,11.8273385419715,-14.2943155233979));
#5512=CARTESIAN_POINT('',(-18.9416259382843,12.9814722529252,-12.0222273841897));
#5513=CARTESIAN_POINT('',(-20.08060367934,15.1452461994931,-10.7042111258307));
#5514=CARTESIAN_POINT('',(-18.4189037322256,14.1361795388236,-14.7223277085598));
#5515=CARTESIAN_POINT('',(-18.1331641261143,15.0644822463541,-12.7333984932085));
#5516=CARTESIAN_POINT('',(-19.3523709910126,16.4556694679816,-11.4812772449799));
#5517=CARTESIAN_POINT('',(-17.4409635167992,17.0650008613102,-14.8058595875833));
#5518=CARTESIAN_POINT('',(-17.6463949152132,17.5237755938502,-13.1187204770746));
#5519=CARTESIAN_POINT('',(-18.8529906907093,18.1179734618247,-11.9668948795752));
#5520=CARTESIAN_POINT('',(-17.1708587232971,19.523990458161,-14.8048223290506));
#5521=CARTESIAN_POINT('',(-17.5112340067138,19.5194055404079,-13.2206382058669));
#5522=CARTESIAN_POINT('',(-18.70461233636,19.5136162059831,-12.1052553609688));
#5523=CARTESIAN_POINT('',(-17.4544224582044,21.9933250827727,-14.8056525040097));
#5524=CARTESIAN_POINT('',(-17.6530905274482,21.5240345573336,-13.1135762640622));
#5525=CARTESIAN_POINT('',(-18.8602599567019,20.9151304523852,-11.960021757991));
#5526=CARTESIAN_POINT('',(-18.1884795172588,24.1613898690401,-14.7399126978537));
#5527=CARTESIAN_POINT('',(-18.0155157933008,23.3320938912354,-12.8262582044986));
#5528=CARTESIAN_POINT('',(-19.2338632074894,22.1456537094526,-11.5961548299104));
#5529=CARTESIAN_POINT('',(-19.2457251799835,26.0381316194928,-14.5073069416838));
#5530=CARTESIAN_POINT('',(-18.5376131805946,24.9735288747969,-12.3776378641569));
#5531=CARTESIAN_POINT('',(-19.7258960527098,23.210831459722,-11.0831677262227));
#5532=CARTESIAN_POINT('',(-20.9699969210943,28.1630978575779,-13.8857689287463));
#5533=CARTESIAN_POINT('',(-19.41469422408,26.9818747961469,-11.5436213016864));
#5534=CARTESIAN_POINT('',(-20.4708798310605,24.416893378573,-10.2387264773277));
#5535=CARTESIAN_POINT('',(-23.4603672661876,30.0803902358389,-12.4596002709155));
#5536=CARTESIAN_POINT('',(-20.7439660619376,29.0646557567785,-10.0479024879096));
#5537=CARTESIAN_POINT('',(-21.4613193367797,25.5050863504925,-8.94798158646403));
#5538=CARTESIAN_POINT('',(-25.4690471640292,30.8193884816822,-10.6628655576127));
#5539=CARTESIAN_POINT('',(-21.8264690736866,30.1939817455547,-8.40258438818462));
#5540=CARTESIAN_POINT('',(-22.2057384610342,25.9245177860145,-7.71742988362569));
#5541=CARTESIAN_POINT('',(-26.4126952320279,30.9760928470573,-9.64895372542287));
#5542=CARTESIAN_POINT('',(-22.3377424999852,30.6276567038859,-7.4665797454101));
#5543=CARTESIAN_POINT('',(-22.5452597537325,26.0134581023839,-7.07223020733308));
#5544=CARTESIAN_POINT('',(-18.5019947976195,14.3390557939908,-14.6642858476869));
#5545=CARTESIAN_POINT('',(-18.5859684543992,14.2547572587498,-13.9430599060599));
#5546=CARTESIAN_POINT('',(-19.055979639034,14.0337847745864,-12.5725829416438));
#5547=CARTESIAN_POINT('',(-20.1864947519263,13.6033205810817,-10.7729515827649));
#5548=CARTESIAN_POINT('',(-21.4078854098267,13.1977925307957,-9.02851641801009));
#5549=CARTESIAN_POINT('',(-22.1571755196936,13.0384620601866,-7.80065722438282));
#5550=CARTESIAN_POINT('',(-22.4967625816135,13.0000000000007,-7.16378385560663));
#5551=CARTESIAN_POINT('',(-18.5019947976187,24.6609442060087,-14.6642858476933));
#5552=CARTESIAN_POINT('',(-18.5859685642996,24.745242851577,-13.9430589621483));
#5553=CARTESIAN_POINT('',(-19.0559812585519,24.9662035998122,-12.5725794197037));
#5554=CARTESIAN_POINT('',(-20.1864961588364,25.3967229479044,-10.7729501647376));
#5555=CARTESIAN_POINT('',(-21.407896613068,25.802051539844,-9.02849779213622));
#5556=CARTESIAN_POINT('',(-22.1571668489655,25.9618778403839,-7.80067348576755));
#5557=CARTESIAN_POINT('',(-22.4967625816142,26.,-7.16378385560542));
#5558=CARTESIAN_POINT('',(-26.3873914085752,21.0281575612162,-9.67609933037036));
#5559=CARTESIAN_POINT('',(-22.3235948445687,21.3843715059714,-7.49243739555739));
#5560=CARTESIAN_POINT('',(-22.53615289523,25.9889542915013,-7.08951459908107));
#5561=CARTESIAN_POINT('',(-25.6211673829413,21.1583278557181,-10.4968137033385));
#5562=CARTESIAN_POINT('',(-21.9060605070608,21.740175825447,-8.25430055228739));
#5563=CARTESIAN_POINT('',(-22.2603088724065,26.0628347290381,-7.61240161616445));
#5564=CARTESIAN_POINT('',(-23.990433529914,21.7057608993396,-12.0034305508661));
#5565=CARTESIAN_POINT('',(-21.0223137049383,22.636949117399,-9.64129263569252));
#5566=CARTESIAN_POINT('',(-21.6586020807677,26.3735399698413,-8.63098271905122));
#5567=CARTESIAN_POINT('',(-21.5369764426969,23.3225017812346,-13.6169949889055));
#5568=CARTESIAN_POINT('',(-19.7106685622692,24.495428295478,-11.2392001969339));
#5569=CARTESIAN_POINT('',(-20.7022860692712,27.2911496596344,-9.95742068433836));
#5570=CARTESIAN_POINT('',(-19.2961152431709,25.7242109064361,-14.5431037637692));
#5571=CARTESIAN_POINT('',(-18.5707750285705,26.8110854263933,-12.3639011357554));
#5572=CARTESIAN_POINT('',(-19.7603473146373,28.654281865811,-11.0602243776839));
#5573=CARTESIAN_POINT('',(-17.9118143709813,28.3674951329367,-14.7778132451746));
#5574=CARTESIAN_POINT('',(-17.8801439724652,29.1164225299941,-12.9362518369017));
#5575=CARTESIAN_POINT('',(-19.0986430157532,30.1545242646409,-11.7309525729868));
#5576=CARTESIAN_POINT('',(-17.3193477497426,30.8885486641659,-14.8056395966661));
#5577=CARTESIAN_POINT('',(-17.5853071910785,31.1959540849368,-13.1648331404778));
#5578=CARTESIAN_POINT('',(-18.7862892634138,31.585392485066,-12.0291483007926));
#5579=CARTESIAN_POINT('',(-17.209759105099,32.908395498473,-14.8054818282282));
#5580=CARTESIAN_POINT('',(-17.5306795633823,32.8298823937141,-13.2060653532491));
#5581=CARTESIAN_POINT('',(-18.726212507633,32.7317920396779,-12.0852223293645));
#5582=CARTESIAN_POINT('',(-17.463362789126,34.8993890429389,-14.8024725029938));
#5583=CARTESIAN_POINT('',(-17.6568395464646,34.4465689600236,-13.1101443720525));
#5584=CARTESIAN_POINT('',(-18.8637414535541,33.8618154027342,-11.9560703552524));
#5585=CARTESIAN_POINT('',(-18.1955898048206,37.2816548714311,-14.7432867625753));
#5586=CARTESIAN_POINT('',(-18.0201526771745,36.434248694783,-12.8232529945658));
#5587=CARTESIAN_POINT('',(-19.2394049636156,35.2139122244046,-11.5916417136674));
#5588=CARTESIAN_POINT('',(-19.6948374160688,39.799585585496,-14.4193476261849));
#5589=CARTESIAN_POINT('',(-18.7698498016433,38.6694294543044,-12.1830323651582));
#5590=CARTESIAN_POINT('',(-19.9353068600569,36.6430080343756,-10.8683024613305));
#5591=CARTESIAN_POINT('',(-21.2326358584768,41.2990300944207,-13.7124248854202));
#5592=CARTESIAN_POINT('',(-19.5432452928585,40.1247572300825,-11.3905169615861));
#5593=CARTESIAN_POINT('',(-20.5704368651924,37.4940441089792,-10.1015571534698));
#5594=CARTESIAN_POINT('',(-22.0246617867704,41.9159278563976,-13.2470330680314));
#5595=CARTESIAN_POINT('',(-19.9500120559263,40.7764916628259,-10.9220489581286));
#5596=CARTESIAN_POINT('',(-20.8862528668581,37.8441752698471,-9.68390067475278));
#5597=CARTESIAN_POINT('',(-18.5019947976194,27.3390557939908,-14.6642858476869));
#5598=CARTESIAN_POINT('',(-18.5859684543992,27.2547572587498,-13.9430599060594));
#5599=CARTESIAN_POINT('',(-19.0559796390346,27.0337847745872,-12.5725829416425));
#5600=CARTESIAN_POINT('',(-20.1864947519276,26.6033205810777,-10.772951582763));
#5601=CARTESIAN_POINT('',(-21.4078854098294,26.1977925308082,-9.02851641800591));
#5602=CARTESIAN_POINT('',(-22.1571755196952,26.0384620601577,-7.80065722438033));
#5603=CARTESIAN_POINT('',(-22.4967625816158,26.0000000000004,-7.16378385560234));
#5604=CARTESIAN_POINT('',(-18.6705418948522,37.9797494292899,-14.6010205694197));
#5605=CARTESIAN_POINT('',(-18.7106085792208,37.9711773592806,-13.6881835835456));
#5606=CARTESIAN_POINT('',(-19.2574650665368,37.9418623429841,-11.9492452858421));
#5607=CARTESIAN_POINT('',(-20.2995315170452,37.8627184234039,-10.4537861590189));
#5608=CARTESIAN_POINT('',(-20.8413273737088,37.7938674653494,-9.74307236433192));
#5609=CARTESIAN_POINT('',(-18.6705418948501,37.979749429286,-14.6010205694196));
#5610=CARTESIAN_POINT('',(-18.6705418948501,37.979749429286,-14.6010205694196));
#5611=CARTESIAN_POINT('',(-18.6701300107767,37.9798375498572,-14.6104045007817));
#5612=CARTESIAN_POINT('',(-18.6694136688553,37.9793059253486,-14.6197310936025));
#5613=CARTESIAN_POINT('',(-18.6684157805127,37.9782048162022,-14.6290048627452));
#5614=CARTESIAN_POINT('',(-16.484333139032,58.3367125582741,-13.8885131352224));
#5615=CARTESIAN_POINT('',(-16.0322304536733,58.1707655860735,-14.1988700986076));
#5616=CARTESIAN_POINT('',(-15.6651946243654,58.0091199918087,-14.6080303145033));
#5617=CARTESIAN_POINT('',(-16.833440967669,56.5691668933312,-13.6488595142671));
#5618=CARTESIAN_POINT('',(-16.2250593883941,56.3336173676813,-14.0813922995452));
#5619=CARTESIAN_POINT('',(-15.7673996692558,56.1243363513589,-14.6798869211907));
#5620=CARTESIAN_POINT('',(-17.5240978935227,53.0405985356832,-13.1415654423419));
#5621=CARTESIAN_POINT('',(-16.6408756113051,52.6400379966526,-13.8250739854146));
#5622=CARTESIAN_POINT('',(-16.1208486882089,52.3617246992128,-14.8566124991556));
#5623=CARTESIAN_POINT('',(-18.9588433258452,46.0358246402049,-11.9237475600467));
#5624=CARTESIAN_POINT('',(-17.7011428436409,45.2735494385053,-13.1074656519865));
#5625=CARTESIAN_POINT('',(-17.4891018889947,44.892337341823,-14.9410014020359));
#5626=CARTESIAN_POINT('',(-20.1052991660322,40.9556472662684,-10.7134355845108));
#5627=CARTESIAN_POINT('',(-18.7755195833257,40.0304038579169,-12.2340549749979));
#5628=CARTESIAN_POINT('',(-19.0913146458235,39.4752013695159,-14.3683822374959));
#5629=CARTESIAN_POINT('',(-20.8686467123598,37.6764772021203,-9.70714714345354));
#5630=CARTESIAN_POINT('',(-19.5750817490301,36.6351041748311,-11.4123985412182));
#5631=CARTESIAN_POINT('',(-20.2314659584507,35.9785301297019,-13.6041377407545));
#5632=CARTESIAN_POINT('',(-18.9015171159164,40.2563994575684,-14.3502861717783));
#5633=CARTESIAN_POINT('',(-18.9884488249594,39.7080422512774,-12.5278109236146));
#5634=CARTESIAN_POINT('',(-19.9049982023731,38.850251588137,-10.9713247591233));
#5635=CARTESIAN_POINT('',(-20.8413273737124,37.7938674653513,-9.74307236432708));
#5636=CARTESIAN_POINT('',(-19.3141060309502,58.3367125582736,-18.0106952491233));
#5637=CARTESIAN_POINT('',(-15.6651946243654,58.0091199918081,-14.6080303145033));
#5638=CARTESIAN_POINT('',(-16.0322304536734,58.170765586073,-14.1988700986076));
#5639=CARTESIAN_POINT('',(-16.4843331390321,58.3367125582736,-13.8885131352223));
#5640=CARTESIAN_POINT('',(-15.2661138733169,59.9920289421755,-14.8450868828197));
#5641=CARTESIAN_POINT('',(-15.6518821316816,60.0924075337468,-14.4443775158702));
#5642=CARTESIAN_POINT('',(-16.1170501127597,60.1962799080011,-14.1406435658266));
#5643=CARTESIAN_POINT('',(-15.0837682837392,62.0162462792889,-14.9397749834441));
#5644=CARTESIAN_POINT('',(-15.4774268586717,62.0550099092597,-14.5437790720778));
#5645=CARTESIAN_POINT('',(-15.9482845644005,62.094586165823,-14.2434606694369));
#5646=CARTESIAN_POINT('',(-15.1477477683171,64.0850542542092,-14.9044531835526));
#5647=CARTESIAN_POINT('',(-15.5385214793611,64.06019531952,-14.5069437301809));
#5648=CARTESIAN_POINT('',(-16.0073546961848,64.0347094187953,-14.2054777966762));
#5649=CARTESIAN_POINT('',(22.5501494202849,-0.0134376137840675,-7.08440917695729));
#5650=CARTESIAN_POINT('',(22.3428257328575,-4.62709843326814,-7.47846798260382));
#5651=CARTESIAN_POINT('',(26.4174016048587,-4.97605674809568,-9.66025421611451));
#5652=CARTESIAN_POINT('',(22.2112965487288,0.0752823323181364,-7.72846466097923));
#5653=CARTESIAN_POINT('',(21.8328921591926,-4.19418905660572,-8.41220152398424));
#5654=CARTESIAN_POINT('',(25.475749864005,-4.81974065170904,-10.6715945097816));
#5655=CARTESIAN_POINT('',(21.4620048857106,0.495254278945015,-8.9673945321764));
#5656=CARTESIAN_POINT('',(20.7447730415656,-3.06089324554567,-10.0669503176833));
#5657=CARTESIAN_POINT('',(23.4551139669401,-4.07979008035998,-12.478312093091));
#5658=CARTESIAN_POINT('',(20.2685257487749,1.81423938104837,-10.5209485077622));
#5659=CARTESIAN_POINT('',(19.1644157325068,-0.573682610459141,-11.8418343491083));
#5660=CARTESIAN_POINT('',(20.4540028701991,-1.75586394756543,-14.19131088228));
#5661=CARTESIAN_POINT('',(19.3580206501839,3.44382939019351,-11.4934974233419));
#5662=CARTESIAN_POINT('',(18.1427052466316,2.04738182324542,-12.7418476876093));
#5663=CARTESIAN_POINT('',(18.4299096026698,1.11531844937481,-14.7281222475089));
#5664=CARTESIAN_POINT('',(18.8537603978711,5.10439510182599,-11.9837242601262));
#5665=CARTESIAN_POINT('',(17.6516954396549,4.50471756743374,-13.1306391760876));
#5666=CARTESIAN_POINT('',(17.4447007247069,4.04107708417218,-14.8116516509612));
#5667=CARTESIAN_POINT('',(18.7026840722352,6.50277261318401,-12.1244720468537));
#5668=CARTESIAN_POINT('',(17.5143613504378,6.50392028854277,-13.2341564043961));
#5669=CARTESIAN_POINT('',(17.1707730979705,6.50488508037125,-14.8100050426839));
#5670=CARTESIAN_POINT('',(18.8539625720692,7.89426363943134,-11.983574811808));
#5671=CARTESIAN_POINT('',(17.6518102535914,8.49343519285694,-13.1305749647697));
#5672=CARTESIAN_POINT('',(17.4448398628295,8.95655974566447,-14.8119605624543));
#5673=CARTESIAN_POINT('',(19.231201025649,9.14111818344051,-11.6165999699954));
#5674=CARTESIAN_POINT('',(18.0167731510781,10.3243264932421,-12.8414546751929));
#5675=CARTESIAN_POINT('',(18.1831542523553,11.1533987041587,-14.74776287746));
#5676=CARTESIAN_POINT('',(19.7226358724921,10.2026136638197,-11.1048757313848));
#5677=CARTESIAN_POINT('',(18.5369887537259,11.9592777669091,-12.3949710694071));
#5678=CARTESIAN_POINT('',(19.2362610707888,13.0236526457713,-14.5188708943495));
#5679=CARTESIAN_POINT('',(20.2840241067039,11.1116200985578,-10.4688747752296));
#5680=CARTESIAN_POINT('',(19.1889139193075,13.4541507519816,-11.7751760215024));
#5681=CARTESIAN_POINT('',(20.5333040817923,14.625235411768,-14.0528127810033));
#5682=CARTESIAN_POINT('',(20.8631874800293,11.8431628404583,-9.74703973496108));
#5683=CARTESIAN_POINT('',(19.9209945260488,14.7648215341264,-10.9926717450409));
#5684=CARTESIAN_POINT('',(21.9502851192516,15.9141440521485,-13.3386655982634));
#5685=CARTESIAN_POINT('',(21.6536188465584,12.6133173409847,-8.65128568896034));
#5686=CARTESIAN_POINT('',(21.0112015774633,16.3400148562638,-9.66275717303097));
#5687=CARTESIAN_POINT('',(23.9708299635264,17.2710829345807,-12.0180745131557));
#5688=CARTESIAN_POINT('',(22.2094061817847,12.9243005071274,-7.73212046375301));
#5689=CARTESIAN_POINT('',(21.8301566553874,17.1919448731708,-8.417331521759));
#5690=CARTESIAN_POINT('',(25.470475316971,17.8190056533534,-10.6773825565147));
#5691=CARTESIAN_POINT('',(22.5505026434173,13.0135300559218,-7.08373777548145));
#5692=CARTESIAN_POINT('',(22.3433743054116,17.6275641035312,-7.47746343294072));
#5693=CARTESIAN_POINT('',(26.4183832017394,17.9762196223383,-9.65919991068041));
#5694=CARTESIAN_POINT('',(18.501545359704,11.6609442060091,-14.6718626906515));
#5695=CARTESIAN_POINT('',(18.5874906161635,11.7455340504067,-13.9511763370054));
#5696=CARTESIAN_POINT('',(19.0603391973619,11.967065994589,-12.5823799422181));
#5697=CARTESIAN_POINT('',(20.1920403063357,12.3976528045745,-10.7842465442491));
#5698=CARTESIAN_POINT('',(21.4132923022409,12.8023897692523,-9.04025141060614));
#5699=CARTESIAN_POINT('',(22.1622451676646,12.9619204536778,-7.81264628736506));
#5700=CARTESIAN_POINT('',(22.5016958811122,13.,-7.17589873809378));
#5701=CARTESIAN_POINT('',(22.5501494202818,12.9865623862169,-7.08440917696327));
#5702=CARTESIAN_POINT('',(22.3428257328527,8.37290156673605,-7.47846798261266));
#5703=CARTESIAN_POINT('',(26.4174016048501,8.02394325190589,-9.66025421612383));
#5704=CARTESIAN_POINT('',(22.2112965487268,13.0752823323215,-7.72846466098257));
#5705=CARTESIAN_POINT('',(21.832892159176,8.80581094339396,-8.41220152398892));
#5706=CARTESIAN_POINT('',(25.4757498639925,8.18025934829391,-10.6715945097847));
#5707=CARTESIAN_POINT('',(21.4620048857068,13.4952542789471,-8.96739453218219));
#5708=CARTESIAN_POINT('',(20.744773041566,9.93910675446279,-10.0669503176907));
#5709=CARTESIAN_POINT('',(23.4551139669334,8.92020991964489,-12.4783120930996));
#5710=CARTESIAN_POINT('',(20.2685257487722,14.8142393810527,-10.5209485077653));
#5711=CARTESIAN_POINT('',(19.1644157325021,12.4263173895471,-11.8418343491112));
#5712=CARTESIAN_POINT('',(20.4540028701919,11.2441360524418,-14.1913108822821));
#5713=CARTESIAN_POINT('',(19.3580206501817,16.4438293901983,-11.4934974233442));
#5714=CARTESIAN_POINT('',(18.1427052466295,15.0473818232529,-12.7418476876112));
#5715=CARTESIAN_POINT('',(18.4299096026653,14.1153184493833,-14.7281222475098));
#5716=CARTESIAN_POINT('',(18.85376039787,18.1043951018314,-11.9837242601274));
#5717=CARTESIAN_POINT('',(17.6516954396538,17.5047175674415,-13.1306391760884));
#5718=CARTESIAN_POINT('',(17.4447007247047,17.0410770841817,-14.8116516509613));
#5719=CARTESIAN_POINT('',(18.7026840722352,19.5027726131892,-12.1244720468537));
#5720=CARTESIAN_POINT('',(17.5143613504378,19.5039202885502,-13.2341564043961));
#5721=CARTESIAN_POINT('',(17.1707730979705,19.5048850803804,-14.8100050426839));
#5722=CARTESIAN_POINT('',(18.8539625720701,20.8942636394358,-11.9835748118072));
#5723=CARTESIAN_POINT('',(17.6518102535923,21.4934351928634,-13.130574964769));
#5724=CARTESIAN_POINT('',(17.4448398628313,21.9565597456724,-14.8119605624543));
#5725=CARTESIAN_POINT('',(19.2312010256504,22.141118183444,-11.616599969994));
#5726=CARTESIAN_POINT('',(18.0167731510795,23.3243264932473,-12.8414546751918));
#5727=CARTESIAN_POINT('',(18.1831542523581,24.1533987041649,-14.7477628774596));
#5728=CARTESIAN_POINT('',(19.7226358724936,23.2026136638224,-11.1048757313832));
#5729=CARTESIAN_POINT('',(18.5369887537275,24.9592777669134,-12.3949710694056));
#5730=CARTESIAN_POINT('',(19.2362610707921,26.0236526457761,-14.5188708943486));
#5731=CARTESIAN_POINT('',(20.2840241067053,24.1116200985597,-10.4688747752278));
#5732=CARTESIAN_POINT('',(19.1889139193093,26.454150751985,-11.7751760215006));
#5733=CARTESIAN_POINT('',(20.5333040817956,27.6252354117715,-14.0528127810017));
#5734=CARTESIAN_POINT('',(20.8631874800303,24.8431628404596,-9.7470397349598));
#5735=CARTESIAN_POINT('',(19.9209945260502,27.7648215341289,-10.9926717450394));
#5736=CARTESIAN_POINT('',(21.9502851192549,28.9141440521509,-13.3386655982621));
#5737=CARTESIAN_POINT('',(21.6536188465604,25.6133173409856,-8.65128568895685));
#5738=CARTESIAN_POINT('',(21.0112015774662,29.3400148562662,-9.66275717302652));
#5739=CARTESIAN_POINT('',(23.9708299635292,30.271082934582,-12.0180745131508));
#5740=CARTESIAN_POINT('',(22.209406181781,25.9243005071266,-7.73212046376015));
#5741=CARTESIAN_POINT('',(21.8301566553823,30.1919448731686,-8.41733152176776));
#5742=CARTESIAN_POINT('',(25.470475316973,30.8190056533533,-10.6773825565246));
#5743=CARTESIAN_POINT('',(22.5505026434179,26.0135300559219,-7.08373777548028));
#5744=CARTESIAN_POINT('',(22.3433743054126,30.6275641035319,-7.47746343293887));
#5745=CARTESIAN_POINT('',(26.4183832017412,30.9762196223385,-9.65919991067851));
#5746=CARTESIAN_POINT('',(18.5015453597041,14.3390557939915,-14.6718626906515));
#5747=CARTESIAN_POINT('',(18.5874905045039,14.2544660594925,-13.9511772733168));
#5748=CARTESIAN_POINT('',(19.0603375844522,14.0329224151043,-12.582383436367));
#5749=CARTESIAN_POINT('',(20.1920389112057,13.6023905830872,-10.7842479434796));
#5750=CARTESIAN_POINT('',(21.4132811719486,13.1974547792141,-9.04026992137914));
#5751=CARTESIAN_POINT('',(22.1622537998028,13.0384183808599,-7.81263009505006));
#5752=CARTESIAN_POINT('',(22.5016958811121,13.0000000000007,-7.17589873809383));
#5753=CARTESIAN_POINT('',(18.5015453597041,24.6609442060087,-14.6718626906516));
#5754=CARTESIAN_POINT('',(18.5874906161635,24.7455340504063,-13.9511763370054));
#5755=CARTESIAN_POINT('',(19.060339197362,24.9670659945895,-12.5823799422179));
#5756=CARTESIAN_POINT('',(20.192040306336,25.3976528045734,-10.7842465442486));
#5757=CARTESIAN_POINT('',(21.4132923022413,25.8023897692569,-9.04025141060566));
#5758=CARTESIAN_POINT('',(22.1622451676654,25.9619204536683,-7.81264628736353));
#5759=CARTESIAN_POINT('',(22.5016958811128,26.,-7.17589873809258));
#5760=CARTESIAN_POINT('',(22.5411719442347,25.9889388906702,-7.10145163754976));
#5761=CARTESIAN_POINT('',(22.3288886929616,21.3847604013993,-7.50394625417171));
#5762=CARTESIAN_POINT('',(26.3924608691251,21.0281304264187,-9.68699959440445));
#5763=CARTESIAN_POINT('',(22.2648477510581,26.0628853971567,-7.62536956102685));
#5764=CARTESIAN_POINT('',(21.9109398268909,21.7411950381316,-8.26675035721858));
#5765=CARTESIAN_POINT('',(25.6250112387225,21.1584171290786,-10.5087151744482));
#5766=CARTESIAN_POINT('',(21.6637719958878,26.3722260093409,-8.64357073192311));
#5767=CARTESIAN_POINT('',(21.0288128685902,22.6354678221482,-9.65223268030127));
#5768=CARTESIAN_POINT('',(23.9959102517082,21.7034458256309,-12.0142623035662));
#5769=CARTESIAN_POINT('',(20.6998363454075,27.2975510508926,-9.97911591537818));
#5770=CARTESIAN_POINT('',(19.7086290089822,24.5086603751432,-11.2587629490852));
#5771=CARTESIAN_POINT('',(21.5258711571205,23.3337804230952,-13.6332284765683));
#5772=CARTESIAN_POINT('',(19.7687014329977,28.6463084581886,-11.0693663254571));
#5773=CARTESIAN_POINT('',(18.582812910481,26.7993424304797,-12.3696800691006));
#5774=CARTESIAN_POINT('',(19.3115739467432,25.7101625215441,-14.5475876339894));
#5775=CARTESIAN_POINT('',(18.9628561882484,30.4415684333306,-11.8853367825035));
#5776=CARTESIAN_POINT('',(17.7501491979287,29.5374591341637,-13.0595065914418));
#5777=CARTESIAN_POINT('',(17.6324668716287,28.8732396206403,-14.8278563966164));
#5778=CARTESIAN_POINT('',(18.6766443356805,32.3453721982074,-12.1486763022033));
#5779=CARTESIAN_POINT('',(17.4909417760012,32.2822064963833,-13.2517326049734));
#5780=CARTESIAN_POINT('',(17.1235480141756,32.227560539688,-14.8094013214557));
#5781=CARTESIAN_POINT('',(18.8594490154894,33.8491446371227,-11.9777944439007));
#5782=CARTESIAN_POINT('',(17.6573588766948,34.4279534288441,-13.1258200396342));
#5783=CARTESIAN_POINT('',(17.4572666045284,34.8770643606622,-14.8090128591758));
#5784=CARTESIAN_POINT('',(19.2399529106872,35.2201686439435,-11.6089736221199));
#5785=CARTESIAN_POINT('',(18.0246096716309,36.4425737166626,-12.8359434182061));
#5786=CARTESIAN_POINT('',(18.1966400031332,37.2926780868546,-14.7505627133306));
#5787=CARTESIAN_POINT('',(19.9400790459187,36.646235428264,-10.8810300349929));
#5788=CARTESIAN_POINT('',(18.7779231653642,38.6735717109301,-12.1920647696933));
#5789=CARTESIAN_POINT('',(19.7028055063063,39.8052719457916,-14.4251343035187));
#5790=CARTESIAN_POINT('',(20.5715448046989,37.4923233507896,-10.1190915161556));
#5791=CARTESIAN_POINT('',(19.5459336217288,40.1201872068652,-11.4054239327771));
#5792=CARTESIAN_POINT('',(21.2300830394503,41.295998283139,-13.7250307946375));
#5793=CARTESIAN_POINT('',(20.8896668753852,37.8444420179675,-9.69844349166277));
#5794=CARTESIAN_POINT('',(19.9551428537961,40.7755965980047,-10.934150535423));
#5795=CARTESIAN_POINT('',(22.0272864674584,41.9163978411811,-13.2572449340483));
#5796=CARTESIAN_POINT('',(18.501545359704,27.3390557939915,-14.6718626906516));
#5797=CARTESIAN_POINT('',(18.5874905045039,27.2544660594925,-13.9511772733167));
#5798=CARTESIAN_POINT('',(19.0603375844522,27.0329224151043,-12.5823834363667));
#5799=CARTESIAN_POINT('',(20.1920389112061,26.602390583087,-10.7842479434791));
#5800=CARTESIAN_POINT('',(21.4132811719491,26.1974547792143,-9.04026992137833));
#5801=CARTESIAN_POINT('',(22.1622537998035,26.0384183808591,-7.812630095049));
#5802=CARTESIAN_POINT('',(22.5016958811128,26.0000000000008,-7.1758987380926));
#5803=CARTESIAN_POINT('',(18.6680653859829,37.978204816205,-14.6368065599794));
#5804=CARTESIAN_POINT('',(18.6690934076054,37.9793152016145,-14.627491926935));
#5805=CARTESIAN_POINT('',(18.6698378114218,37.9798516633306,-14.6181231817064));
#5806=CARTESIAN_POINT('',(18.6702753368349,37.979763142683,-14.6086956652166));
#5807=CARTESIAN_POINT('',(18.6702753368337,37.9797631426863,-14.6086956652168));
#5808=CARTESIAN_POINT('',(18.6702753368338,37.9797631426864,-14.6086956652169));
#5809=CARTESIAN_POINT('',(18.7125727668932,37.9712054777027,-13.697297818354));
#5810=CARTESIAN_POINT('',(19.2641230377663,37.941747232051,-11.9566876570423));
#5811=CARTESIAN_POINT('',(20.3024644360779,37.8628132712428,-10.4688146875299));
#5812=CARTESIAN_POINT('',(20.8444319885979,37.7938674653498,-9.75801281920928));
#5813=CARTESIAN_POINT('',(15.6759965803794,57.7888037365297,-14.6181033014461));
#5814=CARTESIAN_POINT('',(16.0418825374351,57.9572014475487,-14.2088447801128));
#5815=CARTESIAN_POINT('',(16.4932228046946,58.1301004922632,-13.8988113247923));
#5816=CARTESIAN_POINT('',(15.888320882131,54.067738338111,-14.7637153110571));
#5817=CARTESIAN_POINT('',(16.4421918975088,54.3117979706932,-13.9646620651025));
#5818=CARTESIAN_POINT('',(17.2122447678576,54.6404941137237,-13.4049026712518));
#5819=CARTESIAN_POINT('',(16.96941510596,46.6011863942909,-15.1379418112564));
#5820=CARTESIAN_POINT('',(17.3705486884322,46.8574371806924,-13.391273302853));
#5821=CARTESIAN_POINT('',(18.5876418349892,47.6383792623957,-12.3302739775944));
#5822=CARTESIAN_POINT('',(19.1021079241743,39.4437595793397,-14.3688883036106));
#5823=CARTESIAN_POINT('',(18.7876978950852,40.0008295139458,-12.2387485865248));
#5824=CARTESIAN_POINT('',(20.114163552191,40.9261612294014,-10.7205580514526));
#5825=CARTESIAN_POINT('',(20.2325333189539,35.9796977860599,-13.6120745587746));
#5826=CARTESIAN_POINT('',(19.5804698058835,36.6369419716788,-11.4239402129862));
#5827=CARTESIAN_POINT('',(20.8715377838522,37.6775722275064,-9.72237598947126));
#5828=CARTESIAN_POINT('',(18.9018190051721,40.2563812542692,-14.3574743326446));
#5829=CARTESIAN_POINT('',(18.9930117287021,39.7073620482784,-12.5392847592829));
#5830=CARTESIAN_POINT('',(19.9083776019799,38.8498945803274,-10.9856678767151));
#5831=CARTESIAN_POINT('',(20.8444319886009,37.7938674653514,-9.75801281920526));
#5832=CARTESIAN_POINT('',(19.3242360798935,58.1301004922646,-18.0201416725862));
#5833=CARTESIAN_POINT('',(16.4932228046942,58.1301004922646,-13.8988113247926));
#5834=CARTESIAN_POINT('',(16.0418825374349,57.9572014475502,-14.2088447801129));
#5835=CARTESIAN_POINT('',(15.6759965803793,57.7888037365312,-14.618103301446));
#5836=CARTESIAN_POINT('',(16.0972888180488,60.0516742805379,-14.1707852452757));
#5837=CARTESIAN_POINT('',(15.6318588893671,59.9428928041654,-14.4737070889422));
#5838=CARTESIAN_POINT('',(15.2457585395009,59.8378318957313,-14.873916039823));
#5839=CARTESIAN_POINT('',(15.9123495021533,62.0237508450266,-14.2825202596591));
#5840=CARTESIAN_POINT('',(15.4407068112197,61.9818025449744,-14.5816820669571));
#5841=CARTESIAN_POINT('',(15.04600404154,61.9407125850752,-14.976689402936));
#5842=CARTESIAN_POINT('',(15.9738142143953,64.0360129684397,-14.2432022129014));
#5843=CARTESIAN_POINT('',(15.5042719779719,64.061542639967,-14.5435612796409));
#5844=CARTESIAN_POINT('',(15.1125628691085,64.0864442658468,-14.9401481275676));
#5845=CARTESIAN_POINT('',(18.9018190051726,40.2563812542671,-14.3574743326399));
#5846=CARTESIAN_POINT('',(19.2618550088738,39.0698752368447,-14.4848532262588));
#5847=CARTESIAN_POINT('',(18.6702753368375,37.9797631426875,-14.6086956652125));
#5848=CARTESIAN_POINT('',(18.9428467836556,40.0093764683777,-13.5394673469113));
#5849=CARTESIAN_POINT('',(19.1964863115055,38.9573157366216,-13.7538795014567));
#5850=CARTESIAN_POINT('',(18.7078941440232,37.9721520561307,-13.7981097157782));
#5851=CARTESIAN_POINT('',(19.385261769433,39.3674156305487,-11.9131708425654));
#5852=CARTESIAN_POINT('',(19.3707936582996,38.6621719073061,-12.1776513103293));
#5853=CARTESIAN_POINT('',(19.1549685356966,37.9459767226445,-12.1769621356089));
#5854=CARTESIAN_POINT('',(20.3219343048551,38.3834355528194,-10.4432795442574));
#5855=CARTESIAN_POINT('',(20.2627217527715,38.1293242845972,-10.5209380379367));
#5856=CARTESIAN_POINT('',(20.2035092238492,37.8752130121578,-10.5985965340728));
#5857=CARTESIAN_POINT('',(20.8444319886011,37.7938674653513,-9.75801281920532));
#5858=CARTESIAN_POINT('',(20.844431988601,37.7938674653514,-9.75801281920533));
#5859=CARTESIAN_POINT('',(20.844431988601,37.7938674653514,-9.75801281920535));
#5860=CARTESIAN_POINT('',(16.0297787027456,39.3972684517523,-14.4728419788425));
#5861=CARTESIAN_POINT('',(18.900286928602,40.2586066251575,-14.6475265269725));
#5862=CARTESIAN_POINT('',(19.2550267536834,39.0703551281831,-14.663902265347));
#5863=CARTESIAN_POINT('',(18.6680653859846,37.9782048162079,-14.6368065599756));
#5864=CARTESIAN_POINT('',(18.9047637281019,40.2586066305555,-14.5505477154418));
#5865=CARTESIAN_POINT('',(19.2575783767144,39.0710738908817,-14.6039692328663));
#5866=CARTESIAN_POINT('',(18.6691102053818,37.9793333437596,-14.6273397098169));
#5867=CARTESIAN_POINT('',(18.9052434469132,40.2578615487629,-14.453748071576));
#5868=CARTESIAN_POINT('',(19.2598475815207,39.0709080144777,-14.5442701874404));
#5869=CARTESIAN_POINT('',(18.6698449444318,37.9798502233045,-14.6179695168776));
#5870=CARTESIAN_POINT('',(18.9018190051719,40.2563812542655,-14.3574743326545));
#5871=CARTESIAN_POINT('',(19.2618550088723,39.0698752368435,-14.4848532262673));
#5872=CARTESIAN_POINT('',(18.6702753368369,37.9797631426862,-14.6086956652122));
#5873=CARTESIAN_POINT('',(16.0289633788868,39.3995768766256,-14.5149785583436));
#5874=CARTESIAN_POINT('',(15.5412661594073,39.3995768766255,-14.492465151328));
#5875=CARTESIAN_POINT('',(15.8983251641772,39.3995768766255,-14.8254280599172));
#5876=CARTESIAN_POINT('',(1.21498435600053E-15,39.3995768766254,2.30074864974007E-16));
#5877=CARTESIAN_POINT('',(-15.8983251641772,39.3995768766254,-14.8254280599173));
#5878=CARTESIAN_POINT('',(-15.5412661594073,39.3995768766254,-14.492465151328));
#5879=CARTESIAN_POINT('',(-16.0290180310805,39.3995768766254,-14.5137617018163));
#5880=CARTESIAN_POINT('',(-18.668415780513,37.9782048162078,-14.6290048627427));
#5881=CARTESIAN_POINT('',(-19.2554429241177,39.0703551281831,-14.65463603696));
#5882=CARTESIAN_POINT('',(-18.900663346278,40.2586066251575,-14.6391454122463));
#5883=CARTESIAN_POINT('',(-18.669429848249,37.9793237769364,-14.6195807149236));
#5884=CARTESIAN_POINT('',(-19.2578358012338,39.0710677982716,-14.5949494414194));
#5885=CARTESIAN_POINT('',(-18.904880575081,40.258606630507,-14.5425587831767));
#5886=CARTESIAN_POINT('',(-18.6701366741422,37.9798361273811,-14.6102527239671));
#5887=CARTESIAN_POINT('',(-19.2599495565866,39.0709030957076,-14.5354945975571));
#5888=CARTESIAN_POINT('',(-18.905134433032,40.257867669203,-14.4461582683155));
#5889=CARTESIAN_POINT('',(-18.6705418948529,37.9797494292859,-14.6010205694168));
#5890=CARTESIAN_POINT('',(-19.2618045943491,39.069878470409,-14.4763189873566));
#5891=CARTESIAN_POINT('',(-18.9015171159131,40.2563994575658,-14.350286171779));
#5892=CARTESIAN_POINT('',(-16.0297299695193,39.3972873344278,-14.4717972646233));
#5893=CARTESIAN_POINT('',(-18.6705418948529,37.979749429286,-14.601020569418));
#5894=CARTESIAN_POINT('',(-19.2618045943493,39.0698784704091,-14.4763189873566));
#5895=CARTESIAN_POINT('',(-18.901517115913,40.2563994575661,-14.3502861717784));
#5896=CARTESIAN_POINT('',(-18.7061745125545,37.9721260077087,-13.789204690091));
#5897=CARTESIAN_POINT('',(-19.1948849930427,38.9575234492204,-13.7445372724862));
#5898=CARTESIAN_POINT('',(-18.9405954123753,40.009897153094,-13.5310311857705));
#5899=CARTESIAN_POINT('',(-19.1479689533042,37.9461218007151,-12.1710813420552));
#5900=CARTESIAN_POINT('',(-19.3647151669555,38.66430764022,-12.1721687797575));
#5901=CARTESIAN_POINT('',(-19.3782359245909,39.3717059117676,-11.9073043832781));
#5902=CARTESIAN_POINT('',(-20.2005305015584,37.8751095424892,-10.5836531311053));
#5903=CARTESIAN_POINT('',(-20.2597225805625,38.1292379944415,-10.5060064916534));
#5904=CARTESIAN_POINT('',(-20.3189146677101,38.3833664421776,-10.428359843197));
#5905=CARTESIAN_POINT('',(-20.8413273737124,37.7938674653513,-9.74307236432711));
#5906=CARTESIAN_POINT('',(-20.8413273737124,37.7938674653513,-9.74307236432709));
#5907=CARTESIAN_POINT('',(-20.8413273737124,37.7938674653513,-9.74307236432708));
#5908=CARTESIAN_POINT('',(22.5016958811128,26.,-7.17589873809255));
#5909=CARTESIAN_POINT('',(22.5016958811128,26.0000000000004,-7.17589873809257));
#5910=CARTESIAN_POINT('',(22.5016958811128,26.0000000000007,-7.17589873809258));
#5911=CARTESIAN_POINT('',(22.0520427048058,25.951104227968,-8.01936598294719));
#5912=CARTESIAN_POINT('',(22.0520427012763,26.0000000000636,-8.01936598108363));
#5913=CARTESIAN_POINT('',(22.0520427047909,26.0488957721637,-8.01936598297526));
#5914=CARTESIAN_POINT('',(21.0697583349536,25.7033903773672,-9.54679304363744));
#5915=CARTESIAN_POINT('',(21.0694796745557,25.9999999999744,-9.55927838362781));
#5916=CARTESIAN_POINT('',(21.069758334959,26.2966096225786,-9.54679304361816));
#5917=CARTESIAN_POINT('',(19.7919387456117,25.2491017093165,-11.3668391297191));
#5918=CARTESIAN_POINT('',(19.9213875157993,25.9999999999909,-11.4848425915477));
#5919=CARTESIAN_POINT('',(19.7919387456239,26.7508982906697,-11.3668391297322));
#5920=CARTESIAN_POINT('',(18.8724588710699,24.886020347868,-13.0340840605237));
#5921=CARTESIAN_POINT('',(19.2674600659436,26.0000000000656,-13.2245481533366));
#5922=CARTESIAN_POINT('',(18.8724588710153,27.1139796522417,-13.0340840604907));
#5923=CARTESIAN_POINT('',(18.5664181073816,24.7247938686919,-14.1278779975996));
#5924=CARTESIAN_POINT('',(19.1577028149008,25.9999999998492,-14.2363444513419));
#5925=CARTESIAN_POINT('',(18.5664181075007,27.2752061310614,-14.127877997668));
#5926=CARTESIAN_POINT('',(18.5015453597041,24.6609442060087,-14.6718626906516));
#5927=CARTESIAN_POINT('',(19.1682388023981,26.0000000000001,-14.7122653537147));
#5928=CARTESIAN_POINT('',(18.5015453597041,27.3390557939914,-14.6718626906515));
#5929=CARTESIAN_POINT('',(15.8218889216271,26.,-14.5094713286559));
#5930=CARTESIAN_POINT('',(15.5412661594073,26.,-14.492465151328));
#5931=CARTESIAN_POINT('',(15.7468771768201,26.,-14.6842005269416));
#5932=CARTESIAN_POINT('',(1.73472347597681E-15,26.,7.36497802898572E-31));
#5933=CARTESIAN_POINT('',(-15.7468771768201,26.,-14.6842005269416));
#5934=CARTESIAN_POINT('',(-15.5412661594073,26.,-14.492465151328));
#5935=CARTESIAN_POINT('',(-15.8219315265642,26.,-14.5087530739043));
#5936=CARTESIAN_POINT('',(-22.4967625816142,26.0000000000008,-7.16378385560546));
#5937=CARTESIAN_POINT('',(-22.4967625816142,26.0000000000004,-7.16378385560544));
#5938=CARTESIAN_POINT('',(-22.4967625816142,26.,-7.16378385560542));
#5939=CARTESIAN_POINT('',(-22.0465904438261,26.0489868687467,-8.00805231595672));
#5940=CARTESIAN_POINT('',(-22.0465904402847,25.9999999999822,-8.00805231407215));
#5941=CARTESIAN_POINT('',(-22.0465904438265,25.9510131312175,-8.00805231595586));
#5942=CARTESIAN_POINT('',(-21.0632885763333,26.2974420794666,-9.53642282380954));
#5943=CARTESIAN_POINT('',(-21.0630249229011,26.0000000000082,-9.54901061278411));
#5944=CARTESIAN_POINT('',(-21.0632885763331,25.7025579205503,-9.53642282381006));
#5945=CARTESIAN_POINT('',(-19.7860756980048,26.7521005506344,-11.3566916903134));
#5946=CARTESIAN_POINT('',(-19.916118386323,25.9999999999982,-11.4750386154486));
#5947=CARTESIAN_POINT('',(-19.7860756980049,25.2478994493612,-11.3566916903128));
#5948=CARTESIAN_POINT('',(-18.8688993437411,27.1146721202206,-13.0250458177894));
#5949=CARTESIAN_POINT('',(-19.2648963255327,25.9999999999987,-13.215045607433));
#5950=CARTESIAN_POINT('',(-18.8688993437409,24.8853278797805,-13.0250458177911));
#5951=CARTESIAN_POINT('',(-18.5653880196965,27.2754173149426,-14.1198194309089));
#5952=CARTESIAN_POINT('',(-19.1571733988518,26.0000000000043,-14.2269309198931));
#5953=CARTESIAN_POINT('',(-18.565388019697,24.7245826850579,-14.1198194309051));
#5954=CARTESIAN_POINT('',(-18.5019947976174,27.3390557939912,-14.6642858476928));
#5955=CARTESIAN_POINT('',(-19.168789459585,26.,-14.7029821070099));
#5956=CARTESIAN_POINT('',(-18.5019947976174,24.6609442060088,-14.6642858476927));
#5957=CARTESIAN_POINT('',(22.5016958811122,13.,-7.17589873809378));
#5958=CARTESIAN_POINT('',(22.5016958811122,13.0000000000003,-7.17589873809379));
#5959=CARTESIAN_POINT('',(22.5016958811122,13.0000000000007,-7.17589873809381));
#5960=CARTESIAN_POINT('',(22.0520427048048,12.9511042279574,-8.01936598294905));
#5961=CARTESIAN_POINT('',(22.0520427012602,13.0000000000552,-8.01936598108229));
#5962=CARTESIAN_POINT('',(22.0520427047901,13.0488957721531,-8.0193659829765));
#5963=CARTESIAN_POINT('',(21.0697583349532,12.7033903773718,-9.5467930436377));
#5964=CARTESIAN_POINT('',(21.0694796745624,12.9999999999779,-9.55927838362965));
#5965=CARTESIAN_POINT('',(21.0697583349586,13.2966096225836,-9.54679304361874));
#5966=CARTESIAN_POINT('',(19.7919387456116,12.2491017093157,-11.3668391297199));
#5967=CARTESIAN_POINT('',(19.9213875157969,12.9999999999913,-11.4848425915479));
#5968=CARTESIAN_POINT('',(19.7919387456234,13.7508982906691,-11.3668391297328));
#5969=CARTESIAN_POINT('',(18.8724588710689,11.8860203478663,-13.034084060523));
#5970=CARTESIAN_POINT('',(19.2674600659453,13.0000000000603,-13.2245481533362));
#5971=CARTESIAN_POINT('',(18.8724588710165,14.1139796522397,-13.0340840604904));
#5972=CARTESIAN_POINT('',(18.5664181073838,11.7247938686965,-14.1278779976015));
#5973=CARTESIAN_POINT('',(19.1577028148985,12.9999999998617,-14.2363444513437));
#5974=CARTESIAN_POINT('',(18.5664181074982,14.2752061310665,-14.127877997669));
#5975=CARTESIAN_POINT('',(18.5015453597042,11.6609442060088,-14.6718626906516));
#5976=CARTESIAN_POINT('',(19.1682388023981,13.0000000000001,-14.7122653537147));
#5977=CARTESIAN_POINT('',(18.5015453597041,14.3390557939914,-14.6718626906515));
#5978=CARTESIAN_POINT('',(15.8218889216271,13.0000000000001,-14.5094713286559));
#5979=CARTESIAN_POINT('',(15.5412661594073,13.,-14.492465151328));
#5980=CARTESIAN_POINT('',(15.7468771768201,13.,-14.6842005269416));
#5981=CARTESIAN_POINT('',(-4.95354171804553E-31,13.,2.19280288536765E-31));
#5982=CARTESIAN_POINT('',(-15.7468771768201,13.,-14.6842005269416));
#5983=CARTESIAN_POINT('',(-15.5412661594073,13.,-14.492465151328));
#5984=CARTESIAN_POINT('',(-15.8219315265643,13.,-14.5087530739043));
#5985=CARTESIAN_POINT('',(-22.4967625816135,13.0000000000007,-7.16378385560663));
#5986=CARTESIAN_POINT('',(-22.4967625816135,13.0000000000003,-7.16378385560661));
#5987=CARTESIAN_POINT('',(-22.4967625816135,12.9999999999999,-7.1637838556066));
#5988=CARTESIAN_POINT('',(-22.0465904438252,13.0489868687776,-8.0080523159582));
#5989=CARTESIAN_POINT('',(-22.0465904402869,13.0000000000123,-8.0080523140711));
#5990=CARTESIAN_POINT('',(-22.046590443828,12.9510131312435,-8.00805231595303));
#5991=CARTESIAN_POINT('',(-21.0632885763329,13.2974420794524,-9.53642282381008));
#5992=CARTESIAN_POINT('',(-21.0630249228995,12.9999999999943,-9.54901061278574));
#5993=CARTESIAN_POINT('',(-21.0632885763316,12.702557920538,-9.53642282381246));
#5994=CARTESIAN_POINT('',(-19.7860756980047,13.7521005506381,-11.3566916903135));
#5995=CARTESIAN_POINT('',(-19.9161183863224,13.0000000000019,-11.4750386154487));
#5996=CARTESIAN_POINT('',(-19.786075698005,12.2478994493645,-11.3566916903129));
#5997=CARTESIAN_POINT('',(-18.8688993437406,14.1146721202202,-13.0250458177906));
#5998=CARTESIAN_POINT('',(-19.2648963255352,12.9999999999982,-13.2150456074335));
#5999=CARTESIAN_POINT('',(-18.8688993437405,11.885327879779,-13.0250458177908));
#6000=CARTESIAN_POINT('',(-18.5653880196975,14.2754173149409,-14.1198194309065));
#6001=CARTESIAN_POINT('',(-19.1571733988461,13.000000000003,-14.226930919892));
#6002=CARTESIAN_POINT('',(-18.5653880196975,11.7245826850591,-14.1198194309064));
#6003=CARTESIAN_POINT('',(-18.5019947976175,14.3390557939911,-14.6642858476927));
#6004=CARTESIAN_POINT('',(-19.168789459585,13.,-14.7029821070099));
#6005=CARTESIAN_POINT('',(-18.5019947976175,11.6609442060089,-14.6642858476927));
#6006=CARTESIAN_POINT('',(-15.5,106.666863819901,-14.5));
#6007=CARTESIAN_POINT('',(13.3151020868608,106.666863819901,-14.53401275171));
#6008=CARTESIAN_POINT('',(4.52334242176996,106.666863819901,-14.5236351400784));
#6009=CARTESIAN_POINT('',(-4.52578066773277,106.666863819901,-14.512953741973));
#6010=CARTESIAN_POINT('',(-13.3218443866605,0.,-14.5025710499251));
#6011=CARTESIAN_POINT('',(21.5,64.,4.));
#6012=CARTESIAN_POINT('',(21.0085517662462,64.,2.48170411994668));
#6013=CARTESIAN_POINT('',(18.8803025525963,62.,-4.09337701958594));
#6014=CARTESIAN_POINT('',(16.172847443797,64.,-12.4578753630239));
#6015=CARTESIAN_POINT('',(-21.5,64.,3.99999999999999));
#6016=CARTESIAN_POINT('',(-16.1719717078989,62.,-12.4280872339784));
#6017=CARTESIAN_POINT('',(-18.8856005798661,64.,-4.06106487874609));
#6018=CARTESIAN_POINT('',(-21.0075797145773,64.,2.48170411994668));
#6019=CARTESIAN_POINT('',(-21.0075797145773,64.,2.48170411994668));
#6020=CARTESIAN_POINT('',(0.,13.,0.));
#6021=CARTESIAN_POINT('',(-0.00120897016372931,26.,-1.0242217091048));
#6022=CARTESIAN_POINT('',(0.0147547316996369,8.,21.6249912919127));
#6023=CARTESIAN_POINT('',(0.0147547316996369,8.,21.6249912919127));
#6024=CARTESIAN_POINT('',(8.46124998871724,8.,-19.0890353976746));
#6025=CARTESIAN_POINT('',(8.46124998871724,8.,-19.0890353976746));
#6026=CARTESIAN_POINT('',(-8.18295917236614,8.,-19.2370869208569));
#6027=CARTESIAN_POINT('',(-8.18295917236614,8.,-19.2370869208569));
#6028=CARTESIAN_POINT('',(-5.50000696646986,135.365369682788,-14.5118037853597));
#6029=CARTESIAN_POINT('',(-17.7973732688696,135.365369682788,-5.56108527429594));
#6030=CARTESIAN_POINT('',(-6.28768067797462,135.365369682788,-13.9384903215762));
#6031=CARTESIAN_POINT('',(18.5795350712432,135.365369682788,-5.02257768901219));
#6032=CARTESIAN_POINT('',(6.29016363191151,135.365369682788,-13.9507431977828));
#6033=CARTESIAN_POINT('',(17.7893784058016,64.,-5.59662246597637));
#6034=CARTESIAN_POINT('',(-13.3183032510526,106.666863819901,-11.5025731398661));
#6035=CARTESIAN_POINT('',(13.3186432224687,64.,-11.534014841651));
#6036=CARTESIAN_POINT('',(-4.52223953212486,106.666863819901,-11.512955831914));
#6037=CARTESIAN_POINT('',(16.026098331268,135.365369682788,-3.16951649821297));
#6038=CARTESIAN_POINT('',(-16.0319321230198,64.,-3.13555078463377));
#6039=CARTESIAN_POINT('',(4.52688355737787,106.666863819901,-11.5236372300194));
#6040=CARTESIAN_POINT('',(-7.57920334703598,56.,-16.3949843139077));
#6041=CARTESIAN_POINT('',(-7.57920334703598,56.,-16.3949843139077));
#6042=CARTESIAN_POINT('',(7.54843665368452,56.,-16.412840667904));
#6043=CARTESIAN_POINT('',(7.54843665368452,56.,-16.412840667904));
#6044=CARTESIAN_POINT('',(1.30104260698261E-15,64.,2.48170411994668));
#6045=CARTESIAN_POINT('',(-20.0075797145773,43.91,2.48170411994668));
#6046=CARTESIAN_POINT('',(-20.0075797145773,42.91,2.48170411994668));
#6047=CARTESIAN_POINT('',(-13.0075797145773,42.91,2.48170411994668));
#6048=CARTESIAN_POINT('',(-17.0063220724303,42.91,2.48170411994668));
#6049=CARTESIAN_POINT('',(-17.0063220724303,43.91,2.48170411994668));
#6050=CARTESIAN_POINT('',(-17.0063220724303,60.,2.48170411994668));
#6051=CARTESIAN_POINT('',(-17.0063220724303,61.,2.48170411994668));
#6052=CARTESIAN_POINT('',(-21.0075797145773,61.,2.48170411994668));
#6053=CARTESIAN_POINT('',(-20.0075797145773,61.,2.48170411994668));
#6054=CARTESIAN_POINT('',(-20.0075797145773,60.,2.48170411994668));
#6055=CARTESIAN_POINT('',(20.9791372944589,64.,3.48170411994668));
#6056=CARTESIAN_POINT('',(15.0799329108246,50.,15.5693706713664));
#6057=CARTESIAN_POINT('',(15.0799329108246,55.,15.5693706713664));
#6058=CARTESIAN_POINT('',(15.0799329108246,55.,15.5693706713664));
#6059=CARTESIAN_POINT('',(16.2219993893199,55.,13.2292383630329));
#6060=CARTESIAN_POINT('',(16.2219993893199,64.,13.2292383630329));
#6061=CARTESIAN_POINT('',(18.3757036699869,64.,8.81622645463223));
#6062=CARTESIAN_POINT('',(18.3757036699869,61.,8.81622645463223));
#6063=CARTESIAN_POINT('',(20.9791372944589,61.,3.48170411994668));
#6064=CARTESIAN_POINT('',(-0.000756214351300358,50.,-13.4973862721147));
#6065=CARTESIAN_POINT('',(-0.000756214351299925,55.,-13.4973862721147));
#6066=CARTESIAN_POINT('',(-15.0728332264509,16.6433663589855,15.5738372701262));
#6067=CARTESIAN_POINT('',(-15.0728332264509,16.9541385022949,15.5738372701262));
#6068=CARTESIAN_POINT('',(-14.6494598446999,17.4471474021692,15.7935520123937));
#6069=CARTESIAN_POINT('',(-14.1177023711144,17.6033810382123,16.0510245063509));
#6070=CARTESIAN_POINT('',(-13.8410168935442,17.635912289255,16.180058497164));
#6071=CARTESIAN_POINT('',(-0.000756214351300358,17.4980506664083,-13.4973862721147));
#6072=CARTESIAN_POINT('',(-11.0075797145773,17.6413164980453,17.3434214620614));
#6073=CARTESIAN_POINT('',(-11.0075797145773,17.6413163442924,17.3433883636897));
#6074=CARTESIAN_POINT('',(-11.0075797145773,17.6460665001708,17.3433883636897));
#6075=CARTESIAN_POINT('',(-11.0075797145773,17.6508166560491,17.3433883636897));
#6076=CARTESIAN_POINT('',(-11.0075797145773,17.6555668119275,17.3433883636897));
#6077=CARTESIAN_POINT('',(-11.0075797145773,17.6555666581112,17.3433552653181));
#6078=CARTESIAN_POINT('',(-0.000756214351300358,6656.74312904733,-13.4973862721147));
#6079=CARTESIAN_POINT('',(-11.0119968043339,17.9949999999982,17.3418115833926));
#6080=CARTESIAN_POINT('',(-0.000756214351300358,17.995,-13.4973862721147));
#6081=CARTESIAN_POINT('',(-0.000756214351300358,26.395,-13.4973862721147));
#6082=CARTESIAN_POINT('',(-11.1206769443591,26.3950000000017,17.3027907835444));
#6083=CARTESIAN_POINT('',(-0.000756214351300358,6656.74312905712,-13.4973862721147));
#6084=CARTESIAN_POINT('',(-11.1264166313764,26.8412173894454,17.3007179550393));
#6085=CARTESIAN_POINT('',(-0.000756214351300358,26.6981499298322,-13.4973862721147));
#6086=CARTESIAN_POINT('',(-13.6116694807085,26.8365034122766,16.2859410060338));
#6087=CARTESIAN_POINT('',(-13.9291182412022,26.8358294981353,16.1408676398098));
#6088=CARTESIAN_POINT('',(-14.3962094413542,26.9357445704257,15.9177879921279));
#6089=CARTESIAN_POINT('',(-14.9248254228065,27.3254622493732,15.6508504210938));
#6090=CARTESIAN_POINT('',(-15.0728332264509,27.6546427917144,15.5738372701262));
#6091=CARTESIAN_POINT('',(-15.0728332264509,27.8311595554455,15.5738372701262));
#6092=CARTESIAN_POINT('',(-0.000756214351300358,32.21,-13.4973862721147));
#6093=CARTESIAN_POINT('',(-14.9801000699718,32.21,15.6217277486911));
#6094=CARTESIAN_POINT('',(-14.9801000699718,50.,15.6217277486911));
#6095=CARTESIAN_POINT('',(-14.9801000699718,42.91,15.6217277486911));
#6096=CARTESIAN_POINT('',(-0.000756214351300358,42.91,-13.4973862721147));
#6097=CARTESIAN_POINT('',(-0.000756214351300358,50.,-13.4973862721147));
#6098=CARTESIAN_POINT('',(-0.000756214351299925,55.,-13.4973862721147));
#6099=CARTESIAN_POINT('',(15.3233124510591,64.,12.7906476802778));
#6100=CARTESIAN_POINT('',(15.3233124510591,55.,12.7906476802778));
#6101=CARTESIAN_POINT('',(-15.3248586223255,64.,12.7906476802778));
#6102=CARTESIAN_POINT('',(-15.3248586223255,55.,12.7906476802778));
#6103=CARTESIAN_POINT('',(-21.0075797145773,61.,2.48170411994668));
#6104=CARTESIAN_POINT('',(-15.4084062198683,61.,4.48170411994668));
#6105=CARTESIAN_POINT('',(-16.2901863244055,61.,4.01004338674708));
#6106=CARTESIAN_POINT('',(-16.0075797145773,61.,3.48170411994668));
#6107=CARTESIAN_POINT('',(-18.3732776299738,61.,7.90442835435737));
#6108=CARTESIAN_POINT('',(-17.4914975254366,61.,8.37608908755696));
#6109=CARTESIAN_POINT('',(-20.0075797145773,61.,2.48170411994668));
#6110=CARTESIAN_POINT('',(-17.0063220724303,61.,3.48170411994668));
#6111=CARTESIAN_POINT('',(-16.0075797145773,61.,3.48170411994668));
#6112=CARTESIAN_POINT('',(-16.2901863244055,64.,4.01004338674708));
#6113=CARTESIAN_POINT('',(-18.3732776299738,61.,7.90442835435737));
#6114=CARTESIAN_POINT('',(19.7898528181742,61.,5.91858768071823));
#6115=CARTESIAN_POINT('',(17.4770167317261,61.,8.37763577187717));
#6116=CARTESIAN_POINT('',(18.3577068684818,61.,7.90394295683636));
#6117=CARTESIAN_POINT('',(15.9791372944589,61.,3.48170411994668));
#6118=CARTESIAN_POINT('',(16.2622197562859,61.,4.00801130490587));
#6119=CARTESIAN_POINT('',(15.3815296195302,61.,4.48170411994668));
#6120=CARTESIAN_POINT('',(15.9791372944589,61.,3.48170411994668));
#6121=CARTESIAN_POINT('',(16.2622197562859,61.,4.00801130490587));
#6122=CARTESIAN_POINT('',(18.3577068684818,61.,7.90394295683636));
#6123=CARTESIAN_POINT('',(-17.4914975254366,64.,8.37608908755696));
#6124=CARTESIAN_POINT('',(17.4770167317261,61.,8.37763577187717));
#6125=CARTESIAN_POINT('',(-15.4084062198683,61.,4.48170411994668));
#6126=CARTESIAN_POINT('',(15.3815296195302,64.,4.48170411994668));
#6127=CARTESIAN_POINT('',(-20.0075797145773,60.,2.48170411994668));
#6128=CARTESIAN_POINT('',(-17.0063220724303,60.,2.48170411994668));
#6129=CARTESIAN_POINT('',(-11.0075797145773,26.395,11.5817041199467));
#6130=CARTESIAN_POINT('',(-19.3389749568499,26.395,17.3027907835444));
#6131=CARTESIAN_POINT('',(-11.0075797145773,17.995,15.7817041199467));
#6132=CARTESIAN_POINT('',(-11.0075797145773,17.995,17.3418115833926));
#6133=CARTESIAN_POINT('',(-13.0075797145773,26.8412173894454,17.3007179550393));
#6134=CARTESIAN_POINT('',(-11.0075797145773,26.395,17.3027907835444));
#6135=CARTESIAN_POINT('',(-11.0075797145773,26.4501245448434,17.3025347116597));
#6136=CARTESIAN_POINT('',(-11.0075797145773,26.5052490896869,17.3022786397751));
#6137=CARTESIAN_POINT('',(-11.0075797145773,26.5603736345303,17.3020225678904));
#6138=CARTESIAN_POINT('',(-11.0075032650995,26.5603735510912,17.3020031114577));
#6139=CARTESIAN_POINT('',(-11.0073942316145,26.560373651374,17.3020225678122));
#6140=CARTESIAN_POINT('',(-11.0073943105156,26.655414154789,17.3015810729954));
#6141=CARTESIAN_POINT('',(-11.0470684437678,26.7490287341441,17.3011462020711));
#6142=CARTESIAN_POINT('',(-11.1264166313711,26.8412173894392,17.3007179550394));
#6143=CARTESIAN_POINT('',(-13.0075797145773,26.8412173894454,17.3007179550393));
#6144=CARTESIAN_POINT('',(-11.0075797145773,17.6555668118641,17.3433883636897));
#6145=CARTESIAN_POINT('',(-11.0075797145773,17.7687112079094,17.3428627702573));
#6146=CARTESIAN_POINT('',(-11.0075797145773,17.8818556039547,17.3423371768249));
#6147=CARTESIAN_POINT('',(-11.0075797145773,17.995,17.3418115833926));
#6148=CARTESIAN_POINT('',(-13.0075797145773,26.6137912588209,16.5129728427315));
#6149=CARTESIAN_POINT('',(-13.0075797145773,17.6376524845975,16.5546699992218));
#6150=CARTESIAN_POINT('',(-12.3497845592992,26.6151137859984,16.7976730112243));
#6151=CARTESIAN_POINT('',(-12.3497845592992,17.6389750117751,16.8393701677146));
#6152=CARTESIAN_POINT('',(-11.6826387507141,26.6163359503178,17.0607680867288));
#6153=CARTESIAN_POINT('',(-11.6826387507141,17.6401971760944,17.1024652432191));
#6154=CARTESIAN_POINT('',(-11.0075797145773,26.6174551185157,17.3016912071994));
#6155=CARTESIAN_POINT('',(-11.0075797145773,17.6413163442924,17.3433883636897));
#6156=CARTESIAN_POINT('',(-13.0075797145773,26.5602556398891,16.5132215335256));
#6157=CARTESIAN_POINT('',(-12.3497257886075,26.5602892806379,16.7979531264039));
#6158=CARTESIAN_POINT('',(-11.6826997212978,26.5603299983471,17.0610064926646));
#6159=CARTESIAN_POINT('',(-11.0075797145773,26.5603733604212,17.301956370992));
#6160=CARTESIAN_POINT('',(-10.9952647431162,26.5603741516387,17.3063488044866));
#6161=CARTESIAN_POINT('',(-10.9950683579182,26.703690610472,17.3057530531805));
#6162=CARTESIAN_POINT('',(-11.0083950483458,26.8414142559327,17.3430973654994));
#6163=CARTESIAN_POINT('',(-11.6772498363074,26.5603303217768,17.063255730914));
#6164=CARTESIAN_POINT('',(-11.6769875243165,26.7030697985429,17.06269105295));
#6165=CARTESIAN_POINT('',(-11.6910908715227,26.840282332331,17.0994283899013));
#6166=CARTESIAN_POINT('',(-12.3535169714977,26.5602890055608,16.796623197802));
#6167=CARTESIAN_POINT('',(-12.3532357547185,26.7023924242917,16.79607896128));
#6168=CARTESIAN_POINT('',(-12.3680324540096,26.8390408330597,16.8321710849512));
#6169=CARTESIAN_POINT('',(-13.0195013929985,26.5602550309818,16.5080587979657));
#6170=CARTESIAN_POINT('',(-13.0192747508449,26.7016649351634,16.5075001036625));
#6171=CARTESIAN_POINT('',(-13.0346457994814,26.837697263171,16.542941056066));
#6172=CARTESIAN_POINT('',(-20.2042759591213,16.572554963082,2.8487631785768));
#6173=CARTESIAN_POINT('',(-21.0075449988033,16.581558744482,3.48170411994668));
#6174=CARTESIAN_POINT('',(-21.0058368739287,16.775787365396,3.48170411994668));
#6175=CARTESIAN_POINT('',(-20.8141872254772,17.1199293302669,3.59917252706452));
#6176=CARTESIAN_POINT('',(-20.4541919396285,17.3480332081686,3.82265414791657));
#6177=CARTESIAN_POINT('',(-20.1469358571246,17.4702926937577,4.01301768504712));
#6178=CARTESIAN_POINT('',(-19.9103684519699,17.5331843877425,4.16223276949245));
#6179=CARTESIAN_POINT('',(-19.704705805408,17.5648579111681,4.28483658919536));
#6180=CARTESIAN_POINT('',(-19.5520907696481,17.5781767091024,4.39315500938491));
#6181=CARTESIAN_POINT('',(-19.4539249637234,17.5813427703894,4.43288876488272));
#6182=CARTESIAN_POINT('',(-19.4341696800665,17.5815479550958,4.47705883675176));
#6183=CARTESIAN_POINT('',(21.3322358651167,16.581558744482,4.48170411994668));
#6184=CARTESIAN_POINT('',(-14.3220641913147,27.8297687832231,14.8338560643767));
#6185=CARTESIAN_POINT('',(-19.4028383304785,27.7816795869111,4.48170411994668));
#6186=CARTESIAN_POINT('',(-19.8622820905234,26.8222215093019,4.19985274544128));
#6187=CARTESIAN_POINT('',(-19.6054747556368,27.7797616463461,4.06882942698495));
#6188=CARTESIAN_POINT('',(-20.21290733272,27.77262744997,2.83117662807565));
#6189=CARTESIAN_POINT('',(-19.8622820905234,26.8222215093019,4.19985274544128));
#6190=CARTESIAN_POINT('',(-20.1115603137607,26.8677463568002,4.04488035000484));
#6191=CARTESIAN_POINT('',(-20.4763729667889,26.990867705165,3.81689933343086));
#6192=CARTESIAN_POINT('',(-20.89070966831,27.3416912558967,3.5569113165054));
#6193=CARTESIAN_POINT('',(-21.0069942589194,27.6256462018488,3.48289699444989));
#6194=CARTESIAN_POINT('',(-21.0075646238765,27.7738377692811,3.48173486747125));
#6195=CARTESIAN_POINT('',(21.3322358651167,27.7816795869111,4.48170411994668));
#6196=CARTESIAN_POINT('',(-20.4448346968628,32.21,4.08170411994668));
#6197=CARTESIAN_POINT('',(-20.6076526866243,32.21,4.08170411994668));
#6198=CARTESIAN_POINT('',(-20.4885033120714,32.21,4.48170411994668));
#6199=CARTESIAN_POINT('',(-20.4448346968628,32.21,4.48170411994668));
#6200=CARTESIAN_POINT('',(-13.0075797145773,32.21,4.48170411994668));
#6201=CARTESIAN_POINT('',(-13.0075797145773,32.21,4.08170411994668));
#6202=CARTESIAN_POINT('',(-13.0075797145773,32.21,15.6217277486911));
#6203=CARTESIAN_POINT('',(-17.5229422612532,32.21,15.6217277486911));
#6204=CARTESIAN_POINT('',(-13.0075797145773,0.,0.));
#6205=CARTESIAN_POINT('',(-13.0075797145773,33.21,9.58170411994668));
#6206=CARTESIAN_POINT('',(-13.0075797145773,39.91,9.58170411994669));
#6207=CARTESIAN_POINT('',(-13.0075797145773,34.21,9.58170411994668));
#6208=CARTESIAN_POINT('',(-13.0075797145773,39.91,8.58170411994669));
#6209=CARTESIAN_POINT('',(-13.0075797145773,40.91,8.58170411994669));
#6210=CARTESIAN_POINT('',(-13.0075797145773,40.91,9.58170411994669));
#6211=CARTESIAN_POINT('',(-13.0075797145773,40.91,6.08170411994668));
#6212=CARTESIAN_POINT('',(-13.0075797145773,39.91,6.08170411994668));
#6213=CARTESIAN_POINT('',(-13.0075797145773,39.91,5.08170411994668));
#6214=CARTESIAN_POINT('',(-13.0075797145773,40.91,5.08170411994668));
#6215=CARTESIAN_POINT('',(-13.0075797145773,34.21,5.08170411994668));
#6216=CARTESIAN_POINT('',(-13.0075797145773,34.21,6.08170411994668));
#6217=CARTESIAN_POINT('',(-13.0075797145773,33.21,6.08170411994668));
#6218=CARTESIAN_POINT('',(-13.0075797145773,33.21,5.08170411994668));
#6219=CARTESIAN_POINT('',(-13.0075797145773,33.21,8.58170411994669));
#6220=CARTESIAN_POINT('',(-13.0075797145773,34.21,8.58170411994669));
#6221=CARTESIAN_POINT('',(-13.0075797145773,43.91,4.48170411994668));
#6222=CARTESIAN_POINT('',(-13.0075797145773,42.91,4.48170411994668));
#6223=CARTESIAN_POINT('',(-13.0075797145773,42.91,2.48170411994668));
#6224=CARTESIAN_POINT('',(-13.0075797145773,42.91,15.6217277486911));
#6225=CARTESIAN_POINT('',(-13.0075797145773,32.21,15.6217277486911));
#6226=CARTESIAN_POINT('',(-13.0075797145773,31.21,4.48170411994668));
#6227=CARTESIAN_POINT('',(-45.471205354831,33.21,5.08170411994668));
#6228=CARTESIAN_POINT('',(-13.0075797145773,33.21,8.58170411994669));
#6229=CARTESIAN_POINT('',(-24.4413767588198,33.21,6.08170411994668));
#6230=CARTESIAN_POINT('',(-45.471205354831,33.21,9.58170411994668));
#6231=CARTESIAN_POINT('',(-22.8865415168456,34.21,9.58170411994668));
#6232=CARTESIAN_POINT('',(-13.0075797145773,39.91,9.58170411994669));
#6233=CARTESIAN_POINT('',(-45.471205354831,40.91,9.58170411994669));
#6234=CARTESIAN_POINT('',(-13.0075797145773,40.91,6.08170411994668));
#6235=CARTESIAN_POINT('',(-22.7626027172664,40.91,8.58170411994669));
#6236=CARTESIAN_POINT('',(-45.471205354831,40.91,5.08170411994668));
#6237=CARTESIAN_POINT('',(-24.4413767588198,39.91,5.08170411994668));
#6238=CARTESIAN_POINT('',(-13.0075797145773,34.21,5.08170411994668));
#6239=CARTESIAN_POINT('',(-20.6076526866243,32.21,4.08170411994668));
#6240=CARTESIAN_POINT('',(-20.6076526866243,41.91,4.08170411994668));
#6241=CARTESIAN_POINT('',(-20.6076526866243,41.91,4.08170411994668));
#6242=CARTESIAN_POINT('',(-20.6076526866243,32.21,4.08170411994668));
#6243=CARTESIAN_POINT('',(-20.6076526866243,32.1265151389923,4.08170411994668));
#6244=CARTESIAN_POINT('',(-20.4885033120714,31.21,4.48170411994668));
#6245=CARTESIAN_POINT('',(-13.0075797145773,42.91,2.48170411994668));
#6246=CARTESIAN_POINT('',(-13.0075797145773,42.91,4.48170411994668));
#6247=CARTESIAN_POINT('',(-17.0063220724303,42.91,4.48170411994668));
#6248=CARTESIAN_POINT('',(-17.0063220724303,42.91,2.48170411994668));
#6249=CARTESIAN_POINT('',(-20.0075797145773,42.91,3.48170411994668));
#6250=CARTESIAN_POINT('',(-17.5229422612532,42.91,15.6217277486911));
#6251=CARTESIAN_POINT('',(-20.6076526866243,32.21,10.5817041199467));
#6252=CARTESIAN_POINT('',(-20.6076526866243,41.91,10.5817041199467));
#6253=CARTESIAN_POINT('',(-20.6076526866243,31.21,4.48170411994668));
#6254=CARTESIAN_POINT('',(-20.6076526866243,41.91,10.5817041199467));
#6255=CARTESIAN_POINT('',(0.,0.,15.6217277486911));
#6256=CARTESIAN_POINT('',(-20.0075797145773,43.91,2.48170411994668));
#6257=CARTESIAN_POINT('',(-17.0063220724303,43.91,2.48170411994668));
#6258=CARTESIAN_POINT('',(-17.0063220724303,43.91,4.48170411994668));
#6259=CARTESIAN_POINT('',(-45.471205354831,39.91,8.58170411994669));
#6260=CARTESIAN_POINT('',(-45.471205354831,34.21,6.08170411994668));
#6261=CARTESIAN_POINT('',(-45.471205354831,39.91,6.08170411994668));
#6262=CARTESIAN_POINT('',(-45.471205354831,34.21,8.58170411994669));
#6263=CARTESIAN_POINT('',(17.9924202854227,49.,6.48170411994668));
#6264=CARTESIAN_POINT('',(17.9924202854227,49.,6.48170411994668));
#6265=CARTESIAN_POINT('',(17.9924202854227,49.,4.48170411994668));
#6266=CARTESIAN_POINT('',(17.9924202854227,51.,4.48170411994668));
#6267=CARTESIAN_POINT('',(17.9924202854227,51.,6.48170411994668));
#6268=CARTESIAN_POINT('',(17.9924202854227,49.,6.48170411994668));
#6269=CARTESIAN_POINT('',(17.9924202854227,57.,6.48170411994668));
#6270=CARTESIAN_POINT('',(17.9924202854227,57.,6.48170411994668));
#6271=CARTESIAN_POINT('',(17.9924202854227,57.,6.48170411994668));
#6272=CARTESIAN_POINT('',(17.9924202854227,57.,6.48170411994668));
#6273=CARTESIAN_POINT('',(11.9924202854227,57.,6.48170411994668));
#6274=CARTESIAN_POINT('',(11.9924202854227,57.,4.48170411994668));
#6275=CARTESIAN_POINT('',(9.9924202854227,57.,4.48170411994668));
#6276=CARTESIAN_POINT('',(9.9924202854227,57.,6.48170411994668));
#6277=CARTESIAN_POINT('',(9.9924202854227,58.,6.48170411994668));
#6278=CARTESIAN_POINT('',(9.9924202854227,58.,4.48170411994668));
#6279=CARTESIAN_POINT('',(9.9924202854227,58.,4.48170411994668));
#6280=CARTESIAN_POINT('',(9.9924202854227,58.,6.48170411994668));
#6281=CARTESIAN_POINT('',(18.9924202854227,58.,6.48170411994668));
#6282=CARTESIAN_POINT('',(11.9924202854227,58.,4.48170411994668));
#6283=CARTESIAN_POINT('',(11.9924202854227,58.,6.48170411994668));
#6284=CARTESIAN_POINT('',(18.9924202854227,58.,6.48170411994668));
#6285=CARTESIAN_POINT('',(18.9924202854227,58.,6.48170411994668));
#6286=CARTESIAN_POINT('',(18.9924202854227,58.,6.48170411994668));
#6287=CARTESIAN_POINT('',(18.9924202854227,49.,6.48170411994668));
#6288=CARTESIAN_POINT('',(18.9924202854227,49.,6.48170411994668));
#6289=CARTESIAN_POINT('',(18.9924202854227,51.,6.48170411994668));
#6290=CARTESIAN_POINT('',(18.9924202854227,51.,4.48170411994668));
#6291=CARTESIAN_POINT('',(18.9924202854227,49.,4.48170411994668));
#6292=CARTESIAN_POINT('',(18.9924202854227,49.,6.48170411994668));
#6293=CARTESIAN_POINT('',(17.9924202854227,49.,6.48170411994668));
#6294=CARTESIAN_POINT('',(17.9924202854227,49.,4.48170411994668));
#6295=CARTESIAN_POINT('',(0.,0.,6.48170411994668));
#6296=CARTESIAN_POINT('',(0.,51.,6.48170411994668));
#6297=CARTESIAN_POINT('',(11.9924202854227,0.,6.48170411994668));
#6298=CARTESIAN_POINT('',(11.9924202854227,58.,4.48170411994668));
#6299=CARTESIAN_POINT('',(17.9924202854227,51.,4.48170411994668));
#6300=CARTESIAN_POINT('',(21.3322358651167,31.21,4.48170411994668));
#6301=CARTESIAN_POINT('',(21.3322358651167,43.91,4.48170411994668));
#6302=CARTESIAN_POINT('',(-0.000756214351299925,55.,-13.4973862721147));
#6303=CARTESIAN_POINT('',(0.0268856451896838,56.,19.7771224573866));
#6304=CARTESIAN_POINT('',(0.0268856451896838,56.,19.7771224573866));
#6305=CARTESIAN_POINT('',(0.0268856451896838,56.,18.5476224573866));
#6306=CARTESIAN_POINT('',(0.0268856451896838,56.,19.7771224573866));
#6307=MECHANICAL_DESIGN_GEOMETRIC_PRESENTATION_REPRESENTATION('',(#2449,
#2450,#2451,#2452,#2453,#2454,#2455,#2456,#2457,#2458,#2459,#2460,#2461,
#2462,#2463,#2464,#2465,#2466,#2467,#2468,#2469,#2470,#2471,#2472,#2473,
#2474,#2475,#2476,#2477,#2478,#2479,#2480,#2481,#2482,#2483,#2484,#2485,
#2486,#2487,#2488,#2489,#2490,#2491,#2492,#2493,#2494,#2495,#2496,#2497,
#2498,#2499,#2500,#2501,#2502,#2503,#2504,#2505,#2506,#2507,#2508,#2509,
#2510,#2511,#2512,#2513,#2514,#2515,#2516,#2517,#2518,#2519,#2520,#2521,
#2522,#2523,#2524,#2525,#2526,#2527,#2528,#2529,#2530,#2531,#2532,#2533,
#2534,#2535,#2536,#2537,#2538,#2539,#2540,#2541,#2542,#2543,#2544,#2545,
#2546,#2547,#2548,#2549,#2550,#2551,#2552,#2553,#2554,#2555,#2556,#2557,
#2558,#2559,#2560,#2561,#2562,#2563,#2564,#2565,#2566,#2567,#2568,#2569,
#2570,#2571,#2572,#2573,#2574,#2575,#2576,#2577,#2578,#2579,#2580,#2581,
#2582,#2583,#2584,#2585,#2586,#2587,#2588,#2589,#2590,#2591,#2592,#2593,
#2594,#2595,#2596,#2597,#2598,#2599,#2600),#6308);
#6308=(
GEOMETRIC_REPRESENTATION_CONTEXT(3)
GLOBAL_UNCERTAINTY_ASSIGNED_CONTEXT((#6309))
GLOBAL_UNIT_ASSIGNED_CONTEXT((#6312,#6311,#6310))
REPRESENTATION_CONTEXT('HandleA','TOP_LEVEL_ASSEMBLY_PART')
);
#6309=UNCERTAINTY_MEASURE_WITH_UNIT(LENGTH_MEASURE(0.005),#6312,
'DISTANCE_ACCURACY_VALUE','Maximum Tolerance applied to model');
#6310=(
NAMED_UNIT(*)
SI_UNIT($,.STERADIAN.)
SOLID_ANGLE_UNIT()
);
#6311=(
NAMED_UNIT(*)
PLANE_ANGLE_UNIT()
SI_UNIT($,.RADIAN.)
);
#6312=(
LENGTH_UNIT()
NAMED_UNIT(*)
SI_UNIT(.MILLI.,.METRE.)
);
#6313=PRODUCT_DEFINITION_SHAPE('','',#6314);
#6314=PRODUCT_DEFINITION('','',#6316,#6315);
#6315=PRODUCT_DEFINITION_CONTEXT('',#6322,'design');
#6316=PRODUCT_DEFINITION_FORMATION_WITH_SPECIFIED_SOURCE('','',#6318,
 .NOT_KNOWN.);
#6317=PRODUCT_RELATED_PRODUCT_CATEGORY('','',(#6318));
#6318=PRODUCT('HandleA','HandleA','HandleA',(#6320));
#6319=PRODUCT_CATEGORY('','');
#6320=PRODUCT_CONTEXT('',#6322,'mechanical');
#6321=APPLICATION_PROTOCOL_DEFINITION('international standard',
'automotive_design',2010,#6322);
#6322=APPLICATION_CONTEXT(
'core data for automotive mechanical design processes');
ENDSEC;
END-ISO-10303-21;
