ISO-10303-21;
HEADER;
/* Generated by software containing ST-Developer
 * from STEP Tools, Inc. (www.steptools.com) 
 */
/* OPTION: strings as raw bytes, not using required /X/ escapes */

FILE_DESCRIPTION(
/* description */ ('Unknown'),
/* implementation_level */ '2;1');

FILE_NAME(
/* name */ 'Tool',
/* time_stamp */ '2024-01-05T19:18:32+01:00',
/* author */ ('Unknown'),
/* organization */ ('Unknown'),
/* preprocessor_version */ 'ST-DEVELOPER v18.102',
/* originating_system */ 'Solid Edge',
/* authorisation */ 'Unknown');

FILE_SCHEMA (('AUTOMOTIVE_DESIGN {1 0 10303 214 3 1 1}'));
ENDSEC;

DATA;
#10=PROPERTY_DEFINITION_REPRESENTATION(#14,#12);
#11=PROPERTY_DEFINITION_REPRESENTATION(#15,#13);
#12=REPRESENTATION('',(#16),#1414);
#13=REPRESENTATION('',(#17),#1414);
#14=PROPERTY_DEFINITION('pmi validation property','',#1419);
#15=PROPERTY_DEFINITION('pmi validation property','',#1419);
#16=VALUE_REPRESENTATION_ITEM('number of annotations',COUNT_MEASURE(0.));
#17=VALUE_REPRESENTATION_ITEM('number of views',COUNT_MEASURE(0.));
#18=(
BOUNDED_SURFACE()
B_SPLINE_SURFACE(3,2,((#1306,#1307,#1308),(#1309,#1310,#1311),(#1312,#1313,
#1314),(#1315,#1316,#1317),(#1318,#1319,#1320),(#1321,#1322,#1323),(#1324,
#1325,#1326),(#1327,#1328,#1329),(#1330,#1331,#1332),(#1333,#1334,#1335),
(#1336,#1337,#1338),(#1339,#1340,#1341)),.UNSPECIFIED.,.F.,.F.,.F.)
B_SPLINE_SURFACE_WITH_KNOTS((4,1,1,1,1,1,1,1,1,4),(3,3),(0.00858676544356898,
0.00876203453016261,0.00893730361675623,0.00911257270334985,0.00928784178994348,
0.00963837996313072,0.00998891813631797,0.0103394563095052,0.0106899944826925,
0.011391070829067),(0.,1.),.UNSPECIFIED.)
GEOMETRIC_REPRESENTATION_ITEM()
RATIONAL_B_SPLINE_SURFACE(((1.,0.928187041984305,1.),(1.,0.93206882702918,
1.),(1.,0.932264576835064,1.),(1.,0.911422830014852,1.),(1.,0.884848557556513,
1.),(1.,0.851147469801344,1.),(1.,0.816761722113522,1.),(1.,0.787057379920418,
1.),(1.,0.765161062229099,1.),(1.,0.743431580326,1.),(1.,0.73266864730456,
1.),(1.,0.726699003157983,1.)))
REPRESENTATION_ITEM('')
SURFACE()
);
#19=(
BOUNDED_SURFACE()
B_SPLINE_SURFACE(3,2,((#1357,#1358,#1359),(#1360,#1361,#1362),(#1363,#1364,
#1365),(#1366,#1367,#1368),(#1369,#1370,#1371),(#1372,#1373,#1374),(#1375,
#1376,#1377),(#1378,#1379,#1380),(#1381,#1382,#1383),(#1384,#1385,#1386),
(#1387,#1388,#1389),(#1390,#1391,#1392)),.UNSPECIFIED.,.F.,.F.,.F.)
B_SPLINE_SURFACE_WITH_KNOTS((4,1,1,1,1,1,1,1,1,4),(3,3),(0.00858550626272322,
0.00876077105200557,0.00893603584128792,0.00911130063057027,0.00928656541985262,
0.00963709499841732,0.00998762457698203,0.0103381541555467,0.0106886837341114,
0.0113897428912408),(0.,1.),.UNSPECIFIED.)
GEOMETRIC_REPRESENTATION_ITEM()
RATIONAL_B_SPLINE_SURFACE(((1.,0.928188653385579,1.),(1.,0.932082377565571,
1.),(1.,0.932296287699606,1.),(1.,0.911450212332406,1.),(1.,0.884867133044182,
1.),(1.,0.851150891543659,1.),(1.,0.816756476773741,1.),(1.,0.787049803626497,
1.),(1.,0.765150255922942,1.),(1.,0.743421186822887,1.),(1.,0.732661075032894,
1.),(1.,0.726693316649582,1.)))
REPRESENTATION_ITEM('')
SURFACE()
);
#20=LINE('',#1274,#28);
#21=LINE('',#1277,#29);
#22=LINE('',#1281,#30);
#23=LINE('',#1283,#31);
#24=LINE('',#1293,#32);
#25=LINE('',#1295,#33);
#26=LINE('',#1305,#34);
#27=LINE('',#1409,#35);
#28=VECTOR('',#418,1000.);
#29=VECTOR('',#419,1000.);
#30=VECTOR('',#422,1000.);
#31=VECTOR('',#425,1000.);
#32=VECTOR('',#426,1000.);
#33=VECTOR('',#429,1000.);
#34=VECTOR('',#430,1000.);
#35=VECTOR('',#433,1000.);
#36=CYLINDRICAL_SURFACE('',#383,2.25);
#37=CYLINDRICAL_SURFACE('',#386,4.);
#38=CYLINDRICAL_SURFACE('',#393,21.4231062826925);
#39=CIRCLE('',#381,2.25);
#40=CIRCLE('',#382,4.);
#41=CIRCLE('',#384,2.25);
#42=CIRCLE('',#387,4.);
#43=CIRCLE('',#389,21.4231062826925);
#44=CIRCLE('',#394,21.4231062826925);
#45=PLANE('',#380);
#46=PLANE('',#385);
#47=PLANE('',#388);
#48=PLANE('',#390);
#49=PLANE('',#391);
#50=PLANE('',#392);
#51=PLANE('',#395);
#52=SHAPE_REPRESENTATION_RELATIONSHIP('','',#377,#53);
#53=ADVANCED_BREP_SHAPE_REPRESENTATION('',(#373,#374,#375),#1414);
#54=CONICAL_SURFACE('',#379,8.61578390043896,1.53611013602454);
#55=(
BOUNDED_CURVE()
B_SPLINE_CURVE(2,(#591,#592,#593),.UNSPECIFIED.,.F.,.F.)
B_SPLINE_CURVE_WITH_KNOTS((3,3),(0.,1.),.UNSPECIFIED.)
CURVE()
GEOMETRIC_REPRESENTATION_ITEM()
RATIONAL_B_SPLINE_CURVE((1.,1.,1.))
REPRESENTATION_ITEM('')
);
#56=(
BOUNDED_CURVE()
B_SPLINE_CURVE(2,(#783,#784,#785),.UNSPECIFIED.,.F.,.F.)
B_SPLINE_CURVE_WITH_KNOTS((3,3),(0.,1.),.UNSPECIFIED.)
CURVE()
GEOMETRIC_REPRESENTATION_ITEM()
RATIONAL_B_SPLINE_CURVE((1.,1.,1.))
REPRESENTATION_ITEM('')
);
#57=ORIENTED_EDGE('',*,*,#149,.F.);
#58=ORIENTED_EDGE('',*,*,#150,.F.);
#59=ORIENTED_EDGE('',*,*,#151,.F.);
#60=ORIENTED_EDGE('',*,*,#152,.F.);
#61=ORIENTED_EDGE('',*,*,#153,.T.);
#62=ORIENTED_EDGE('',*,*,#154,.T.);
#63=ORIENTED_EDGE('',*,*,#155,.F.);
#64=ORIENTED_EDGE('',*,*,#156,.F.);
#65=ORIENTED_EDGE('',*,*,#152,.T.);
#66=ORIENTED_EDGE('',*,*,#157,.F.);
#67=ORIENTED_EDGE('',*,*,#154,.F.);
#68=ORIENTED_EDGE('',*,*,#158,.F.);
#69=ORIENTED_EDGE('',*,*,#159,.F.);
#70=ORIENTED_EDGE('',*,*,#149,.T.);
#71=ORIENTED_EDGE('',*,*,#158,.T.);
#72=ORIENTED_EDGE('',*,*,#153,.F.);
#73=ORIENTED_EDGE('',*,*,#160,.F.);
#74=ORIENTED_EDGE('',*,*,#150,.T.);
#75=ORIENTED_EDGE('',*,*,#159,.T.);
#76=ORIENTED_EDGE('',*,*,#156,.T.);
#77=ORIENTED_EDGE('',*,*,#157,.T.);
#78=ORIENTED_EDGE('',*,*,#151,.T.);
#79=ORIENTED_EDGE('',*,*,#160,.T.);
#80=ORIENTED_EDGE('',*,*,#155,.T.);
#81=ORIENTED_EDGE('',*,*,#161,.T.);
#82=ORIENTED_EDGE('',*,*,#162,.T.);
#83=ORIENTED_EDGE('',*,*,#163,.F.);
#84=ORIENTED_EDGE('',*,*,#164,.F.);
#85=ORIENTED_EDGE('',*,*,#165,.F.);
#86=ORIENTED_EDGE('',*,*,#166,.F.);
#87=ORIENTED_EDGE('',*,*,#167,.F.);
#88=ORIENTED_EDGE('',*,*,#168,.F.);
#89=ORIENTED_EDGE('',*,*,#164,.T.);
#90=ORIENTED_EDGE('',*,*,#169,.F.);
#91=ORIENTED_EDGE('',*,*,#166,.T.);
#92=ORIENTED_EDGE('',*,*,#170,.F.);
#93=ORIENTED_EDGE('',*,*,#171,.F.);
#94=ORIENTED_EDGE('',*,*,#161,.F.);
#95=ORIENTED_EDGE('',*,*,#170,.T.);
#96=ORIENTED_EDGE('',*,*,#165,.T.);
#97=ORIENTED_EDGE('',*,*,#172,.F.);
#98=ORIENTED_EDGE('',*,*,#162,.F.);
#99=ORIENTED_EDGE('',*,*,#171,.T.);
#100=ORIENTED_EDGE('',*,*,#168,.T.);
#101=ORIENTED_EDGE('',*,*,#169,.T.);
#102=ORIENTED_EDGE('',*,*,#163,.T.);
#103=ORIENTED_EDGE('',*,*,#172,.T.);
#104=ORIENTED_EDGE('',*,*,#167,.T.);
#105=ORIENTED_EDGE('',*,*,#173,.T.);
#106=ORIENTED_EDGE('',*,*,#174,.F.);
#107=ORIENTED_EDGE('',*,*,#175,.T.);
#108=ORIENTED_EDGE('',*,*,#173,.F.);
#109=ORIENTED_EDGE('',*,*,#175,.F.);
#110=ORIENTED_EDGE('',*,*,#174,.T.);
#111=ORIENTED_EDGE('',*,*,#176,.F.);
#112=ORIENTED_EDGE('',*,*,#177,.T.);
#113=ORIENTED_EDGE('',*,*,#178,.T.);
#114=ORIENTED_EDGE('',*,*,#179,.F.);
#115=ORIENTED_EDGE('',*,*,#180,.T.);
#116=ORIENTED_EDGE('',*,*,#181,.F.);
#117=ORIENTED_EDGE('',*,*,#182,.T.);
#118=ORIENTED_EDGE('',*,*,#183,.T.);
#119=ORIENTED_EDGE('',*,*,#180,.F.);
#120=ORIENTED_EDGE('',*,*,#184,.F.);
#121=ORIENTED_EDGE('',*,*,#185,.T.);
#122=ORIENTED_EDGE('',*,*,#186,.T.);
#123=ORIENTED_EDGE('',*,*,#178,.F.);
#124=ORIENTED_EDGE('',*,*,#187,.F.);
#125=ORIENTED_EDGE('',*,*,#188,.T.);
#126=ORIENTED_EDGE('',*,*,#189,.F.);
#127=ORIENTED_EDGE('',*,*,#182,.F.);
#128=ORIENTED_EDGE('',*,*,#190,.F.);
#129=ORIENTED_EDGE('',*,*,#191,.T.);
#130=ORIENTED_EDGE('',*,*,#192,.F.);
#131=ORIENTED_EDGE('',*,*,#185,.F.);
#132=ORIENTED_EDGE('',*,*,#193,.T.);
#133=ORIENTED_EDGE('',*,*,#190,.T.);
#134=ORIENTED_EDGE('',*,*,#184,.T.);
#135=ORIENTED_EDGE('',*,*,#177,.F.);
#136=ORIENTED_EDGE('',*,*,#183,.F.);
#137=ORIENTED_EDGE('',*,*,#189,.T.);
#138=ORIENTED_EDGE('',*,*,#192,.T.);
#139=ORIENTED_EDGE('',*,*,#194,.T.);
#140=ORIENTED_EDGE('',*,*,#187,.T.);
#141=ORIENTED_EDGE('',*,*,#181,.T.);
#142=ORIENTED_EDGE('',*,*,#179,.T.);
#143=ORIENTED_EDGE('',*,*,#186,.F.);
#144=ORIENTED_EDGE('',*,*,#194,.F.);
#145=ORIENTED_EDGE('',*,*,#191,.F.);
#146=ORIENTED_EDGE('',*,*,#193,.F.);
#147=ORIENTED_EDGE('',*,*,#188,.F.);
#148=ORIENTED_EDGE('',*,*,#176,.T.);
#149=EDGE_CURVE('',#195,#196,#227,.T.);
#150=EDGE_CURVE('',#197,#195,#228,.F.);
#151=EDGE_CURVE('',#198,#197,#229,.F.);
#152=EDGE_CURVE('',#196,#198,#230,.F.);
#153=EDGE_CURVE('',#199,#200,#231,.F.);
#154=EDGE_CURVE('',#200,#201,#232,.T.);
#155=EDGE_CURVE('',#202,#201,#55,.T.);
#156=EDGE_CURVE('',#199,#202,#233,.F.);
#157=EDGE_CURVE('',#201,#198,#234,.T.);
#158=EDGE_CURVE('',#196,#200,#235,.T.);
#159=EDGE_CURVE('',#195,#199,#236,.F.);
#160=EDGE_CURVE('',#197,#202,#237,.T.);
#161=EDGE_CURVE('',#203,#204,#238,.T.);
#162=EDGE_CURVE('',#204,#205,#56,.T.);
#163=EDGE_CURVE('',#206,#205,#239,.F.);
#164=EDGE_CURVE('',#203,#206,#240,.F.);
#165=EDGE_CURVE('',#207,#208,#241,.F.);
#166=EDGE_CURVE('',#209,#207,#242,.F.);
#167=EDGE_CURVE('',#210,#209,#243,.F.);
#168=EDGE_CURVE('',#208,#210,#244,.F.);
#169=EDGE_CURVE('',#209,#206,#245,.T.);
#170=EDGE_CURVE('',#203,#207,#246,.T.);
#171=EDGE_CURVE('',#204,#208,#247,.T.);
#172=EDGE_CURVE('',#205,#210,#248,.T.);
#173=EDGE_CURVE('',#211,#211,#39,.T.);
#174=EDGE_CURVE('',#212,#212,#40,.T.);
#175=EDGE_CURVE('',#213,#213,#41,.T.);
#176=EDGE_CURVE('',#214,#214,#42,.T.);
#177=EDGE_CURVE('',#215,#216,#20,.T.);
#178=EDGE_CURVE('',#216,#217,#21,.T.);
#179=EDGE_CURVE('',#218,#217,#43,.T.);
#180=EDGE_CURVE('',#218,#215,#22,.T.);
#181=EDGE_CURVE('',#219,#218,#23,.T.);
#182=EDGE_CURVE('',#219,#220,#249,.T.);
#183=EDGE_CURVE('',#220,#215,#24,.T.);
#184=EDGE_CURVE('',#221,#216,#25,.T.);
#185=EDGE_CURVE('',#221,#222,#250,.T.);
#186=EDGE_CURVE('',#222,#217,#26,.T.);
#187=EDGE_CURVE('',#223,#219,#251,.T.);
#188=EDGE_CURVE('',#223,#224,#252,.T.);
#189=EDGE_CURVE('',#220,#224,#253,.T.);
#190=EDGE_CURVE('',#225,#221,#254,.T.);
#191=EDGE_CURVE('',#225,#226,#255,.T.);
#192=EDGE_CURVE('',#222,#226,#256,.T.);
#193=EDGE_CURVE('',#224,#225,#27,.T.);
#194=EDGE_CURVE('',#226,#223,#44,.T.);
#195=VERTEX_POINT('',#470);
#196=VERTEX_POINT('',#471);
#197=VERTEX_POINT('',#496);
#198=VERTEX_POINT('',#501);
#199=VERTEX_POINT('',#569);
#200=VERTEX_POINT('',#570);
#201=VERTEX_POINT('',#590);
#202=VERTEX_POINT('',#594);
#203=VERTEX_POINT('',#781);
#204=VERTEX_POINT('',#782);
#205=VERTEX_POINT('',#786);
#206=VERTEX_POINT('',#809);
#207=VERTEX_POINT('',#966);
#208=VERTEX_POINT('',#967);
#209=VERTEX_POINT('',#1015);
#210=VERTEX_POINT('',#1044);
#211=VERTEX_POINT('',#1263);
#212=VERTEX_POINT('',#1265);
#213=VERTEX_POINT('',#1268);
#214=VERTEX_POINT('',#1272);
#215=VERTEX_POINT('',#1275);
#216=VERTEX_POINT('',#1276);
#217=VERTEX_POINT('',#1278);
#218=VERTEX_POINT('',#1280);
#219=VERTEX_POINT('',#1284);
#220=VERTEX_POINT('',#1292);
#221=VERTEX_POINT('',#1296);
#222=VERTEX_POINT('',#1304);
#223=VERTEX_POINT('',#1347);
#224=VERTEX_POINT('',#1352);
#225=VERTEX_POINT('',#1397);
#226=VERTEX_POINT('',#1402);
#227=B_SPLINE_CURVE_WITH_KNOTS('',3,(#466,#467,#468,#469),.UNSPECIFIED.,
 .F.,.F.,(4,4),(0.,1.),.UNSPECIFIED.);
#228=B_SPLINE_CURVE_WITH_KNOTS('',3,(#472,#473,#474,#475,#476,#477,#478,
#479,#480,#481,#482,#483,#484,#485,#486,#487,#488,#489,#490,#491,#492,#493,
#494,#495),.UNSPECIFIED.,.F.,.F.,(4,1,1,1,1,1,1,1,1,1,1,1,1,1,1,1,1,1,1,
1,1,4),(0.,0.125,0.1875,0.21875,0.25,0.28125,0.3125,0.375,0.4375,0.46875,
0.484375,0.5,0.515625,0.53125,0.5625,0.625,0.6875,0.71875,0.75,0.8125,0.875,
1.),.UNSPECIFIED.);
#229=B_SPLINE_CURVE_WITH_KNOTS('',3,(#497,#498,#499,#500),.UNSPECIFIED.,
 .F.,.F.,(4,4),(0.,1.),.UNSPECIFIED.);
#230=B_SPLINE_CURVE_WITH_KNOTS('',3,(#502,#503,#504,#505,#506,#507,#508,
#509,#510,#511,#512,#513,#514,#515,#516,#517,#518,#519,#520,#521,#522,#523),
 .UNSPECIFIED.,.F.,.F.,(4,1,1,1,1,1,1,1,1,1,1,1,1,1,1,1,1,1,1,4),(0.,0.125,
0.1875,0.25,0.28125,0.3125,0.375,0.40625,0.4375,0.46875,0.484375,0.5,0.515625,
0.53125,0.5625,0.625,0.6875,0.75,0.875,1.),.UNSPECIFIED.);
#231=B_SPLINE_CURVE_WITH_KNOTS('',3,(#564,#565,#566,#567,#568),
 .UNSPECIFIED.,.F.,.F.,(4,1,4),(0.,0.5,1.),.UNSPECIFIED.);
#232=B_SPLINE_CURVE_WITH_KNOTS('',3,(#571,#572,#573,#574,#575,#576,#577,
#578,#579,#580,#581,#582,#583,#584,#585,#586,#587,#588,#589),
 .UNSPECIFIED.,.F.,.F.,(4,1,1,1,1,1,1,1,1,1,1,1,1,1,1,1,4),(0.,0.25,0.3125,
0.375,0.4375,0.46875,0.484375,0.5,0.515625,0.53125,0.5625,0.625,0.6875,
0.71875,0.75,0.875,1.),.UNSPECIFIED.);
#233=B_SPLINE_CURVE_WITH_KNOTS('',3,(#595,#596,#597,#598,#599,#600,#601,
#602,#603,#604,#605,#606,#607,#608,#609,#610,#611,#612,#613),
 .UNSPECIFIED.,.F.,.F.,(4,1,1,1,1,1,1,1,1,1,1,1,1,1,1,1,4),(0.,0.125,0.25,
0.28125,0.3125,0.375,0.4375,0.46875,0.484375,0.5,0.515625,0.53125,0.5625,
0.625,0.6875,0.75,1.),.UNSPECIFIED.);
#234=B_SPLINE_CURVE_WITH_KNOTS('',3,(#664,#665,#666,#667),.UNSPECIFIED.,
 .F.,.F.,(4,4),(0.,1.),.UNSPECIFIED.);
#235=B_SPLINE_CURVE_WITH_KNOTS('',3,(#668,#669,#670,#671),.UNSPECIFIED.,
 .F.,.F.,(4,4),(0.,1.),.UNSPECIFIED.);
#236=B_SPLINE_CURVE_WITH_KNOTS('',3,(#673,#674,#675,#676),.UNSPECIFIED.,
 .F.,.F.,(4,4),(0.,1.),.UNSPECIFIED.);
#237=B_SPLINE_CURVE_WITH_KNOTS('',3,(#727,#728,#729,#730),.UNSPECIFIED.,
 .F.,.F.,(4,4),(0.,1.),.UNSPECIFIED.);
#238=B_SPLINE_CURVE_WITH_KNOTS('',3,(#759,#760,#761,#762,#763,#764,#765,
#766,#767,#768,#769,#770,#771,#772,#773,#774,#775,#776,#777,#778,#779,#780),
 .UNSPECIFIED.,.F.,.F.,(4,1,1,1,1,1,1,1,1,1,1,1,1,1,1,1,1,1,1,4),(0.,0.125,
0.1875,0.21875,0.25,0.28125,0.3125,0.375,0.4375,0.46875,0.484375,0.5,0.515625,
0.53125,0.5625,0.625,0.6875,0.75,0.875,1.),.UNSPECIFIED.);
#239=B_SPLINE_CURVE_WITH_KNOTS('',3,(#787,#788,#789,#790,#791,#792,#793,
#794,#795,#796,#797,#798,#799,#800,#801,#802,#803,#804,#805,#806,#807,#808),
 .UNSPECIFIED.,.F.,.F.,(4,1,1,1,1,1,1,1,1,1,1,1,1,1,1,1,1,1,1,4),(0.,0.125,
0.25,0.3125,0.375,0.4375,0.46875,0.484375,0.5,0.515625,0.53125,0.5625,0.625,
0.6875,0.71875,0.75,0.78125,0.8125,0.875,1.),.UNSPECIFIED.);
#240=B_SPLINE_CURVE_WITH_KNOTS('',3,(#810,#811,#812,#813,#814,#815,#816,
#817,#818,#819,#820,#821,#822,#823,#824,#825,#826,#827,#828,#829,#830,#831,
#832,#833,#834,#835,#836,#837,#838,#839,#840,#841,#842,#843,#844,#845,#846,
#847,#848,#849,#850,#851,#852,#853,#854,#855,#856,#857,#858,#859,#860,#861,
#862),.UNSPECIFIED.,.F.,.F.,(4,1,1,1,1,1,1,1,1,1,1,1,1,1,1,1,1,1,1,1,1,
1,1,1,1,1,1,1,1,1,1,1,1,1,1,1,1,1,1,1,1,1,1,1,1,1,1,1,1,1,4),(0.,0.0625,
0.09375,0.109375,0.125,0.140625,0.15625,0.1875,0.21875,0.234375,0.2421875,
0.25,0.2578125,0.265625,0.28125,0.3125,0.34375,0.359375,0.3671875,0.375,
0.3828125,0.390625,0.40625,0.4375,0.46875,0.5,0.53125,0.546875,0.5625,0.578125,
0.59375,0.609375,0.625,0.640625,0.65625,0.6875,0.71875,0.734375,0.7421875,
0.75,0.7578125,0.765625,0.78125,0.8125,0.84375,0.859375,0.875,0.890625,
0.90625,0.9375,1.),.UNSPECIFIED.);
#241=B_SPLINE_CURVE_WITH_KNOTS('',3,(#944,#945,#946,#947,#948,#949,#950,
#951,#952,#953,#954,#955,#956,#957,#958,#959,#960,#961,#962,#963,#964,#965),
 .UNSPECIFIED.,.F.,.F.,(4,1,1,1,1,1,1,1,1,1,1,1,1,1,1,1,1,1,1,4),(0.,0.125,
0.25,0.3125,0.375,0.4375,0.46875,0.484375,0.5,0.515625,0.53125,0.5625,0.625,
0.6875,0.71875,0.75,0.78125,0.8125,0.875,1.),.UNSPECIFIED.);
#242=B_SPLINE_CURVE_WITH_KNOTS('',3,(#968,#969,#970,#971,#972,#973,#974,
#975,#976,#977,#978,#979,#980,#981,#982,#983,#984,#985,#986,#987,#988,#989,
#990,#991,#992,#993,#994,#995,#996,#997,#998,#999,#1000,#1001,#1002,#1003,
#1004,#1005,#1006,#1007,#1008,#1009,#1010,#1011,#1012,#1013,#1014),
 .UNSPECIFIED.,.F.,.F.,(4,1,1,1,1,1,1,1,1,1,1,1,1,1,1,1,1,1,1,1,1,1,1,1,
1,1,1,1,1,1,1,1,1,1,1,1,1,1,1,1,1,1,1,1,4),(0.,0.0625,0.09375,0.109375,
0.125,0.140625,0.15625,0.1875,0.21875,0.234375,0.25,0.265625,0.28125,0.3125,
0.34375,0.359375,0.375,0.390625,0.40625,0.4375,0.46875,0.5,0.53125,0.5625,
0.59375,0.609375,0.6171875,0.625,0.6328125,0.640625,0.65625,0.6875,0.71875,
0.734375,0.75,0.765625,0.78125,0.8125,0.84375,0.859375,0.875,0.890625,0.90625,
0.9375,1.),.UNSPECIFIED.);
#243=B_SPLINE_CURVE_WITH_KNOTS('',3,(#1016,#1017,#1018,#1019,#1020,#1021,
#1022,#1023,#1024,#1025,#1026,#1027,#1028,#1029,#1030,#1031,#1032,#1033,
#1034,#1035,#1036,#1037,#1038,#1039,#1040,#1041,#1042,#1043),
 .UNSPECIFIED.,.F.,.F.,(4,1,1,1,1,1,1,1,1,1,1,1,1,1,1,1,1,1,1,1,1,1,1,1,
1,4),(0.,0.125,0.1875,0.21875,0.25,0.28125,0.3125,0.375,0.4375,0.46875,
0.484375,0.5,0.515625,0.53125,0.5625,0.625,0.6875,0.71875,0.734375,0.75,
0.765625,0.78125,0.8125,0.875,0.9375,1.),.UNSPECIFIED.);
#244=B_SPLINE_CURVE_WITH_KNOTS('',3,(#1045,#1046,#1047,#1048),
 .UNSPECIFIED.,.F.,.F.,(4,4),(0.,1.),.UNSPECIFIED.);
#245=B_SPLINE_CURVE_WITH_KNOTS('',3,(#1149,#1150,#1151,#1152),
 .UNSPECIFIED.,.F.,.F.,(4,4),(0.,1.),.UNSPECIFIED.);
#246=B_SPLINE_CURVE_WITH_KNOTS('',3,(#1153,#1154,#1155,#1156),
 .UNSPECIFIED.,.F.,.F.,(4,4),(0.,1.),.UNSPECIFIED.);
#247=B_SPLINE_CURVE_WITH_KNOTS('',3,(#1201,#1202,#1203,#1204),
 .UNSPECIFIED.,.F.,.F.,(4,4),(0.,1.),.UNSPECIFIED.);
#248=B_SPLINE_CURVE_WITH_KNOTS('',3,(#1217,#1218,#1219,#1220),
 .UNSPECIFIED.,.F.,.F.,(4,4),(0.,1.),.UNSPECIFIED.);
#249=B_SPLINE_CURVE_WITH_KNOTS('',3,(#1285,#1286,#1287,#1288,#1289,#1290,
#1291),.UNSPECIFIED.,.F.,.F.,(4,1,1,1,4),(0.,0.000690546126972302,0.0013810922539446,
0.00207163838091691,0.00276218450788921),.UNSPECIFIED.);
#250=B_SPLINE_CURVE_WITH_KNOTS('',3,(#1297,#1298,#1299,#1300,#1301,#1302,
#1303),.UNSPECIFIED.,.F.,.F.,(4,1,1,1,4),(0.,0.000695019331794005,0.00139003866358801,
0.00208505799538201,0.00278007732717602),.UNSPECIFIED.);
#251=B_SPLINE_CURVE_WITH_KNOTS('',3,(#1342,#1343,#1344,#1345,#1346),
 .UNSPECIFIED.,.F.,.F.,(4,1,4),(1.0444418402013E-17,0.0022241777282386,
0.00444835545647719),.UNSPECIFIED.);
#252=B_SPLINE_CURVE_WITH_KNOTS('',3,(#1348,#1349,#1350,#1351),
 .UNSPECIFIED.,.F.,.F.,(4,4),(1.467482759935E-17,0.00286740559526657),
 .UNSPECIFIED.);
#253=B_SPLINE_CURVE_WITH_KNOTS('',3,(#1353,#1354,#1355,#1356),
 .UNSPECIFIED.,.F.,.F.,(4,4),(0.,0.00298565568455368),.UNSPECIFIED.);
#254=B_SPLINE_CURVE_WITH_KNOTS('',3,(#1393,#1394,#1395,#1396),
 .UNSPECIFIED.,.F.,.F.,(4,4),(7.57391076790106E-18,0.00298568926611309),
 .UNSPECIFIED.);
#255=B_SPLINE_CURVE_WITH_KNOTS('',3,(#1398,#1399,#1400,#1401),
 .UNSPECIFIED.,.F.,.F.,(4,4),(0.,0.00286745779341521),.UNSPECIFIED.);
#256=B_SPLINE_CURVE_WITH_KNOTS('',3,(#1403,#1404,#1405,#1406,#1407),
 .UNSPECIFIED.,.F.,.F.,(4,1,4),(0.,0.00222468581771265,0.0044493716354253),
 .UNSPECIFIED.);
#257=EDGE_LOOP('',(#57,#58,#59,#60));
#258=EDGE_LOOP('',(#61,#62,#63,#64));
#259=EDGE_LOOP('',(#65,#66,#67,#68));
#260=EDGE_LOOP('',(#69,#70,#71,#72));
#261=EDGE_LOOP('',(#73,#74,#75,#76));
#262=EDGE_LOOP('',(#77,#78,#79,#80));
#263=EDGE_LOOP('',(#81,#82,#83,#84));
#264=EDGE_LOOP('',(#85,#86,#87,#88));
#265=EDGE_LOOP('',(#89,#90,#91,#92));
#266=EDGE_LOOP('',(#93,#94,#95,#96));
#267=EDGE_LOOP('',(#97,#98,#99,#100));
#268=EDGE_LOOP('',(#101,#102,#103,#104));
#269=EDGE_LOOP('',(#105));
#270=EDGE_LOOP('',(#106));
#271=EDGE_LOOP('',(#107));
#272=EDGE_LOOP('',(#108));
#273=EDGE_LOOP('',(#109));
#274=EDGE_LOOP('',(#110));
#275=EDGE_LOOP('',(#111));
#276=EDGE_LOOP('',(#112,#113,#114,#115));
#277=EDGE_LOOP('',(#116,#117,#118,#119));
#278=EDGE_LOOP('',(#120,#121,#122,#123));
#279=EDGE_LOOP('',(#124,#125,#126,#127));
#280=EDGE_LOOP('',(#128,#129,#130,#131));
#281=EDGE_LOOP('',(#132,#133,#134,#135,#136,#137));
#282=EDGE_LOOP('',(#138,#139,#140,#141,#142,#143));
#283=EDGE_LOOP('',(#144,#145,#146,#147));
#284=EDGE_LOOP('',(#148));
#285=FACE_BOUND('',#257,.T.);
#286=FACE_BOUND('',#258,.T.);
#287=FACE_BOUND('',#259,.T.);
#288=FACE_BOUND('',#260,.T.);
#289=FACE_BOUND('',#261,.T.);
#290=FACE_BOUND('',#262,.T.);
#291=FACE_BOUND('',#263,.T.);
#292=FACE_BOUND('',#264,.T.);
#293=FACE_BOUND('',#265,.T.);
#294=FACE_BOUND('',#266,.T.);
#295=FACE_BOUND('',#267,.T.);
#296=FACE_BOUND('',#268,.T.);
#297=FACE_BOUND('',#269,.T.);
#298=FACE_BOUND('',#270,.T.);
#299=FACE_BOUND('',#271,.T.);
#300=FACE_BOUND('',#272,.T.);
#301=FACE_BOUND('',#273,.T.);
#302=FACE_BOUND('',#274,.T.);
#303=FACE_BOUND('',#275,.T.);
#304=FACE_BOUND('',#276,.T.);
#305=FACE_BOUND('',#277,.T.);
#306=FACE_BOUND('',#278,.T.);
#307=FACE_BOUND('',#279,.T.);
#308=FACE_BOUND('',#280,.T.);
#309=FACE_BOUND('',#281,.T.);
#310=FACE_BOUND('',#282,.T.);
#311=FACE_BOUND('',#283,.T.);
#312=FACE_BOUND('',#284,.T.);
#313=B_SPLINE_SURFACE_WITH_KNOTS('',3,3,((#441,#442,#443,#444,#445),(#446,
#447,#448,#449,#450),(#451,#452,#453,#454,#455),(#456,#457,#458,#459,#460),
(#461,#462,#463,#464,#465)),.UNSPECIFIED.,.F.,.F.,.F.,(4,1,4),(4,1,4),(0.322795960794924,
0.500000004516429,0.677204048237934),(0.,0.5,1.),.UNSPECIFIED.);
#314=B_SPLINE_SURFACE_WITH_KNOTS('',3,3,((#524,#525,#526,#527,#528,#529,
#530,#531,#532,#533),(#534,#535,#536,#537,#538,#539,#540,#541,#542,#543),
(#544,#545,#546,#547,#548,#549,#550,#551,#552,#553),(#554,#555,#556,#557,
#558,#559,#560,#561,#562,#563)),.UNSPECIFIED.,.F.,.F.,.F.,(4,4),(4,2,2,
2,4),(0.,1.),(0.,0.25,0.5,0.75,1.),.UNSPECIFIED.);
#315=B_SPLINE_SURFACE_WITH_KNOTS('',1,3,((#614,#615,#616,#617,#618,#619,
#620,#621,#622,#623,#624,#625,#626,#627,#628,#629,#630,#631,#632,#633,#634,
#635,#636,#637,#638),(#639,#640,#641,#642,#643,#644,#645,#646,#647,#648,
#649,#650,#651,#652,#653,#654,#655,#656,#657,#658,#659,#660,#661,#662,#663)),
 .RULED_SURF.,.F.,.F.,.F.,(2,2),(4,2,2,2,2,2,2,2,2,2,3,4),(0.,1.),(0.,0.00127831201407606,
0.00255666405779963,0.00319584007966141,0.0038350161015232,0.00511336814524677,
0.00575254416710855,0.00639172018897033,0.0076700722326939,0.00894842427641747,
0.010226776320141,0.0102275461386945),.UNSPECIFIED.);
#316=B_SPLINE_SURFACE_WITH_KNOTS('',1,3,((#677,#678,#679,#680,#681,#682,
#683,#684,#685,#686,#687,#688,#689,#690,#691,#692,#693,#694,#695,#696,#697,
#698,#699,#700,#701),(#702,#703,#704,#705,#706,#707,#708,#709,#710,#711,
#712,#713,#714,#715,#716,#717,#718,#719,#720,#721,#722,#723,#724,#725,#726)),
 .RULED_SURF.,.F.,.F.,.F.,(2,2),(4,2,2,2,2,2,2,2,2,2,3,4),(0.,1.),(0.,0.00127811045013999,
0.00255626092781799,0.00319533616665698,0.00383441140549598,0.00511256188317398,
0.00575163712201297,0.00639071236085197,0.00766886283852997,0.00894701331620796,
0.010225163793886,0.0102259340579604),.UNSPECIFIED.);
#317=B_SPLINE_SURFACE_WITH_KNOTS('',1,3,((#731,#732,#733,#734,#735,#736),
(#737,#738,#739,#740,#741,#742)),.RULED_SURF.,.F.,.F.,.F.,(2,2),(4,2,4),
(0.,1.),(0.324897185482084,0.499999995483571,0.675102805485058),
 .UNSPECIFIED.);
#318=B_SPLINE_SURFACE_WITH_KNOTS('',3,3,((#743,#744,#745,#746),(#747,#748,
#749,#750),(#751,#752,#753,#754),(#755,#756,#757,#758)),.UNSPECIFIED.,.F.,
 .F.,.F.,(4,4),(4,4),(0.123095387015004,0.876925641682354),(0.,1.),
 .PIECEWISE_BEZIER_KNOTS.);
#319=B_SPLINE_SURFACE_WITH_KNOTS('',3,3,((#863,#864,#865,#866,#867,#868,
#869,#870,#871),(#872,#873,#874,#875,#876,#877,#878,#879,#880),(#881,#882,
#883,#884,#885,#886,#887,#888,#889),(#890,#891,#892,#893,#894,#895,#896,
#897,#898),(#899,#900,#901,#902,#903,#904,#905,#906,#907),(#908,#909,#910,
#911,#912,#913,#914,#915,#916),(#917,#918,#919,#920,#921,#922,#923,#924,
#925),(#926,#927,#928,#929,#930,#931,#932,#933,#934),(#935,#936,#937,#938,
#939,#940,#941,#942,#943)),.UNSPECIFIED.,.F.,.F.,.F.,(4,1,1,1,1,1,4),(4,
1,1,1,1,1,4),(0.123095387015004,0.311552950681841,0.40578173251526,0.500010514348679,
0.594239296182098,0.688468078015516,0.876925641682354),(0.,0.25,0.375,0.5,
0.625,0.75,1.),.UNSPECIFIED.);
#320=B_SPLINE_SURFACE_WITH_KNOTS('',1,3,((#1049,#1050,#1051,#1052,#1053,
#1054,#1055,#1056,#1057,#1058,#1059,#1060,#1061,#1062,#1063,#1064,#1065,
#1066,#1067,#1068,#1069,#1070,#1071,#1072,#1073,#1074,#1075,#1076,#1077,
#1078,#1079,#1080,#1081,#1082,#1083,#1084,#1085,#1086,#1087,#1088,#1089,
#1090,#1091,#1092,#1093,#1094,#1095,#1096,#1097,#1098),(#1099,#1100,#1101,
#1102,#1103,#1104,#1105,#1106,#1107,#1108,#1109,#1110,#1111,#1112,#1113,
#1114,#1115,#1116,#1117,#1118,#1119,#1120,#1121,#1122,#1123,#1124,#1125,
#1126,#1127,#1128,#1129,#1130,#1131,#1132,#1133,#1134,#1135,#1136,#1137,
#1138,#1139,#1140,#1141,#1142,#1143,#1144,#1145,#1146,#1147,#1148)),
 .RULED_SURF.,.F.,.F.,.F.,(2,2),(4,2,2,2,2,2,2,2,2,2,2,2,2,2,2,2,2,2,2,
2,2,2,2,2,4),(0.,1.),(0.,0.00550029487285852,0.00825044230928778,0.00962551602750241,
0.011000589745717,0.0137507371821463,0.015125810900361,0.0165008846185755,
0.0178759583367902,0.0185634951958975,0.0192510320550048,0.0206261057732194,
0.0213136426323268,0.0220011794914341,0.0233762532096487,0.0240637900687561,
0.0247513269278633,0.0275014743642926,0.0288765480825072,0.0302516218007218,
0.0330017692371512,0.0343768429553657,0.0357519166735804,0.0385020641100096,
0.0440023589828682),.UNSPECIFIED.);
#321=B_SPLINE_SURFACE_WITH_KNOTS('',1,3,((#1157,#1158,#1159,#1160,#1161,
#1162,#1163,#1164,#1165,#1166,#1167,#1168,#1169,#1170,#1171,#1172,#1173,
#1174,#1175,#1176,#1177,#1178),(#1179,#1180,#1181,#1182,#1183,#1184,#1185,
#1186,#1187,#1188,#1189,#1190,#1191,#1192,#1193,#1194,#1195,#1196,#1197,
#1198,#1199,#1200)),.RULED_SURF.,.F.,.F.,.F.,(2,2),(4,2,2,2,2,2,2,2,2,2,
4),(0.,1.),(1.7347234759768E-18,0.00387149738903218,0.00580724608354827,
0.00774299477806435,0.0116144921670965,0.0154859895561287,0.0174217382506448,
0.0193574869451609,0.0232289843341931,0.0271004817232253,0.0309719791122574),
 .UNSPECIFIED.);
#322=B_SPLINE_SURFACE_WITH_KNOTS('',1,3,((#1205,#1206,#1207,#1208,#1209,
#1210),(#1211,#1212,#1213,#1214,#1215,#1216)),.RULED_SURF.,.F.,.F.,.F.,
(2,2),(4,2,4),(0.,1.),(0.324896151574528,0.49999997158086,0.675103791587193),
 .UNSPECIFIED.);
#323=B_SPLINE_SURFACE_WITH_KNOTS('',1,3,((#1221,#1222,#1223,#1224,#1225,
#1226,#1227,#1228,#1229,#1230,#1231,#1232,#1233,#1234,#1235,#1236,#1237,
#1238,#1239,#1240),(#1241,#1242,#1243,#1244,#1245,#1246,#1247,#1248,#1249,
#1250,#1251,#1252,#1253,#1254,#1255,#1256,#1257,#1258,#1259,#1260)),
 .RULED_SURF.,.F.,.F.,.F.,(2,2),(4,2,2,2,2,2,2,2,2,4),(0.,1.),(0.,0.00387376576271544,
0.00774753152543087,0.0116212972881463,0.0154950630508618,0.0174319459322195,
0.0193688288135772,0.0232425945762926,0.027116360339008,0.0309901261017235),
 .UNSPECIFIED.);
#324=ADVANCED_FACE('',(#285),#313,.F.);
#325=ADVANCED_FACE('',(#286),#314,.T.);
#326=ADVANCED_FACE('',(#287),#315,.T.);
#327=ADVANCED_FACE('',(#288),#54,.T.);
#328=ADVANCED_FACE('',(#289),#316,.F.);
#329=ADVANCED_FACE('',(#290),#317,.T.);
#330=ADVANCED_FACE('',(#291),#318,.F.);
#331=ADVANCED_FACE('',(#292),#319,.T.);
#332=ADVANCED_FACE('',(#293),#320,.T.);
#333=ADVANCED_FACE('',(#294),#321,.F.);
#334=ADVANCED_FACE('',(#295),#322,.T.);
#335=ADVANCED_FACE('',(#296),#323,.T.);
#336=ADVANCED_FACE('',(#297,#298),#45,.F.);
#337=ADVANCED_FACE('',(#299,#300),#36,.T.);
#338=ADVANCED_FACE('',(#301),#46,.F.);
#339=ADVANCED_FACE('',(#302,#303),#37,.T.);
#340=ADVANCED_FACE('',(#304),#47,.T.);
#341=ADVANCED_FACE('',(#305),#48,.T.);
#342=ADVANCED_FACE('',(#306),#49,.T.);
#343=ADVANCED_FACE('',(#307),#18,.T.);
#344=ADVANCED_FACE('',(#308),#19,.T.);
#345=ADVANCED_FACE('',(#309),#50,.T.);
#346=ADVANCED_FACE('',(#310),#38,.T.);
#347=ADVANCED_FACE('',(#311,#312),#51,.T.);
#348=CLOSED_SHELL('',(#324,#325,#326,#327,#328,#329));
#349=CLOSED_SHELL('',(#330,#331,#332,#333,#334,#335));
#350=CLOSED_SHELL('',(#336,#337,#338,#339,#340,#341,#342,#343,#344,#345,
#346,#347));
#351=STYLED_ITEM('',(#354),#373);
#352=STYLED_ITEM('',(#355),#374);
#353=STYLED_ITEM('',(#356),#375);
#354=PRESENTATION_STYLE_ASSIGNMENT((#357));
#355=PRESENTATION_STYLE_ASSIGNMENT((#358));
#356=PRESENTATION_STYLE_ASSIGNMENT((#359));
#357=SURFACE_STYLE_USAGE(.BOTH.,#360);
#358=SURFACE_STYLE_USAGE(.BOTH.,#361);
#359=SURFACE_STYLE_USAGE(.BOTH.,#362);
#360=SURFACE_SIDE_STYLE('',(#363));
#361=SURFACE_SIDE_STYLE('',(#364));
#362=SURFACE_SIDE_STYLE('',(#365));
#363=SURFACE_STYLE_FILL_AREA(#366);
#364=SURFACE_STYLE_FILL_AREA(#367);
#365=SURFACE_STYLE_FILL_AREA(#368);
#366=FILL_AREA_STYLE('',(#369));
#367=FILL_AREA_STYLE('',(#370));
#368=FILL_AREA_STYLE('',(#371));
#369=FILL_AREA_STYLE_COLOUR('',#372);
#370=FILL_AREA_STYLE_COLOUR('',#372);
#371=FILL_AREA_STYLE_COLOUR('',#372);
#372=COLOUR_RGB('',0.699999988079071,0.670680642127991,0.670680642127991);
#373=MANIFOLD_SOLID_BREP('Part 2',#348);
#374=MANIFOLD_SOLID_BREP('Part 1',#349);
#375=MANIFOLD_SOLID_BREP('',#350);
#376=SHAPE_DEFINITION_REPRESENTATION(#1419,#377);
#377=SHAPE_REPRESENTATION('Tool',(#378),#1414);
#378=AXIS2_PLACEMENT_3D('',#440,#396,#397);
#379=AXIS2_PLACEMENT_3D('',#672,#398,#399);
#380=AXIS2_PLACEMENT_3D('',#1261,#400,#401);
#381=AXIS2_PLACEMENT_3D('',#1262,#402,#403);
#382=AXIS2_PLACEMENT_3D('',#1264,#404,#405);
#383=AXIS2_PLACEMENT_3D('',#1266,#406,#407);
#384=AXIS2_PLACEMENT_3D('',#1267,#408,#409);
#385=AXIS2_PLACEMENT_3D('',#1269,#410,#411);
#386=AXIS2_PLACEMENT_3D('',#1270,#412,#413);
#387=AXIS2_PLACEMENT_3D('',#1271,#414,#415);
#388=AXIS2_PLACEMENT_3D('',#1273,#416,#417);
#389=AXIS2_PLACEMENT_3D('',#1279,#420,#421);
#390=AXIS2_PLACEMENT_3D('',#1282,#423,#424);
#391=AXIS2_PLACEMENT_3D('',#1294,#427,#428);
#392=AXIS2_PLACEMENT_3D('',#1408,#431,#432);
#393=AXIS2_PLACEMENT_3D('',#1410,#434,#435);
#394=AXIS2_PLACEMENT_3D('',#1411,#436,#437);
#395=AXIS2_PLACEMENT_3D('',#1412,#438,#439);
#396=DIRECTION('',(0.,0.,1.));
#397=DIRECTION('',(1.,0.,0.));
#398=DIRECTION('',(-0.999539587100275,0.000805010201608007,0.0303309376378003));
#399=DIRECTION('',(0.0303309474656571,0.,0.999539910971961));
#400=DIRECTION('',(-1.,0.,0.));
#401=DIRECTION('',(0.,0.,1.));
#402=DIRECTION('',(-1.,0.,0.));
#403=DIRECTION('',(0.,1.,0.));
#404=DIRECTION('',(-1.,0.,0.));
#405=DIRECTION('',(0.,-0.999999999903817,-1.38696057869798E-5));
#406=DIRECTION('',(-1.,0.,0.));
#407=DIRECTION('',(0.,0.,1.));
#408=DIRECTION('',(-1.,0.,0.));
#409=DIRECTION('',(0.,1.,0.));
#410=DIRECTION('',(-1.,0.,0.));
#411=DIRECTION('',(0.,0.,1.));
#412=DIRECTION('',(-1.,0.,0.));
#413=DIRECTION('',(0.,0.,1.));
#414=DIRECTION('',(-1.,0.,0.));
#415=DIRECTION('',(0.,-0.999999999903817,-1.38696057869798E-5));
#416=DIRECTION('',(-1.,0.,0.));
#417=DIRECTION('',(0.,0.,1.));
#418=DIRECTION('',(0.,0.999999999903817,1.38696057820041E-5));
#419=DIRECTION('',(0.,0.2333930340274,-0.972382482188714));
#420=DIRECTION('',(1.,0.,0.));
#421=DIRECTION('',(0.,-1.,0.));
#422=DIRECTION('',(0.,0.233393182368784,0.97238244658353));
#423=DIRECTION('',(0.,-0.97238244658353,0.233393182368784));
#424=DIRECTION('',(0.,-0.233393182368784,-0.97238244658353));
#425=DIRECTION('',(-1.,0.,0.));
#426=DIRECTION('',(-1.,0.,0.));
#427=DIRECTION('',(0.,0.972382482188714,0.2333930340274));
#428=DIRECTION('',(0.,-0.2333930340274,0.972382482188714));
#429=DIRECTION('',(-1.,0.,0.));
#430=DIRECTION('',(-1.,0.,0.));
#431=DIRECTION('',(0.,-1.38696057820041E-5,0.999999999903817));
#432=DIRECTION('',(0.,-0.999999999903817,-1.38696057820041E-5));
#433=DIRECTION('',(0.,0.999999999903817,1.38696057820041E-5));
#434=DIRECTION('',(-1.,0.,0.));
#435=DIRECTION('',(0.,0.,1.));
#436=DIRECTION('',(-1.,0.,0.));
#437=DIRECTION('',(0.,0.,1.));
#438=DIRECTION('',(-1.,0.,0.));
#439=DIRECTION('',(0.,0.,1.));
#440=CARTESIAN_POINT('',(0.,0.,0.));
#441=CARTESIAN_POINT('',(37.718213885982,6.73588617778921,-22.1067118131296));
#442=CARTESIAN_POINT('',(35.5804777822961,6.72741499120329,-21.9684067482236));
#443=CARTESIAN_POINT('',(31.2354587671279,6.78334464844946,-22.8558806300978));
#444=CARTESIAN_POINT('',(27.9057562746616,6.98645288442045,-25.8266138777505));
#445=CARTESIAN_POINT('',(26.7470912951925,7.11841654520337,-27.6530673087587));
#446=CARTESIAN_POINT('',(37.7246388498154,4.45499216227294,-22.9356441814913));
#447=CARTESIAN_POINT('',(35.5699677277542,4.44806483981507,-22.7934850432137));
#448=CARTESIAN_POINT('',(31.1888285322345,4.49464878762176,-23.7033754185879));
#449=CARTESIAN_POINT('',(27.8686417817192,4.64744919634742,-26.720320929955));
#450=CARTESIAN_POINT('',(26.721908078586,4.74003939135123,-28.5598282929738));
#451=CARTESIAN_POINT('',(37.7331466889747,1.50842392679894E-5,-23.7431172695056));
#452=CARTESIAN_POINT('',(35.5571452192738,0.000376770780772101,-23.5949594139021));
#453=CARTESIAN_POINT('',(31.131917189901,0.000791712326222791,-24.5378389189461));
#454=CARTESIAN_POINT('',(27.8279035546279,0.000480510400549788,-27.612224278029));
#455=CARTESIAN_POINT('',(26.6949037564989,0.000171370479263352,-29.4661942441971));
#456=CARTESIAN_POINT('',(37.7267511546561,-4.45501702130861,-22.9357807241777));
#457=CARTESIAN_POINT('',(35.5712166808693,-4.44736746457994,-22.7918848685875));
#458=CARTESIAN_POINT('',(31.1874185799641,-4.49324242986449,-23.7005918941708));
#459=CARTESIAN_POINT('',(27.8665387029041,-4.6469633247116,-26.7203526901556));
#460=CARTESIAN_POINT('',(26.7207883206032,-4.74038285719104,-28.5616291589252));
#461=CARTESIAN_POINT('',(37.721074175908,-6.73594388170908,-22.1068760552503));
#462=CARTESIAN_POINT('',(35.5821478304588,-6.72676857805764,-21.9661191119938));
#463=CARTESIAN_POINT('',(31.2334619802889,-6.78206536852095,-22.851828912179));
#464=CARTESIAN_POINT('',(27.9026700462049,-6.98631617345998,-25.8264981633044));
#465=CARTESIAN_POINT('',(26.7453678985116,-7.11931119416699,-27.6555215572569));
#466=CARTESIAN_POINT('',(37.7239556082774,4.41758878584014,-22.8075842279967));
#467=CARTESIAN_POINT('',(37.7301123107476,1.46446262169995,-23.5177820529299));
#468=CARTESIAN_POINT('',(37.7314574949727,-1.47687748168738,-23.5148896009219));
#469=CARTESIAN_POINT('',(37.725775177949,-4.41761513631079,-22.8076959294207));
#470=CARTESIAN_POINT('',(37.7239218861299,4.41762861553174,-22.8077501434726));
#471=CARTESIAN_POINT('',(37.7259376773544,-4.41765796070545,-22.8078726854144));
#472=CARTESIAN_POINT('',(37.7239257476432,4.41758837797682,-22.8075823142372));
#473=CARTESIAN_POINT('',(37.2100250932019,4.41590237003312,-22.7737607064778));
#474=CARTESIAN_POINT('',(36.422764547134,4.44134144352928,-22.7664959739704));
#475=CARTESIAN_POINT('',(35.4786461779422,4.52185211389463,-22.8429644075837));
#476=CARTESIAN_POINT('',(34.9440221232583,4.58104039898229,-22.9098561273));
#477=CARTESIAN_POINT('',(34.5180361535944,4.63618130068989,-22.9771242388608));
#478=CARTESIAN_POINT('',(34.1820642562593,4.685292891148,-23.0399929202849));
#479=CARTESIAN_POINT('',(33.6910546512873,4.76385676907571,-23.1443408112384));
#480=CARTESIAN_POINT('',(33.0720856839061,4.87745942488425,-23.3039346206426));
#481=CARTESIAN_POINT('',(32.4366200642518,5.01316177153826,-23.5076710047032));
#482=CARTESIAN_POINT('',(31.9783079473732,5.12259128513977,-23.680228151767));
#483=CARTESIAN_POINT('',(31.7281809578366,5.18521034442852,-23.780930737912));
#484=CARTESIAN_POINT('',(31.5032992744303,5.24382023948712,-23.8768094686798));
#485=CARTESIAN_POINT('',(31.4187367097181,5.26661660368381,-23.9144075042009));
#486=CARTESIAN_POINT('',(31.2440232534764,5.31426646693946,-23.9930339857919));
#487=CARTESIAN_POINT('',(30.9358889709402,5.40142959463368,-24.1385829556227));
#488=CARTESIAN_POINT('',(30.4119516984996,5.55817253710172,-24.4087660020835));
#489=CARTESIAN_POINT('',(29.8078869636003,5.75548604890434,-24.7724093369746));
#490=CARTESIAN_POINT('',(29.290509960279,5.93739680133139,-25.1269592637859));
#491=CARTESIAN_POINT('',(28.7341302530153,6.14488669736356,-25.545174411812));
#492=CARTESIAN_POINT('',(28.1416827771233,6.38354571524131,-26.0594341529194));
#493=CARTESIAN_POINT('',(27.3646980259817,6.72288508312077,-26.8525024160302));
#494=CARTESIAN_POINT('',(26.9589716614757,6.92486778891836,-27.3801017455046));
#495=CARTESIAN_POINT('',(26.7462523413177,7.03379021114523,-27.6850567204385));
#496=CARTESIAN_POINT('',(26.7462583695945,7.03379164755373,-27.6850604123733));
#497=CARTESIAN_POINT('',(26.7462004034023,7.03381608566435,-27.6851314386722));
#498=CARTESIAN_POINT('',(26.6969790688318,2.33385760540583,-29.4558921612508));
#499=CARTESIAN_POINT('',(26.6964680518048,-2.33365369574702,-29.4570202250057));
#500=CARTESIAN_POINT('',(26.7444984658477,-7.0346916837008,-27.6875621650524));
#501=CARTESIAN_POINT('',(26.744556185345,-7.03466713537406,-27.6874909764797));
#502=CARTESIAN_POINT('',(26.7445503137144,-7.03466542650144,-27.6874875020618));
#503=CARTESIAN_POINT('',(26.9683211060274,-6.91989664814022,-27.3657719694993));
#504=CARTESIAN_POINT('',(27.3823844441574,-6.71503291192071,-26.8288734371953));
#505=CARTESIAN_POINT('',(28.1646866993104,-6.37582343736589,-26.0362722496756));
#506=CARTESIAN_POINT('',(28.7244824042241,-6.15028193202766,-25.5491166074792));
#507=CARTESIAN_POINT('',(29.306996380608,-5.93301128128445,-25.1111320290352));
#508=CARTESIAN_POINT('',(29.8360355798072,-5.74738060989953,-24.7507163571859));
#509=CARTESIAN_POINT('',(30.3278095618994,-5.58699367114827,-24.4572393618852));
#510=CARTESIAN_POINT('',(30.7577291789205,-5.45501660883992,-24.2272243633332));
#511=CARTESIAN_POINT('',(31.0515361571164,-5.36844301146467,-24.0807923457936));
#512=CARTESIAN_POINT('',(31.2610058003972,-5.3090142027615,-23.9824950167545));
#513=CARTESIAN_POINT('',(31.4278081259311,-5.26341636996268,-23.9077822074943));
#514=CARTESIAN_POINT('',(31.4983004800246,-5.24427413099166,-23.8763813458195));
#515=CARTESIAN_POINT('',(31.7340726340798,-5.18272463007297,-23.7759088001207));
#516=CARTESIAN_POINT('',(31.9915101989916,-5.11852247071068,-23.6725619894577));
#517=CARTESIAN_POINT('',(32.4698547577222,-5.00531176619405,-23.4932225688498));
#518=CARTESIAN_POINT('',(33.1401083034969,-4.86517560778816,-23.2805136764527));
#519=CARTESIAN_POINT('',(33.9457112328808,-4.72319547319396,-23.0791314872453));
#520=CARTESIAN_POINT('',(35.0043365169875,-4.57067713699452,-22.8824882630401));
#521=CARTESIAN_POINT('',(36.2910088119595,-4.44639405316439,-22.7607871220921));
#522=CARTESIAN_POINT('',(37.2599630532142,-4.41593360940277,-22.7766885319459));
#523=CARTESIAN_POINT('',(37.7259234140322,-4.417617666847,-22.8077049083036));
#524=CARTESIAN_POINT('',(37.567,21.4165,-14.8251331757124));
#525=CARTESIAN_POINT('',(36.7090264182777,21.4165,-14.7703055964053));
#526=CARTESIAN_POINT('',(35.8437615625633,21.4165,-14.8318447530713));
#527=CARTESIAN_POINT('',(34.16066981858,21.4165,-15.1832178846215));
#528=CARTESIAN_POINT('',(33.3430252117732,21.4165,-15.4730232227445));
#529=CARTESIAN_POINT('',(31.8143391928059,21.4165,-16.2600301805623));
#530=CARTESIAN_POINT('',(31.1034319701561,21.4165,-16.7571627160388));
#531=CARTESIAN_POINT('',(29.8396137761444,21.4165,-17.9229347643934));
#532=CARTESIAN_POINT('',(29.2868320131335,21.4165,-18.5914425510499));
#533=CARTESIAN_POINT('',(28.833,21.4165,-19.3216214566896));
#534=CARTESIAN_POINT('',(37.567,7.13883533019411,-29.5037998423791));
#535=CARTESIAN_POINT('',(36.7090264182777,7.13883516378904,-29.4489722630719));
#536=CARTESIAN_POINT('',(35.8437615625633,7.13883499738398,-29.510511419738));
#537=CARTESIAN_POINT('',(34.16066981858,7.13883466457385,-29.8618845512882));
#538=CARTESIAN_POINT('',(33.3430252117732,7.13883449816879,-30.1516898894112));
#539=CARTESIAN_POINT('',(31.8143391928059,7.13883416535866,-30.938696847229));
#540=CARTESIAN_POINT('',(31.1034319701561,7.13883399895359,-31.4358293827054));
#541=CARTESIAN_POINT('',(29.8396137761444,7.13883366614346,-32.6016014310601));
#542=CARTESIAN_POINT('',(29.2868320131335,7.13883349973839,-33.2701092177166));
#543=CARTESIAN_POINT('',(28.833,7.13883333333333,-34.0002881233562));
#544=CARTESIAN_POINT('',(37.567,-7.13883133647256,-29.5037998423791));
#545=CARTESIAN_POINT('',(36.7087820413755,-7.13883150287762,-29.4468932513355));
#546=CARTESIAN_POINT('',(35.8429588056104,-7.13883166928269,-29.5069098889301));
#547=CARTESIAN_POINT('',(34.1587068393556,-7.13883200209282,-29.8564217309104));
#548=CARTESIAN_POINT('',(33.3404637567585,-7.13883216849788,-30.1458880389518));
#549=CARTESIAN_POINT('',(31.8111050551179,-7.13883250130801,-30.9332413111453));
#550=CARTESIAN_POINT('',(31.1001260804405,-7.13883266771307,-31.4310579272561));
#551=CARTESIAN_POINT('',(29.8371487803878,-7.1388330005232,-32.5988556636253));
#552=CARTESIAN_POINT('',(29.285281830442,-7.13883316692827,-33.2687024684518));
#553=CARTESIAN_POINT('',(28.833,-7.13883333333333,-34.0002881233562));
#554=CARTESIAN_POINT('',(37.567,-21.4165,-14.8251331757124));
#555=CARTESIAN_POINT('',(36.7087820413755,-21.4165,-14.7682265846688));
#556=CARTESIAN_POINT('',(35.8429588056104,-21.4165,-14.8282432222634));
#557=CARTESIAN_POINT('',(34.1587068393556,-21.4165,-15.1777550642437));
#558=CARTESIAN_POINT('',(33.3404637567585,-21.4165,-15.4672213722852));
#559=CARTESIAN_POINT('',(31.8111050551179,-21.4165,-16.2545746444787));
#560=CARTESIAN_POINT('',(31.1001260804405,-21.4165,-16.7523912605894));
#561=CARTESIAN_POINT('',(29.8371487803878,-21.4165,-17.9201889969586));
#562=CARTESIAN_POINT('',(29.285281830442,-21.4165,-18.5900358017851));
#563=CARTESIAN_POINT('',(28.833,-21.4165,-19.3216214566896));
#564=CARTESIAN_POINT('',(37.5668611405826,-4.9999985114167,-25.2340693146909));
#565=CARTESIAN_POINT('',(37.5671403471137,-3.34850680656719,-25.6304819796104));
#566=CARTESIAN_POINT('',(37.5669454384461,0.00275561664546788,-26.037128351358));
#567=CARTESIAN_POINT('',(37.5669312368061,3.34299559458693,-25.6317915765937));
#568=CARTESIAN_POINT('',(37.5669082254762,4.99999909670532,-25.2340730097108));
#569=CARTESIAN_POINT('',(37.5669692356811,4.99999999929523,-25.2340767648285));
#570=CARTESIAN_POINT('',(37.5669797199397,-5.00000030153488,-25.2340766746123));
#571=CARTESIAN_POINT('',(37.5669594398794,-5.,-25.2340754182983));
#572=CARTESIAN_POINT('',(36.8266168584909,-5.,-25.1855719739224));
#573=CARTESIAN_POINT('',(35.82353971545,-5.08804610398033,-25.2080398630061));
#574=CARTESIAN_POINT('',(34.5566428810856,-5.32540487701484,-25.4286245111274));
#575=CARTESIAN_POINT('',(33.9137063336849,-5.47086379883277,-25.5810849877626));
#576=CARTESIAN_POINT('',(33.3782070414916,-5.61281112524589,-25.7432707753924));
#577=CARTESIAN_POINT('',(32.9962851783237,-5.7261942408306,-25.8802561523838));
#578=CARTESIAN_POINT('',(32.7900906083728,-5.79041899250936,-25.9595374171636));
#579=CARTESIAN_POINT('',(32.603075051132,-5.85112271133449,-26.0358791881819));
#580=CARTESIAN_POINT('',(32.5413887939062,-5.87186465351502,-26.0621857254724));
#581=CARTESIAN_POINT('',(32.4043953881854,-5.91831242116351,-26.1210977597891));
#582=CARTESIAN_POINT('',(32.1636721042402,-6.00276663035543,-26.2297356685635));
#583=CARTESIAN_POINT('',(31.7482044254755,-6.15566673415126,-26.4343583295833));
#584=CARTESIAN_POINT('',(31.2649985904087,-6.34671911229687,-26.7137042362514));
#585=CARTESIAN_POINT('',(30.8497407151175,-6.52075174945783,-26.9886058916221));
#586=CARTESIAN_POINT('',(30.177699725752,-6.81670933531828,-27.4796019349219));
#587=CARTESIAN_POINT('',(29.4360897464644,-7.17714041891813,-28.1855163546356));
#588=CARTESIAN_POINT('',(29.0023599132347,-7.4089270077032,-28.7397094602212));
#589=CARTESIAN_POINT('',(28.83304106908,-7.50015727963629,-28.9803752775698));
#590=CARTESIAN_POINT('',(28.8330410728567,-7.50015770752541,-28.980375118025));
#591=CARTESIAN_POINT('',(28.833,21.4165,-19.3216214566896));
#592=CARTESIAN_POINT('',(28.833,0.,-41.3396214566896));
#593=CARTESIAN_POINT('',(28.833,-21.4165,-19.3216214566896));
#594=CARTESIAN_POINT('',(28.833041131242,7.50015734752803,-28.9803753320567));
#595=CARTESIAN_POINT('',(28.833041130101,7.50015724676431,-28.9803753695656));
#596=CARTESIAN_POINT('',(29.0022835930948,7.40896812957726,-28.7405535518426));
#597=CARTESIAN_POINT('',(29.4355011412657,7.17738625725006,-28.1879389583168));
#598=CARTESIAN_POINT('',(30.1798695469826,6.81572199117989,-27.4807044725982));
#599=CARTESIAN_POINT('',(30.8503153791978,6.52050613663616,-26.9912803054388));
#600=CARTESIAN_POINT('',(31.2649306285122,6.34673383221749,-26.7168673776679));
#601=CARTESIAN_POINT('',(31.7476356745072,6.15586515704966,-26.4377435938207));
#602=CARTESIAN_POINT('',(32.1632930934829,6.00289234973213,-26.2328811077791));
#603=CARTESIAN_POINT('',(32.4045978457161,5.918243731451,-26.1239096520014));
#604=CARTESIAN_POINT('',(32.5419655785219,5.87167303542839,-26.0647992717208));
#605=CARTESIAN_POINT('',(32.6042114236192,5.85074801986329,-26.0382453685612));
#606=CARTESIAN_POINT('',(32.7910113322826,5.79011905854107,-25.9619547660137));
#607=CARTESIAN_POINT('',(32.9971873805054,5.72590295961404,-25.8826272014842));
#608=CARTESIAN_POINT('',(33.3789495983306,5.61257472615208,-25.7455898762995));
#609=CARTESIAN_POINT('',(33.914288894741,5.47067736529545,-25.5832505421237));
#610=CARTESIAN_POINT('',(34.557024982136,5.32527742656667,-25.4305462205509));
#611=CARTESIAN_POINT('',(35.823595491522,5.08801104240217,-25.2093483803837));
#612=CARTESIAN_POINT('',(36.8265643828465,5.00000000000006,-25.1861812610824));
#613=CARTESIAN_POINT('',(37.5669594398793,5.00000000000008,-25.2340761315748));
#614=CARTESIAN_POINT('',(37.5669188806307,-5.00000000006125,-25.2340727611366));
#615=CARTESIAN_POINT('',(37.1351775512157,-5.00000130392866,-25.2057888210435));
#616=CARTESIAN_POINT('',(36.707467026295,-5.02082150865072,-25.2022764377398));
#617=CARTESIAN_POINT('',(35.8594472443353,-5.09954286163003,-25.2419430902939));
#618=CARTESIAN_POINT('',(35.4391298346254,-5.1574526958853,-25.2851266092513));
#619=CARTESIAN_POINT('',(34.8139253131906,-5.26921101376195,-25.3855535090168));
#620=CARTESIAN_POINT('',(34.6059605438289,-5.31071576159648,-25.4251045576685));
#621=CARTESIAN_POINT('',(34.193740111158,-5.40115073163294,-25.5159343941281));
#622=CARTESIAN_POINT('',(33.9907067862506,-5.44978999042351,-25.5669128950405));
#623=CARTESIAN_POINT('',(33.3903352925028,-5.60473509874806,-25.7361885286308));
#624=CARTESIAN_POINT('',(33.0016700064391,-5.72004983540735,-25.8706896688904));
#625=CARTESIAN_POINT('',(32.4351098984822,-5.9066687051369,-26.1059651393957));
#626=CARTESIAN_POINT('',(32.2490133332698,-5.97115405746344,-26.1900205180279));
#627=CARTESIAN_POINT('',(31.8822681221099,-6.10402184341563,-26.3697553064632));
#628=CARTESIAN_POINT('',(31.7010351571205,-6.17263901753319,-26.4657779216385));
#629=CARTESIAN_POINT('',(31.1702987482968,-6.38147274595369,-26.769523768497));
#630=CARTESIAN_POINT('',(30.8345217473234,-6.52423503281921,-26.9920570646554));
#631=CARTESIAN_POINT('',(30.1985468699407,-6.81024357709371,-27.4802205715888));
#632=CARTESIAN_POINT('',(29.8983750348518,-6.95350028613104,-27.7458767337104));
#633=CARTESIAN_POINT('',(29.3352089156711,-7.23399309583635,-28.325836748726));
#634=CARTESIAN_POINT('',(29.0712042345693,-7.37183316745304,-28.6418557632713));
#635=CARTESIAN_POINT('',(28.8330410690801,-7.5001572796363,-28.9803752775697));
#636=CARTESIAN_POINT('',(28.8328976481622,-7.50023455591001,-28.9805791326847));
#637=CARTESIAN_POINT('',(28.8327542272442,-7.50031183218371,-28.9807829877996));
#638=CARTESIAN_POINT('',(28.8326108063263,-7.50038910845742,-28.9809868429146));
#639=CARTESIAN_POINT('',(37.7258500461965,-4.41769737274242,-22.8080339043104));
#640=CARTESIAN_POINT('',(37.1833945661841,-4.41597365298902,-22.7729110565101));
#641=CARTESIAN_POINT('',(36.6470307496753,-4.4345052200563,-22.7703565251684));
#642=CARTESIAN_POINT('',(35.5837786577713,-4.50788250658911,-22.826244562022));
#643=CARTESIAN_POINT('',(35.0568780713454,-4.56273916481407,-22.8846964046174));
#644=CARTESIAN_POINT('',(34.2718965550552,-4.67019812872751,-23.0190466255725));
#645=CARTESIAN_POINT('',(34.0109776002026,-4.71030103276501,-23.0717123592158));
#646=CARTESIAN_POINT('',(33.4941355551088,-4.79816766808319,-23.1921611091949));
#647=CARTESIAN_POINT('',(33.2397091180869,-4.84565000073343,-23.2595534592074));
#648=CARTESIAN_POINT('',(32.4873746236718,-4.99778520350353,-23.4827834122256));
#649=CARTESIAN_POINT('',(32.0003367557581,-5.11208982435392,-23.659481968603));
#650=CARTESIAN_POINT('',(31.2888346139137,-5.29989297249615,-23.9680205729468));
#651=CARTESIAN_POINT('',(31.0551629326625,-5.36519006301435,-24.0780370654251));
#652=CARTESIAN_POINT('',(30.5948401768807,-5.50069392550659,-24.3127015990988));
#653=CARTESIAN_POINT('',(30.3673921206985,-5.57115244293101,-24.4378254636249));
#654=CARTESIAN_POINT('',(29.7009653469251,-5.78739646647757,-24.8330174272408));
#655=CARTESIAN_POINT('',(29.2788430567533,-5.93756778236449,-25.1217673820517));
#656=CARTESIAN_POINT('',(28.4763251418264,-6.24533642814843,-25.7547842846788));
#657=CARTESIAN_POINT('',(28.0972083141404,-6.40262295263822,-26.0980644655691));
#658=CARTESIAN_POINT('',(27.3841724390423,-6.71920799937836,-26.8454970462523));
#659=CARTESIAN_POINT('',(27.0488037187303,-6.87929663512817,-27.251958619427));
#660=CARTESIAN_POINT('',(26.7445561767551,-7.03466673366548,-27.687491134987));
#661=CARTESIAN_POINT('',(26.7443729600866,-7.03476029692539,-27.6877534109483));
#662=CARTESIAN_POINT('',(26.744189743418,-7.03485386018529,-27.6880156869096));
#663=CARTESIAN_POINT('',(26.7440065267495,-7.0349474234452,-27.6882779628709));
#664=CARTESIAN_POINT('',(28.833,-7.50017885424589,-28.9804338521539));
#665=CARTESIAN_POINT('',(28.1368345693832,-7.34501690444519,-28.549478046098));
#666=CARTESIAN_POINT('',(27.4406691387664,-7.18985495464448,-28.118522240042));
#667=CARTESIAN_POINT('',(26.7445037081496,-7.03469300484378,-27.6875664339861));
#668=CARTESIAN_POINT('',(37.7257643318357,-4.41765504834576,-22.8078620749756));
#669=CARTESIAN_POINT('',(37.6791312741307,-4.58912282734239,-23.5222442847533));
#670=CARTESIAN_POINT('',(37.6261640308932,-4.78323341531564,-24.3309640800702));
#671=CARTESIAN_POINT('',(37.5668611405826,-4.99999851140795,-25.234069314693));
#672=CARTESIAN_POINT('',(37.9908111085088,-0.268710433829998,-14.725146481576));
#673=CARTESIAN_POINT('',(37.5669082244491,4.99999955351662,-25.2340729166827));
#674=CARTESIAN_POINT('',(37.6253333564444,4.78415437350544,-24.3347998154436));
#675=CARTESIAN_POINT('',(37.6776778884889,4.5900395124095,-23.5260592660939));
#676=CARTESIAN_POINT('',(37.7239448307469,4.41762952037723,-22.807751394842));
#677=CARTESIAN_POINT('',(37.5669188806238,5.0000000000613,-25.2340735079389));
#678=CARTESIAN_POINT('',(37.1352228063049,5.00000130378712,-25.2061493704932));
#679=CARTESIAN_POINT('',(36.7075740138325,5.02081706191224,-25.2029449137221));
#680=CARTESIAN_POINT('',(35.8597090900651,5.09951307193121,-25.2431550145875));
#681=CARTESIAN_POINT('',(35.4394848736928,5.15740203036848,-25.2865738731161));
#682=CARTESIAN_POINT('',(34.8144435263478,5.26911199163308,-25.3872994492697));
#683=CARTESIAN_POINT('',(34.6065514719226,5.31059450096392,-25.4269375978224));
#684=CARTESIAN_POINT('',(34.1944107466304,5.40099524978629,-25.5179374164316));
#685=CARTESIAN_POINT('',(33.9914183185797,5.44961581846126,-25.5689918162715));
#686=CARTESIAN_POINT('',(33.3911716470909,5.6045003804395,-25.7384663094203));
#687=CARTESIAN_POINT('',(33.0025926109743,5.71976864432118,-25.873062501357));
#688=CARTESIAN_POINT('',(32.4361593458332,5.90631172119506,-26.1084026273164));
#689=CARTESIAN_POINT('',(32.2501045737668,5.97077083536802,-26.1924662686658));
#690=CARTESIAN_POINT('',(31.8834404142159,6.10358508697229,-26.3721856377018));
#691=CARTESIAN_POINT('',(31.7022550769253,6.17217133485721,-26.4681788828004));
#692=CARTESIAN_POINT('',(31.1715170855821,6.3809688219049,-26.7718614661549));
#693=CARTESIAN_POINT('',(30.8357139216808,6.52371854542016,-26.9942979167593));
#694=CARTESIAN_POINT('',(30.1996102452776,6.80974577562636,-27.4821147389596));
#695=CARTESIAN_POINT('',(29.89933572478,6.95303372839263,-27.7475209800493));
#696=CARTESIAN_POINT('',(29.3358496718876,7.23366206465016,-28.3267632207613));
#697=CARTESIAN_POINT('',(29.0716387038358,7.37159907213736,-28.6422752094452));
#698=CARTESIAN_POINT('',(28.833041130101,7.5001572467643,-28.9803753695656));
#699=CARTESIAN_POINT('',(28.832897341758,7.50023472100941,-28.980579122106));
#700=CARTESIAN_POINT('',(28.832753553415,7.50031219525451,-28.9807828746465));
#701=CARTESIAN_POINT('',(28.832609765072,7.50038966949962,-28.9809866271869));
#702=CARTESIAN_POINT('',(37.7238526516258,4.41766816946648,-22.8079116356401));
#703=CARTESIAN_POINT('',(37.1816110931256,4.4161253599389,-22.7732075936483));
#704=CARTESIAN_POINT('',(36.6454621478737,4.43480754586572,-22.7709999561385));
#705=CARTESIAN_POINT('',(35.5826642686276,4.50842424418175,-22.8274807389352));
#706=CARTESIAN_POINT('',(35.0560030833998,4.56336969743532,-22.8861781754637));
#707=CARTESIAN_POINT('',(34.2714159605061,4.67090911602629,-23.0208184261695));
#708=CARTESIAN_POINT('',(34.0106507983303,4.71102686680642,-23.0735633171128));
#709=CARTESIAN_POINT('',(33.4940332093968,4.79892045921139,-23.1941631765978));
#710=CARTESIAN_POINT('',(33.2397198043006,4.84640826265542,-23.2616183895912));
#711=CARTESIAN_POINT('',(32.4877295122208,4.99853613694186,-23.4849960495439));
#712=CARTESIAN_POINT('',(32.0009281923017,5.11280442200736,-23.6617399887336));
#713=CARTESIAN_POINT('',(31.2897974329764,5.3005033216891,-23.9702324621403));
#714=CARTESIAN_POINT('',(31.0562510833663,5.3657574309917,-24.0802145815838));
#715=CARTESIAN_POINT('',(30.5961791071651,5.50115907494773,-24.3147659447361));
#716=CARTESIAN_POINT('',(30.3688677677616,5.57155433927456,-24.4398032476375));
#717=CARTESIAN_POINT('',(29.7026772323798,5.78764276511114,-24.8347619561272));
#718=CARTESIAN_POINT('',(29.2806904483546,5.93769123534924,-25.1232779009699));
#719=CARTESIAN_POINT('',(28.4783760377981,6.24518289452056,-25.7555970105508));
#720=CARTESIAN_POINT('',(28.099321486275,6.40231689702622,-26.0984187126663));
#721=CARTESIAN_POINT('',(27.3862768341992,6.71858401437231,-26.8446232381252));
#722=CARTESIAN_POINT('',(27.0508538122626,6.87849420476466,-27.2502633517522));
#723=CARTESIAN_POINT('',(26.7462583674837,7.03379155302495,-27.6850604498082));
#724=CARTESIAN_POINT('',(26.746074806211,7.03388514135458,-27.6853224757513));
#725=CARTESIAN_POINT('',(26.7458912449384,7.03397872968421,-27.6855845016943));
#726=CARTESIAN_POINT('',(26.7457076836657,7.03407231801383,-27.6858465276374));
#727=CARTESIAN_POINT('',(26.7462058526166,7.03381743910674,-27.6851357339772));
#728=CARTESIAN_POINT('',(27.4418039017444,7.18927111518498,-28.1169018198033));
#729=CARTESIAN_POINT('',(28.1374019508722,7.34472479126323,-28.5486679056294));
#730=CARTESIAN_POINT('',(28.833,7.50017846734148,-28.9804339914555));
#731=CARTESIAN_POINT('',(28.833,-7.50017885424589,-28.9804338521539));
#732=CARTESIAN_POINT('',(28.833,-5.000119300648,-29.8805588986274));
#733=CARTESIAN_POINT('',(28.833,-2.50005974705009,-30.3306214334727));
#734=CARTESIAN_POINT('',(28.833,2.5000593601457,-30.3306214799066));
#735=CARTESIAN_POINT('',(28.833,5.00011891374359,-29.8805589914952));
#736=CARTESIAN_POINT('',(28.833,7.50017846734148,-28.9804339914555));
#737=CARTESIAN_POINT('',(26.7445037078198,-7.03469300477029,-27.687566433782));
#738=CARTESIAN_POINT('',(26.7206276055438,-4.68424042068596,-28.572396194803));
#739=CARTESIAN_POINT('',(26.7078498773888,-2.34198234710873,-29.0139068755204));
#740=CARTESIAN_POINT('',(26.7084020787047,2.34198198466808,-29.0130160946262));
#741=CARTESIAN_POINT('',(26.721739728108,4.68390220598087,-28.5706187817734));
#742=CARTESIAN_POINT('',(26.7462058522887,7.03381743903346,-27.6851357337737));
#743=CARTESIAN_POINT('',(-14.,16.1439552879863,-19.5785072798376));
#744=CARTESIAN_POINT('',(-1.92071086704279,16.1439552879863,-32.8321617706699));
#745=CARTESIAN_POINT('',(12.3569557996239,16.1439552879863,-34.3309911976623));
#746=CARTESIAN_POINT('',(28.833,16.1439552879863,-24.0749955608149));
#747=CARTESIAN_POINT('',(-14.,5.38101818859746,-27.9195744884059));
#748=CARTESIAN_POINT('',(-1.88058131233406,5.38101818859746,-41.1678442227446));
#749=CARTESIAN_POINT('',(12.3970853543326,5.38101818859746,-42.666673649737));
#750=CARTESIAN_POINT('',(28.833,5.38101818859746,-32.4160627693831));
#751=CARTESIAN_POINT('',(-14.,-5.38191891079141,-27.9193418011796));
#752=CARTESIAN_POINT('',(-1.73482468971217,-5.38191891079141,-41.1480532841038));
#753=CARTESIAN_POINT('',(12.5428419769545,-5.3819189107914,-42.6468827110963));
#754=CARTESIAN_POINT('',(28.833,-5.3819189107914,-32.4158300821568));
#755=CARTESIAN_POINT('',(-14.,-16.1448560101803,-19.5778092181586));
#756=CARTESIAN_POINT('',(-1.69470102827078,-16.1448560101803,-32.8011367353734));
#757=CARTESIAN_POINT('',(12.5829656383959,-16.1448560101803,-34.2999661623658));
#758=CARTESIAN_POINT('',(28.833,-16.1448560101803,-24.0742974991359));
#759=CARTESIAN_POINT('',(1.19262238973405E-14,15.,-30.2104746490954));
#760=CARTESIAN_POINT('',(1.19764904015847,15.3778926288972,-30.3536237882681));
#761=CARTESIAN_POINT('',(3.04714798581689,15.7733055731662,-30.5530782709473));
#762=CARTESIAN_POINT('',(5.32184356695357,15.9330564584123,-30.7687783887393));
#763=CARTESIAN_POINT('',(6.63361487794264,15.939974294457,-30.8830739474647));
#764=CARTESIAN_POINT('',(7.68450321698178,15.8980482228201,-30.9679158454951));
#765=CARTESIAN_POINT('',(8.55342656769571,15.8291769341501,-31.032383168783));
#766=CARTESIAN_POINT('',(9.79401100372153,15.6896454726394,-31.1165217297486));
#767=CARTESIAN_POINT('',(11.3509674720936,15.4306454932322,-31.2035314098044));
#768=CARTESIAN_POINT('',(12.9488839016796,15.0598951999403,-31.2610641378786));
#769=CARTESIAN_POINT('',(14.0965795048552,14.7374503717448,-31.2794712210428));
#770=CARTESIAN_POINT('',(14.7420543414562,14.541666958121,-31.2830379757917));
#771=CARTESIAN_POINT('',(15.2750733178038,14.3709358458059,-31.2813907924916));
#772=CARTESIAN_POINT('',(15.6351603006996,14.250571377948,-31.2775672438017));
#773=CARTESIAN_POINT('',(16.1785620359002,14.0635210015827,-31.268701344379));
#774=CARTESIAN_POINT('',(17.1073117551692,13.7265197322794,-31.2432592180299));
#775=CARTESIAN_POINT('',(18.4666975293465,13.1868763177123,-31.1755104461966));
#776=CARTESIAN_POINT('',(20.1202422160762,12.4557638499712,-31.0341528068244));
#777=CARTESIAN_POINT('',(22.3655912579669,11.3661502893908,-30.7508275736129));
#778=CARTESIAN_POINT('',(25.2438353147513,9.79046121252426,-30.1892727516532));
#779=CARTESIAN_POINT('',(27.6238857690483,8.30165762862044,-29.4463442223875));
#780=CARTESIAN_POINT('',(28.833,7.50022070505422,-28.9804187840865));
#781=CARTESIAN_POINT('',(-2.05998412772246E-15,15.,-30.2104746490953));
#782=CARTESIAN_POINT('',(28.833,7.50022070505423,-28.9804187840865));
#783=CARTESIAN_POINT('',(28.833,21.4165,-19.3216214566896));
#784=CARTESIAN_POINT('',(28.833,0.,-41.3396214566896));
#785=CARTESIAN_POINT('',(28.833,-21.4165,-19.3216214566896));
#786=CARTESIAN_POINT('',(28.833,-7.50022313960825,-28.9804179075411));
#787=CARTESIAN_POINT('',(28.833,-7.50022313960823,-28.9804179075411));
#788=CARTESIAN_POINT('',(27.6325031150539,-8.30472561940387,-29.4443439328577));
#789=CARTESIAN_POINT('',(25.2683463313119,-9.79925267201457,-30.1853454480979));
#790=CARTESIAN_POINT('',(22.4005261981591,-11.381085313457,-30.7471890653243));
#791=CARTESIAN_POINT('',(20.1555077573853,-12.4749922543834,-31.0307035422067));
#792=CARTESIAN_POINT('',(18.4977390820102,-13.209051543052,-31.1717407666791));
#793=CARTESIAN_POINT('',(17.1312258071609,-13.7507958075127,-31.238441338158));
#794=CARTESIAN_POINT('',(16.1948227903865,-14.0893319949655,-31.2625627921877));
#795=CARTESIAN_POINT('',(15.6472976025566,-14.2769126379135,-31.2704325793414));
#796=CARTESIAN_POINT('',(15.2813903406008,-14.3985254104613,-31.2735030619238));
#797=CARTESIAN_POINT('',(14.7515007089342,-14.5671614860784,-31.2738826611706));
#798=CARTESIAN_POINT('',(14.1067125188697,-14.7613143637026,-31.2687603971403));
#799=CARTESIAN_POINT('',(12.9609081896688,-15.0803577612098,-31.2474431375099));
#800=CARTESIAN_POINT('',(11.3628551216331,-15.4464999849929,-31.1854299947568));
#801=CARTESIAN_POINT('',(9.802221595415,-15.7008175023885,-31.0932074430665));
#802=CARTESIAN_POINT('',(8.55849153788567,-15.8364896670685,-31.0044445919623));
#803=CARTESIAN_POINT('',(7.68174230805905,-15.9027828686738,-30.9360233666331));
#804=CARTESIAN_POINT('',(6.63958042096292,-15.9408764868848,-30.847637294002));
#805=CARTESIAN_POINT('',(5.33119660206211,-15.9306479291584,-30.7280269522247));
#806=CARTESIAN_POINT('',(3.0603443987325,-15.7675985463625,-30.5018955445973));
#807=CARTESIAN_POINT('',(1.20480001853431,-15.3743302572366,-30.2906454222805));
#808=CARTESIAN_POINT('',(-9.54097911787244E-15,-15.,-30.1381262112409));
#809=CARTESIAN_POINT('',(0.,-15.,-30.1381262112409));
#810=CARTESIAN_POINT('',(-2.29850860566927E-14,-15.,-30.1381262112409));
#811=CARTESIAN_POINT('',(-0.893397360107896,-14.6171154170966,-30.1010112799367));
#812=CARTESIAN_POINT('',(-2.17341231497906,-14.0191009367186,-29.9882707532141));
#813=CARTESIAN_POINT('',(-3.5538538359176,-13.2875703803491,-29.7809228256901));
#814=CARTESIAN_POINT('',(-4.32506013598776,-12.8511894183164,-29.640312750629));
#815=CARTESIAN_POINT('',(-4.85618592893112,-12.5386275063754,-29.5331966111802));
#816=CARTESIAN_POINT('',(-5.49815523035725,-12.1429939304371,-29.3892678262335));
#817=CARTESIAN_POINT('',(-6.27900776773781,-11.6357694947743,-29.1947198673293));
#818=CARTESIAN_POINT('',(-7.21700594517633,-10.9800550034928,-28.929309713936));
#819=CARTESIAN_POINT('',(-8.08175831163279,-10.3085069355875,-28.6461267166679));
#820=CARTESIAN_POINT('',(-8.64802976337664,-9.83280513130719,-28.443535382404));
#821=CARTESIAN_POINT('',(-8.96811935997036,-9.5521935432646,-28.3239299042336));
#822=CARTESIAN_POINT('',(-9.18417314156002,-9.358104404447,-28.2412376292399));
#823=CARTESIAN_POINT('',(-9.46779607467883,-9.09520698809206,-28.1295120472797));
#824=CARTESIAN_POINT('',(-9.80900997751429,-8.766915223038,-27.9907784029212));
#825=CARTESIAN_POINT('',(-10.3908371373812,-8.17760226416494,-27.7444846922611));
#826=CARTESIAN_POINT('',(-11.1370860843396,-7.33178743425206,-27.4033911094536));
#827=CARTESIAN_POINT('',(-11.78554101937,-6.46669273379649,-27.0819575564666));
#828=CARTESIAN_POINT('',(-12.183342305377,-5.86010950266821,-26.8749014790703));
#829=CARTESIAN_POINT('',(-12.4009042302593,-5.50204833413877,-26.758928315978));
#830=CARTESIAN_POINT('',(-12.5424457162119,-5.25863481640957,-26.6824761200871));
#831=CARTESIAN_POINT('',(-12.7310258587068,-4.91408979780622,-26.5789542895348));
#832=CARTESIAN_POINT('',(-12.9464853824403,-4.48928617774943,-26.4585666915662));
#833=CARTESIAN_POINT('',(-13.2925493181656,-3.72776182156928,-26.2609553002742));
#834=CARTESIAN_POINT('',(-13.6675317968908,-2.646414209294,-26.0380671431989));
#835=CARTESIAN_POINT('',(-13.9375394219889,-1.32833056458372,-25.872938241208));
#836=CARTESIAN_POINT('',(-14.0324824135646,-0.0410202142688857,-25.8137068854128));
#837=CARTESIAN_POINT('',(-13.9491132917114,1.15111215509872,-25.8665263467608));
#838=CARTESIAN_POINT('',(-13.7900772674229,2.04449448616508,-25.964647415209));
#839=CARTESIAN_POINT('',(-13.6180560483425,2.73465739392896,-26.0693738838342));
#840=CARTESIAN_POINT('',(-13.4230485063065,3.34501156086829,-26.1867043852102));
#841=CARTESIAN_POINT('',(-13.1788993621423,3.97758312483855,-26.3312247154439));
#842=CARTESIAN_POINT('',(-12.9004857549356,4.59139363878311,-26.4928057066659));
#843=CARTESIAN_POINT('',(-12.5529904105674,5.248330753073,-26.688718318554));
#844=CARTESIAN_POINT('',(-12.259010779471,5.74182231328067,-26.8496782463565));
#845=CARTESIAN_POINT('',(-11.797971282668,6.45047477960768,-27.0954440344547));
#846=CARTESIAN_POINT('',(-11.1553116331491,7.30822110485941,-27.4217795269061));
#847=CARTESIAN_POINT('',(-10.4083743079569,8.15820956402315,-27.772333459456));
#848=CARTESIAN_POINT('',(-9.8261988285869,8.74944781134175,-28.0252174517116));
#849=CARTESIAN_POINT('',(-9.48464427563774,9.07904889384021,-28.1676905570514));
#850=CARTESIAN_POINT('',(-9.2001104775508,9.3435644305264,-28.2826251761355));
#851=CARTESIAN_POINT('',(-8.98509046870571,9.53727521548486,-28.3669997639147));
#852=CARTESIAN_POINT('',(-8.6655371286953,9.81818278493359,-28.48944561255));
#853=CARTESIAN_POINT('',(-8.100167572647,10.2942879671038,-28.6968496913633));
#854=CARTESIAN_POINT('',(-7.23543031938026,10.9671838777951,-28.9871134557568));
#855=CARTESIAN_POINT('',(-6.29551080246156,11.625099578954,-29.2591777233794));
#856=CARTESIAN_POINT('',(-5.51212684365629,12.1343967952713,-29.4583366185185));
#857=CARTESIAN_POINT('',(-4.86659775906899,12.5323703717113,-29.6056279394992));
#858=CARTESIAN_POINT('',(-4.33471387716337,12.8454633000836,-29.7144485941718));
#859=CARTESIAN_POINT('',(-3.56162364960276,13.2831419330398,-29.8569758592219));
#860=CARTESIAN_POINT('',(-2.17841425412039,14.0165651977006,-30.0655692780566));
#861=CARTESIAN_POINT('',(-0.895640771570756,14.6161539550411,-30.1761782996969));
#862=CARTESIAN_POINT('',(-8.23993651088983E-15,15.,-30.2104746490953));
#863=CARTESIAN_POINT('',(-12.3620246832532,14.9870337578929,-18.0856678929864));
#864=CARTESIAN_POINT('',(-9.5071451453715,14.9000804883709,-21.2846544388102));
#865=CARTESIAN_POINT('',(-5.09033056879455,14.7687690223412,-24.9817391059939));
#866=CARTESIAN_POINT('',(1.10477058784228,14.6546381693736,-27.788617839212));
#867=CARTESIAN_POINT('',(5.93756328174965,14.6114265789604,-28.8473030402956));
#868=CARTESIAN_POINT('',(10.9920586287343,14.6113849222512,-28.8598602086746));
#869=CARTESIAN_POINT('',(18.0633138563904,14.6575435673659,-27.4662902018147));
#870=CARTESIAN_POINT('',(23.7600343606242,14.7243495026151,-24.8082502698055));
#871=CARTESIAN_POINT('',(27.7293065337691,14.7698677183075,-22.3019349066202));
#872=CARTESIAN_POINT('',(-12.3044946023318,12.4467467260232,-20.1171325034018));
#873=CARTESIAN_POINT('',(-9.44372234010822,12.3658575470644,-23.3037964511416));
#874=CARTESIAN_POINT('',(-5.02506289855176,12.2386867966207,-26.9773524868429));
#875=CARTESIAN_POINT('',(1.14918823398725,12.1235336200203,-29.7596323526772));
#876=CARTESIAN_POINT('',(5.95815228901385,12.0790131361014,-30.8086241501275));
#877=CARTESIAN_POINT('',(10.9867945428429,12.078527072438,-30.8216715712228));
#878=CARTESIAN_POINT('',(18.0280899033416,12.1252827740897,-29.4395168995181));
#879=CARTESIAN_POINT('',(23.710933949722,12.1925827350463,-26.7960736824512));
#880=CARTESIAN_POINT('',(27.6736209602048,12.237870572744,-24.2985704281947));
#881=CARTESIAN_POINT('',(-12.2263716130003,8.67604604695338,-22.3880595184954));
#882=CARTESIAN_POINT('',(-9.35244284213387,8.6123515150489,-25.5557296370666));
#883=CARTESIAN_POINT('',(-4.9222275453686,8.5054557812738,-29.189597861696));
#884=CARTESIAN_POINT('',(1.22614399900382,8.39994603650488,-31.9243115778124));
#885=CARTESIAN_POINT('',(5.99830715339814,8.35700603710436,-32.9533257109404));
#886=CARTESIAN_POINT('',(10.9844733396278,8.35544753163514,-32.9671047807329));
#887=CARTESIAN_POINT('',(17.9765805956818,8.39871553732112,-31.6081008340416));
#888=CARTESIAN_POINT('',(23.6376654460105,8.46050063501415,-28.9930969424801));
#889=CARTESIAN_POINT('',(27.5896614779646,8.50116109427851,-26.5119803292151));
#890=CARTESIAN_POINT('',(-12.1690462759098,3.7079796477375,-23.8927379716645));
#891=CARTESIAN_POINT('',(-9.27820057968343,3.68116331601768,-27.0449561726212));
#892=CARTESIAN_POINT('',(-4.82852493435879,3.63225215672623,-30.6449594448002));
#893=CARTESIAN_POINT('',(1.3070624077104,3.57836686844063,-33.3327920910803));
#894=CARTESIAN_POINT('',(6.04991964704275,3.55428968497449,-34.3401924396608));
#895=CARTESIAN_POINT('',(10.9978551857151,3.55127472504274,-34.3540068707133));
#896=CARTESIAN_POINT('',(17.9433773551788,3.57175357775984,-33.019357140236));
#897=CARTESIAN_POINT('',(23.5816510937977,3.60356686893857,-30.4338550071262));
#898=CARTESIAN_POINT('',(27.520459699288,3.62506974292909,-27.9692953375539));
#899=CARTESIAN_POINT('',(-12.1557159370792,-0.000610583557274596,-24.2659275745341));
#900=CARTESIAN_POINT('',(-9.25466265512259,0.00401564753075693,-27.4139364457739));
#901=CARTESIAN_POINT('',(-4.79268658219173,0.00787919148170911,-31.0050809352652));
#902=CARTESIAN_POINT('',(1.34528242632495,0.00675406434060461,-33.6793555013169));
#903=CARTESIAN_POINT('',(6.08186866569858,0.00367886550708482,-34.6798332705067));
#904=CARTESIAN_POINT('',(11.0180857317066,1.38030304210023E-6,-34.6931738736456));
#905=CARTESIAN_POINT('',(17.945797185756,-0.00344701017727404,-33.3660429435133));
#906=CARTESIAN_POINT('',(23.5710879164411,-0.00269314167111943,-30.7905987662347));
#907=CARTESIAN_POINT('',(27.5006234054382,-0.000336126949240431,-28.3320502335134));
#908=CARTESIAN_POINT('',(-12.1744771407063,-3.70801979200002,-23.8866881079611));
#909=CARTESIAN_POINT('',(-9.26676229258185,-3.67278573663112,-27.0387564056269));
#910=CARTESIAN_POINT('',(-4.7968129507884,-3.61735646878558,-30.6400526695819));
#911=CARTESIAN_POINT('',(1.35525090854364,-3.5660959815023,-33.3281834841422));
#912=CARTESIAN_POINT('',(6.10343464961481,-3.54772267149573,-34.3344990338169));
#913=CARTESIAN_POINT('',(11.0483455531288,-3.5513334458265,-34.3471968475041));
#914=CARTESIAN_POINT('',(17.9790540108992,-3.57813830210329,-33.0133272278339));
#915=CARTESIAN_POINT('',(23.5961593212533,-3.60884905436169,-30.4319397944746));
#916=CARTESIAN_POINT('',(27.5172781126371,-3.62615250995259,-27.9711264873715));
#917=CARTESIAN_POINT('',(-12.238992717855,-8.67203709246542,-22.3756393795734));
#918=CARTESIAN_POINT('',(-9.3267391005341,-8.60299733166712,-25.5426461432805));
#919=CARTESIAN_POINT('',(-4.85030013635227,-8.49368314285423,-29.1782607934207));
#920=CARTESIAN_POINT('',(1.33460184124075,-8.39177094623621,-31.9126937297846));
#921=CARTESIAN_POINT('',(6.11811944295099,-8.35299626264814,-32.939626137774));
#922=CARTESIAN_POINT('',(11.0974044432971,-8.35571677788908,-32.9517955840386));
#923=CARTESIAN_POINT('',(18.0567678301014,-8.40341357928541,-31.5951045195859));
#924=CARTESIAN_POINT('',(23.6705000409188,-8.46534443580087,-28.9886675808378));
#925=CARTESIAN_POINT('',(27.5826162545962,-8.50356814857141,-26.5154677663182));
#926=CARTESIAN_POINT('',(-12.3219611484576,-12.4387876812924,-20.1030097029691));
#927=CARTESIAN_POINT('',(-9.40937569474772,-12.3562316311682,-23.288002118994));
#928=CARTESIAN_POINT('',(-4.92825403180392,-12.2305374346015,-26.9615908979693));
#929=CARTESIAN_POINT('',(1.29334093445173,-12.1191996173405,-29.7420740913785));
#930=CARTESIAN_POINT('',(6.11628741910411,-12.0772706346315,-30.7889790986629));
#931=CARTESIAN_POINT('',(11.1356669679222,-12.0790097657437,-30.8013347774414));
#932=CARTESIAN_POINT('',(18.1344903641661,-12.1283971457929,-29.4232020585513));
#933=CARTESIAN_POINT('',(23.7550115028126,-12.1967512689079,-26.7900081234439));
#934=CARTESIAN_POINT('',(27.664573876035,-12.2413602862016,-24.3020475252474));
#935=CARTESIAN_POINT('',(-12.3815719385891,-14.9776168124937,-18.0717404065097));
#936=CARTESIAN_POINT('',(-9.46883993678561,-14.891102248996,-21.2681476521965));
#937=CARTESIAN_POINT('',(-4.9827305409179,-14.7627898468403,-24.9637329126502));
#938=CARTESIAN_POINT('',(1.26357306106106,-14.6521276170742,-27.7680239476144));
#939=CARTESIAN_POINT('',(6.11110005766787,-14.6106985601794,-28.824856210806));
#940=CARTESIAN_POINT('',(11.155329784381,-14.6119778264272,-28.8374266271063));
#941=CARTESIAN_POINT('',(18.1804311161095,-14.6599040886228,-27.4488400932139));
#942=CARTESIAN_POINT('',(23.8089701869783,-14.7279913794391,-24.8014947373438));
#943=CARTESIAN_POINT('',(27.7196615978584,-14.7736433797187,-22.3050452490655));
#944=CARTESIAN_POINT('',(27.5672784076033,6.76989915862671,-26.9519926456722));
#945=CARTESIAN_POINT('',(26.416917151707,7.49015276866767,-27.4105926810084));
#946=CARTESIAN_POINT('',(24.1614013323454,8.828826732455,-28.1447375859256));
#947=CARTESIAN_POINT('',(21.4488764735079,10.2499127077782,-28.707001318576));
#948=CARTESIAN_POINT('',(19.3392707544419,11.2356292480634,-28.9953166433896));
#949=CARTESIAN_POINT('',(17.7885915121633,11.898567559502,-29.1419727133031));
#950=CARTESIAN_POINT('',(16.5160481484091,12.3891202069068,-29.214968075712));
#951=CARTESIAN_POINT('',(15.6477499121909,12.6960450654091,-29.2442407045329));
#952=CARTESIAN_POINT('',(15.1400778731612,12.8665776004506,-29.2554050390915));
#953=CARTESIAN_POINT('',(14.8037198579051,12.9763997467998,-29.2607689847935));
#954=CARTESIAN_POINT('',(14.3063379512791,13.1322226165541,-29.264725040869));
#955=CARTESIAN_POINT('',(13.704281926209,13.3111227097451,-29.2639954591108));
#956=CARTESIAN_POINT('',(12.6345774529639,13.6061967746918,-29.2506957553378));
#957=CARTESIAN_POINT('',(11.1474897553906,13.9467848438286,-29.2003286670587));
#958=CARTESIAN_POINT('',(9.70159602444111,14.186450091946,-29.1201757634503));
#959=CARTESIAN_POINT('',(8.55146468010458,14.3169447766933,-29.0413155634845));
#960=CARTESIAN_POINT('',(7.7466800100585,14.3822167870424,-28.9804579369078));
#961=CARTESIAN_POINT('',(6.7747856344497,14.4236782718079,-28.8999019981768));
#962=CARTESIAN_POINT('',(5.5634670137045,14.4217785962442,-28.790893171901));
#963=CARTESIAN_POINT('',(3.46769663211246,14.2847380433907,-28.5844258573465));
#964=CARTESIAN_POINT('',(1.77186318760666,13.9329886723896,-28.3928090058844));
#965=CARTESIAN_POINT('',(0.676734100614353,13.5955766881614,-28.2560882639245));
#966=CARTESIAN_POINT('',(0.676734099298314,13.5955766908928,-28.2560882677257));
#967=CARTESIAN_POINT('',(27.567271653777,6.76989526201866,-26.9519818240548));
#968=CARTESIAN_POINT('',(0.676734100614353,13.5955766881614,-28.2560882639245));
#969=CARTESIAN_POINT('',(-0.140701093072602,13.2485829862875,-28.2224044351952));
#970=CARTESIAN_POINT('',(-1.30940819153993,12.7092986715893,-28.1167586222184));
#971=CARTESIAN_POINT('',(-2.56911970006191,12.0521148115765,-27.9198003920329));
#972=CARTESIAN_POINT('',(-3.27335394194481,11.66037055889,-27.785627255831));
#973=CARTESIAN_POINT('',(-3.75825649865271,11.3801208385545,-27.683265738557));
#974=CARTESIAN_POINT('',(-4.34628016267578,11.0244286998274,-27.5450652488021));
#975=CARTESIAN_POINT('',(-5.06036424404431,10.5692925636442,-27.3584627395407));
#976=CARTESIAN_POINT('',(-5.92018439253917,9.97903633758466,-27.1029203488408));
#977=CARTESIAN_POINT('',(-6.70503507186508,9.38163121483292,-26.8337995468585));
#978=CARTESIAN_POINT('',(-7.30971855344476,8.88130662568297,-26.606593316354));
#979=CARTESIAN_POINT('',(-7.70949969624216,8.53399571889986,-26.4488151243122));
#980=CARTESIAN_POINT('',(-8.22537684221237,8.05665536862369,-26.2333137442092));
#981=CARTESIAN_POINT('',(-8.82399939033842,7.45878330144826,-25.9678092945379));
#982=CARTESIAN_POINT('',(-9.51941550927002,6.68406629429482,-25.6364335150079));
#983=CARTESIAN_POINT('',(-10.1118381357787,5.9069106001078,-25.3307366912745));
#984=CARTESIAN_POINT('',(-10.5392980746097,5.26167639294338,-25.0995938885958));
#985=CARTESIAN_POINT('',(-10.8121514262854,4.8114435671062,-24.9480785367466));
#986=CARTESIAN_POINT('',(-11.1345383757806,4.21293288623616,-24.7638664528624));
#987=CARTESIAN_POINT('',(-11.4816743866505,3.45878806494063,-24.5597339033647));
#988=CARTESIAN_POINT('',(-11.8213747945544,2.52065955890534,-24.3537198329005));
#989=CARTESIAN_POINT('',(-12.0996805049865,1.26559814802997,-24.1805051458555));
#990=CARTESIAN_POINT('',(-12.1906811827266,-0.0347842870863885,-24.1216572759839));
#991=CARTESIAN_POINT('',(-12.1039639929533,-1.22096996360233,-24.1759828712255));
#992=CARTESIAN_POINT('',(-11.8529528464235,-2.4290851549216,-24.3309044152502));
#993=CARTESIAN_POINT('',(-11.5046449401096,-3.41910274229544,-24.5402067041878));
#994=CARTESIAN_POINT('',(-11.1835215581295,-4.11454765301335,-24.7258633193934));
#995=CARTESIAN_POINT('',(-10.9837432690893,-4.50203206260056,-24.838956812686));
#996=CARTESIAN_POINT('',(-10.8089665938748,-4.81604423559183,-24.9362101321714));
#997=CARTESIAN_POINT('',(-10.6779277124682,-5.03756687635956,-25.0079866716219));
#998=CARTESIAN_POINT('',(-10.4765634841746,-5.36327476233546,-25.1168850025319));
#999=CARTESIAN_POINT('',(-10.1083590306609,-5.91462000370578,-25.3114091866473));
#1000=CARTESIAN_POINT('',(-9.51120784232317,-6.69722775692853,-25.612505235243));
#1001=CARTESIAN_POINT('',(-8.81674445029973,-7.46724431559021,-25.93526769739));
#1002=CARTESIAN_POINT('',(-8.21796915252224,-8.06314171470064,-26.1944358091629));
#1003=CARTESIAN_POINT('',(-7.70317552686658,-8.53766664973875,-26.4044317172699));
#1004=CARTESIAN_POINT('',(-7.30158270334738,-8.88532240881823,-26.5592672773899));
#1005=CARTESIAN_POINT('',(-6.69584158399972,-9.38487226017043,-26.781584198516));
#1006=CARTESIAN_POINT('',(-5.90988387881797,-9.98151924025416,-27.0449865991376));
#1007=CARTESIAN_POINT('',(-5.05028263616664,-10.5705322343119,-27.2951392676802));
#1008=CARTESIAN_POINT('',(-4.33699409244361,-11.0246104597332,-27.478084110693));
#1009=CARTESIAN_POINT('',(-3.75065327895004,-11.3790590887354,-27.613652772643));
#1010=CARTESIAN_POINT('',(-3.2657400129442,-11.6591745039334,-27.7146611316182));
#1011=CARTESIAN_POINT('',(-2.56180352851662,-12.0504581157652,-27.8474420137622));
#1012=CARTESIAN_POINT('',(-1.30197958413448,-12.7071822563495,-28.0438233889678));
#1013=CARTESIAN_POINT('',(-0.133122663003884,-13.2461942042101,-28.1517699555226));
#1014=CARTESIAN_POINT('',(0.68400548574909,-13.5930093782677,-28.1881380210886));
#1015=CARTESIAN_POINT('',(0.684008765764685,-13.593002630855,-28.1881286698128));
#1016=CARTESIAN_POINT('',(0.6840054857491,-13.5930093782677,-28.1881380210886));
#1017=CARTESIAN_POINT('',(1.78763198920283,-13.9276345204112,-28.3337927951103));
#1018=CARTESIAN_POINT('',(3.49127846397396,-14.2779094892066,-28.5364253364675));
#1019=CARTESIAN_POINT('',(5.58474023619359,-14.4183461623117,-28.7524372078178));
#1020=CARTESIAN_POINT('',(6.79320091460171,-14.423459300522,-28.8662599320814));
#1021=CARTESIAN_POINT('',(7.75708669899775,-14.3856604388053,-28.9500093530712));
#1022=CARTESIAN_POINT('',(8.56875143479403,-14.3228564905471,-29.0144650268683));
#1023=CARTESIAN_POINT('',(9.72130559609639,-14.1960527426871,-29.0975313477285));
#1024=CARTESIAN_POINT('',(11.1692593019618,-13.9610248723334,-29.1824526288637));
#1025=CARTESIAN_POINT('',(12.6562559473403,-13.6246100428122,-29.236962389324));
#1026=CARTESIAN_POINT('',(13.721052491093,-13.3335895554825,-29.2530423141059));
#1027=CARTESIAN_POINT('',(14.3250702731351,-13.1552921410304,-29.2552120520524));
#1028=CARTESIAN_POINT('',(14.8089810392238,-13.0047788935725,-29.2526180257579));
#1029=CARTESIAN_POINT('',(15.1879370089287,-12.8817162152075,-29.2474589371468));
#1030=CARTESIAN_POINT('',(15.7330284509293,-12.6985717812619,-29.2361186917662));
#1031=CARTESIAN_POINT('',(16.6761736847276,-12.3637955696078,-29.2045425139554));
#1032=CARTESIAN_POINT('',(18.0530147825925,-11.8260530501917,-29.122035313127));
#1033=CARTESIAN_POINT('',(19.4498058102298,-11.2163390369939,-28.9806727342039));
#1034=CARTESIAN_POINT('',(20.4490590707834,-10.7469639484199,-28.8434694529269));
#1035=CARTESIAN_POINT('',(21.0142288343878,-10.4726575951473,-28.7553977781899));
#1036=CARTESIAN_POINT('',(21.4683923316579,-10.2470705960173,-28.6782009967353));
#1037=CARTESIAN_POINT('',(21.8171351441507,-10.0704301293715,-28.6145008224236));
#1038=CARTESIAN_POINT('',(22.3211628722883,-9.81113237001203,-28.5170756165953));
#1039=CARTESIAN_POINT('',(23.1906380265584,-9.35200881870417,-28.3327071329688));
#1040=CARTESIAN_POINT('',(24.4557890596869,-8.6517101161859,-28.0168513155078));
#1041=CARTESIAN_POINT('',(25.9935815633755,-7.74921592933017,-27.546886284252));
#1042=CARTESIAN_POINT('',(27.0361014429317,-7.10426949013823,-27.1650697593762));
#1043=CARTESIAN_POINT('',(27.5616600619102,-6.77102208804931,-26.9551045366806));
#1044=CARTESIAN_POINT('',(27.5616533140442,-6.77101821795954,-26.9550937887017));
#1045=CARTESIAN_POINT('',(27.5616093445353,-6.77102169800721,-26.9551365188023));
#1046=CARTESIAN_POINT('',(27.4912817094252,-2.21535948149075,-28.6396747694302));
#1047=CARTESIAN_POINT('',(27.4935728178462,2.21547307388939,-28.6379335681556));
#1048=CARTESIAN_POINT('',(27.5672274602884,6.76989873077406,-26.9520245961746));
#1049=CARTESIAN_POINT('',(0.676734099298316,13.5955766908928,-28.2560882677257));
#1050=CARTESIAN_POINT('',(-0.883104586178388,12.9334245688707,-28.1917948635544));
#1051=CARTESIAN_POINT('',(-2.36820580659163,12.200670099401,-27.9913486595645));
#1052=CARTESIAN_POINT('',(-4.47908319321863,10.9510074465197,-27.5203010163588));
#1053=CARTESIAN_POINT('',(-5.16311455896202,10.5090181304944,-27.3350166054404));
#1054=CARTESIAN_POINT('',(-6.15646553563294,9.7969405663957,-27.0213699763562));
#1055=CARTESIAN_POINT('',(-6.48299575723445,9.55061982030764,-26.9105590985234));
#1056=CARTESIAN_POINT('',(-7.11912643221038,9.04292389367742,-26.680443838896));
#1057=CARTESIAN_POINT('',(-7.42853831690535,8.78179484911838,-26.5612614837914));
#1058=CARTESIAN_POINT('',(-8.32939940825666,7.97334347736628,-26.1949727312473));
#1059=CARTESIAN_POINT('',(-8.89389040402895,7.40144508972884,-25.9388023801609));
#1060=CARTESIAN_POINT('',(-9.67512139765028,6.47480508628248,-25.5554027825572));
#1061=CARTESIAN_POINT('',(-9.92498689869793,6.15370905471325,-25.4275683137212));
#1062=CARTESIAN_POINT('',(-10.397197274837,5.48601153280721,-25.1777646367061));
#1063=CARTESIAN_POINT('',(-10.6176211574855,5.14220911545084,-25.0568390819168));
#1064=CARTESIAN_POINT('',(-11.0231977857336,4.43125328703198,-24.828423968748));
#1065=CARTESIAN_POINT('',(-11.2083775065308,4.06411762128628,-24.7209195355092));
#1066=CARTESIAN_POINT('',(-11.4553642823117,3.49243074108068,-24.5747033597054));
#1067=CARTESIAN_POINT('',(-11.5325455686553,3.29836024177599,-24.5284817281926));
#1068=CARTESIAN_POINT('',(-11.6756217724796,2.9024520366157,-24.4420563327364));
#1069=CARTESIAN_POINT('',(-11.741181151504,2.70139385972868,-24.4020548386183));
#1070=CARTESIAN_POINT('',(-11.9170615845543,2.09453329957583,-24.2940198023706));
#1071=CARTESIAN_POINT('',(-12.0074825840186,1.68275615701761,-24.2374551424048));
#1072=CARTESIAN_POINT('',(-12.0992154449668,1.05347024705288,-24.1797936911653));
#1073=CARTESIAN_POINT('',(-12.1224652245925,0.84177025552386,-24.1651015074052));
#1074=CARTESIAN_POINT('',(-12.1535459756553,0.414339914907804,-24.1454005158648));
#1075=CARTESIAN_POINT('',(-12.1612912058317,0.198182148987968,-24.1404462086966));
#1076=CARTESIAN_POINT('',(-12.1606021690839,-0.443618779909455,-24.1406661121004));
#1077=CARTESIAN_POINT('',(-12.1287341101511,-0.866696371708202,-24.1606651844871));
#1078=CARTESIAN_POINT('',(-12.0364911240246,-1.49425538816443,-24.2179172232631));
#1079=CARTESIAN_POINT('',(-11.9983277541903,-1.70226559437507,-24.2415354475737));
#1080=CARTESIAN_POINT('',(-11.907514962655,-2.11595626930628,-24.2973329031511));
#1081=CARTESIAN_POINT('',(-11.8545927230171,-2.3224893457813,-24.3296761256793));
#1082=CARTESIAN_POINT('',(-11.5586353395694,-3.3359602786688,-24.5088931149388));
#1083=CARTESIAN_POINT('',(-11.2239227839428,-4.08878401363097,-24.7069465462783));
#1084=CARTESIAN_POINT('',(-10.6124206229134,-5.15655137220117,-25.0444703897016));
#1085=CARTESIAN_POINT('',(-10.3891519411042,-5.50304726521914,-25.1643161425603));
#1086=CARTESIAN_POINT('',(-9.91810621135101,-6.16615374554878,-25.4079237037651));
#1087=CARTESIAN_POINT('',(-9.6695264121477,-6.48439202460467,-25.5321581946449));
#1088=CARTESIAN_POINT('',(-8.88970787306151,-7.4061941379301,-25.9058548130813));
#1089=CARTESIAN_POINT('',(-8.32471450829761,-7.97719850919054,-26.1560690384039));
#1090=CARTESIAN_POINT('',(-7.42067916240102,-8.7861681732183,-26.5147891376803));
#1091=CARTESIAN_POINT('',(-7.10909585813297,-9.04835550994779,-26.6319190816231));
#1092=CARTESIAN_POINT('',(-6.4711304637572,-9.55604232884772,-26.8572541220816));
#1093=CARTESIAN_POINT('',(-6.14607310170784,-9.8005652521755,-26.9650239082277));
#1094=CARTESIAN_POINT('',(-5.15420561335741,-10.5099665092852,-27.2714564147028));
#1095=CARTESIAN_POINT('',(-4.47080364101525,-10.9508628743069,-27.4531588163039));
#1096=CARTESIAN_POINT('',(-2.36109442518689,-12.1983143028157,-27.9174092390296));
#1097=CARTESIAN_POINT('',(-0.875829607808233,-12.9309383623098,-28.118682204484));
#1098=CARTESIAN_POINT('',(0.684008765764672,-13.593002630855,-28.1881286698128));
#1099=CARTESIAN_POINT('',(-2.05998412772246E-15,15.,-30.2104746490953));
#1100=CARTESIAN_POINT('',(-1.70855866385241,14.2677605726347,-30.145049618477));
#1101=CARTESIAN_POINT('',(-3.34104780865006,13.4497690021415,-29.9335814636723));
#1102=CARTESIAN_POINT('',(-5.65778403494887,12.0524508944793,-29.4320335108356));
#1103=CARTESIAN_POINT('',(-6.40790353224932,11.5579872930423,-29.2343224260614));
#1104=CARTESIAN_POINT('',(-7.49517616886445,10.7627109410931,-28.8993851644975));
#1105=CARTESIAN_POINT('',(-7.85222938363812,10.4878243631129,-28.7810173659598));
#1106=CARTESIAN_POINT('',(-8.54701607840807,9.9219717721776,-28.5352142275254));
#1107=CARTESIAN_POINT('',(-8.88454613985782,9.63127897272664,-28.4079098101499));
#1108=CARTESIAN_POINT('',(-9.86599604755769,8.73273297026208,-28.0167758924543));
#1109=CARTESIAN_POINT('',(-10.4791978183119,8.09896178078882,-27.743392256652));
#1110=CARTESIAN_POINT('',(-11.3254929700183,7.07615841553701,-27.3347892737726));
#1111=CARTESIAN_POINT('',(-11.5957496091798,6.72237113543277,-27.1986430861795));
#1112=CARTESIAN_POINT('',(-12.1057873838601,5.98808676400432,-26.9328061598588));
#1113=CARTESIAN_POINT('',(-12.3434960821646,5.61066688754018,-26.8042259121316));
#1114=CARTESIAN_POINT('',(-12.7803233100609,4.83151276724511,-26.5615598302812));
#1115=CARTESIAN_POINT('',(-12.9794712648335,4.42979847662458,-26.4474580817345));
#1116=CARTESIAN_POINT('',(-13.2447835004785,3.80514027032075,-26.2924196770999));
#1117=CARTESIAN_POINT('',(-13.3276342647264,3.59322704799398,-26.2434366653062));
#1118=CARTESIAN_POINT('',(-13.4811285770504,3.1611728209827,-26.1519010715613));
#1119=CARTESIAN_POINT('',(-13.5514120013824,2.94188325395476,-26.109562868599));
#1120=CARTESIAN_POINT('',(-13.7398509807848,2.2803013034651,-25.9952979306798));
#1121=CARTESIAN_POINT('',(-13.8365616656686,1.83180054529134,-25.9355901517497));
#1122=CARTESIAN_POINT('',(-13.9344881743433,1.14667225652671,-25.8749158551639));
#1123=CARTESIAN_POINT('',(-13.9592607608835,0.916231133331915,-25.8595029592914));
#1124=CARTESIAN_POINT('',(-13.9922621968268,0.450988391027157,-25.8389583364942));
#1125=CARTESIAN_POINT('',(-14.0003988057899,0.215721314555878,-25.8338847653605));
#1126=CARTESIAN_POINT('',(-13.9991566602141,-0.482879025455189,-25.8346584802237));
#1127=CARTESIAN_POINT('',(-13.9646534873109,-0.943484660098176,-25.8562285105204));
#1128=CARTESIAN_POINT('',(-13.8651989812427,-1.62719199822274,-25.91747989612));
#1129=CARTESIAN_POINT('',(-13.8240868874482,-1.85389363670028,-25.9427049331536));
#1130=CARTESIAN_POINT('',(-13.7262911801385,-2.30496990897933,-26.0022352491217));
#1131=CARTESIAN_POINT('',(-13.6693138025278,-2.53027559565214,-26.0367152315356));
#1132=CARTESIAN_POINT('',(-13.3506684035977,-3.63649938684695,-26.2276768237121));
#1133=CARTESIAN_POINT('',(-12.9902627532155,-4.46032841240293,-26.4384479334416));
#1134=CARTESIAN_POINT('',(-12.3302968618456,-5.63250514319434,-26.7977228047445));
#1135=CARTESIAN_POINT('',(-12.0891218523027,-6.01353225378176,-26.9253015534874));
#1136=CARTESIAN_POINT('',(-11.5797006047107,-6.74392710361019,-27.1846747439214));
#1137=CARTESIAN_POINT('',(-11.3105897257592,-7.09507694566698,-27.3169720671122));
#1138=CARTESIAN_POINT('',(-10.4653461156638,-8.11381629579708,-27.714991827221));
#1139=CARTESIAN_POINT('',(-9.85162895998172,-8.74708942826084,-27.9815925921416));
#1140=CARTESIAN_POINT('',(-8.86733752023149,-9.64640982315572,-28.3638018210474));
#1141=CARTESIAN_POINT('',(-8.52773997922238,-9.93825748218908,-28.4885986412086));
#1142=CARTESIAN_POINT('',(-7.83173650256788,-10.5038930181834,-28.7286348763272));
#1143=CARTESIAN_POINT('',(-7.47677784799821,-10.7765903119256,-28.8434102927822));
#1144=CARTESIAN_POINT('',(-6.39282633907708,-11.5681401687748,-29.1696210543321));
#1145=CARTESIAN_POINT('',(-5.64485345031309,-12.0606439001957,-29.3628448980701));
#1146=CARTESIAN_POINT('',(-3.33427264040861,-13.453058886736,-29.8554937146514));
#1147=CARTESIAN_POINT('',(-1.70551767378266,-14.2690638540931,-30.0672728887138));
#1148=CARTESIAN_POINT('',(-1.23599047663347E-14,-15.,-30.1381262112409));
#1149=CARTESIAN_POINT('',(0.684008765764683,-13.593002630855,-28.1881286698128));
#1150=CARTESIAN_POINT('',(0.456005843843122,-14.0620017539033,-28.8381278502888));
#1151=CARTESIAN_POINT('',(0.228002921921561,-14.5310008769517,-29.4881270307649));
#1152=CARTESIAN_POINT('',(0.,-15.,-30.1381262112409));
#1153=CARTESIAN_POINT('',(-7.58941520739853E-16,15.,-30.2104746490953));
#1154=CARTESIAN_POINT('',(0.225578033099439,14.5318588969643,-29.5590125219721));
#1155=CARTESIAN_POINT('',(0.451156066198878,14.0637177939285,-28.9075503948489));
#1156=CARTESIAN_POINT('',(0.676734099298317,13.5955766908928,-28.2560882677257));
#1157=CARTESIAN_POINT('',(0.676734099298317,13.5955766908928,-28.2560882677257));
#1158=CARTESIAN_POINT('',(1.81489556090852,13.9462569223992,-28.398193832447));
#1159=CARTESIAN_POINT('',(2.97186286506112,14.1785815047835,-28.5280874518225));
#1160=CARTESIAN_POINT('',(4.7330436765206,14.3684201469619,-28.7093195811242));
#1161=CARTESIAN_POINT('',(5.32440848217832,14.4052306390944,-28.7672813783343));
#1162=CARTESIAN_POINT('',(6.51545524280774,14.4287039370168,-28.8772270267136));
#1163=CARTESIAN_POINT('',(7.11580346702142,14.4153244160936,-28.9292578296749));
#1164=CARTESIAN_POINT('',(8.92488007165483,14.3040534342825,-29.072952824802));
#1165=CARTESIAN_POINT('',(10.1133970429014,14.137682381796,-29.1501119935526));
#1166=CARTESIAN_POINT('',(12.4637124190292,13.661622839951,-29.2506994755832));
#1167=CARTESIAN_POINT('',(13.6254567156924,13.351713962542,-29.2740011701022));
#1168=CARTESIAN_POINT('',(15.3525652022884,12.8001528841237,-29.2536706857779));
#1169=CARTESIAN_POINT('',(15.9264628392675,12.6014745025838,-29.2376282701521));
#1170=CARTESIAN_POINT('',(17.0663254411899,12.1790442853713,-29.1846926055755));
#1171=CARTESIAN_POINT('',(17.6287246894378,11.9566690064734,-29.1479889548012));
#1172=CARTESIAN_POINT('',(19.2955431290725,11.261038198723,-29.0051438226692));
#1173=CARTESIAN_POINT('',(20.379664153681,10.7594982304998,-28.8661922689));
#1174=CARTESIAN_POINT('',(22.5028922032524,9.70063407130315,-28.4918889685144));
#1175=CARTESIAN_POINT('',(23.5419637890381,9.14322459782507,-28.2565499067841));
#1176=CARTESIAN_POINT('',(25.5819295060671,7.98605022763869,-27.6827834021261));
#1177=CARTESIAN_POINT('',(26.5828101586762,7.38623220969886,-27.3443697963821));
#1178=CARTESIAN_POINT('',(27.567271653777,6.76989526201866,-26.9519818240548));
#1179=CARTESIAN_POINT('',(-7.58941520739853E-16,15.,-30.2104746490953));
#1180=CARTESIAN_POINT('',(1.2444899124554,15.392672267822,-30.359222448913));
#1181=CARTESIAN_POINT('',(2.50592973137552,15.6540536290727,-30.4944689851256));
#1182=CARTESIAN_POINT('',(4.42021357006654,15.8708348818676,-30.6835483650087));
#1183=CARTESIAN_POINT('',(5.06202411882661,15.913845061656,-30.7440825662256));
#1184=CARTESIAN_POINT('',(6.35279534236222,15.9445106262156,-30.8592405999032));
#1185=CARTESIAN_POINT('',(7.00247734190266,15.9321221362629,-30.9139140761171));
#1186=CARTESIAN_POINT('',(8.95757247297742,15.816427787418,-31.0657320968798));
#1187=CARTESIAN_POINT('',(10.2385526417208,15.6374291918716,-31.1484651717973));
#1188=CARTESIAN_POINT('',(12.7662919799992,15.1204636416499,-31.2603136096472));
#1189=CARTESIAN_POINT('',(14.0129965098009,14.7822355420652,-31.2892895116571));
#1190=CARTESIAN_POINT('',(15.8628787234423,14.1778776587906,-31.2768973415615));
#1191=CARTESIAN_POINT('',(16.4769701009166,13.9598417029608,-31.2634049372168));
#1192=CARTESIAN_POINT('',(17.6954879381723,13.4955299809869,-31.2152124322808));
#1193=CARTESIAN_POINT('',(18.2961043998156,13.2507676013589,-31.1806867431652));
#1194=CARTESIAN_POINT('',(20.0744563421976,12.4840629098412,-31.043597492029));
#1195=CARTESIAN_POINT('',(21.2287968745697,11.929926098099,-30.9074412765817));
#1196=CARTESIAN_POINT('',(23.4846406643141,10.7574489514711,-30.5356447148198));
#1197=CARTESIAN_POINT('',(24.5860951569622,10.1390135244399,-30.3000120311995));
#1198=CARTESIAN_POINT('',(26.7428917669093,8.85337156551565,-29.7217693460539));
#1199=CARTESIAN_POINT('',(27.798208314618,8.18611145353351,-29.3791699998276));
#1200=CARTESIAN_POINT('',(28.833,7.50022070505423,-28.9804187840865));
#1201=CARTESIAN_POINT('',(28.833,7.50022070505423,-28.9804187840865));
#1202=CARTESIAN_POINT('',(28.411090551259,7.25677889070904,-28.3042731307426));
#1203=CARTESIAN_POINT('',(27.989181102518,7.01333707636385,-27.6281274773987));
#1204=CARTESIAN_POINT('',(27.567271653777,6.76989526201866,-26.9519818240548));
#1205=CARTESIAN_POINT('',(27.5616533140442,-6.77101821795954,-26.9550937887017));
#1206=CARTESIAN_POINT('',(27.5264536242368,-4.49276530297457,-27.7974598235903));
#1207=CARTESIAN_POINT('',(27.5057176305035,-2.24574220040787,-28.2120550957843));
#1208=CARTESIAN_POINT('',(27.507693201862,2.24574001352136,-28.2108189441072));
#1209=CARTESIAN_POINT('',(27.5304077813467,4.49228358870422,-27.7950237506012));
#1210=CARTESIAN_POINT('',(27.567271653777,6.76989526201866,-26.9519818240548));
#1211=CARTESIAN_POINT('',(28.833,-7.50022313960826,-28.9804179075411));
#1212=CARTESIAN_POINT('',(28.833,-5.00014916549784,-29.8805534608825));
#1213=CARTESIAN_POINT('',(28.833,-2.50007519138743,-30.3306213105986));
#1214=CARTESIAN_POINT('',(28.833,2.5000727568334,-30.3306216027804));
#1215=CARTESIAN_POINT('',(28.833,5.00014673094383,-29.8805540452461));
#1216=CARTESIAN_POINT('',(28.833,7.50022070505423,-28.9804187840865));
#1217=CARTESIAN_POINT('',(28.833,-7.50022313960825,-28.9804179075412));
#1218=CARTESIAN_POINT('',(28.4092177713481,-7.25715483239201,-28.305309867928));
#1219=CARTESIAN_POINT('',(27.9854355426961,-7.01408652517578,-27.6302018283149));
#1220=CARTESIAN_POINT('',(27.5616533140442,-6.77101821795954,-26.9550937887017));
#1221=CARTESIAN_POINT('',(0.684008765764683,-13.593002630855,-28.1881286698128));
#1222=CARTESIAN_POINT('',(1.8250657995085,-13.9389894664806,-28.3387393447468));
#1223=CARTESIAN_POINT('',(2.98380140332266,-14.1707590311009,-28.4757444605423));
#1224=CARTESIAN_POINT('',(5.3337424892371,-14.426950712408,-28.7296026991559));
#1225=CARTESIAN_POINT('',(6.52496572691315,-14.4514008707464,-28.8462530418747));
#1226=CARTESIAN_POINT('',(8.93846898998318,-14.3115523602998,-29.0472917073452));
#1227=CARTESIAN_POINT('',(10.1281656587435,-14.1496319501589,-29.1285775379086));
#1228=CARTESIAN_POINT('',(12.4790191177728,-13.6813174203505,-29.2364518853046));
#1229=CARTESIAN_POINT('',(13.6405848717967,-13.3747046557308,-29.2629411464054));
#1230=CARTESIAN_POINT('',(15.366912500509,-12.8265943226397,-29.2466932105926));
#1231=CARTESIAN_POINT('',(15.9400360555871,-12.6289824997321,-29.2319143660756));
#1232=CARTESIAN_POINT('',(17.0801342264697,-12.2074070430991,-29.1811503144886));
#1233=CARTESIAN_POINT('',(17.6424202573892,-11.985210877679,-29.145380348078));
#1234=CARTESIAN_POINT('',(19.3083254507952,-11.2893874664414,-29.0049213085804));
#1235=CARTESIAN_POINT('',(20.3910766207751,-10.7867483985063,-28.867000307871));
#1236=CARTESIAN_POINT('',(22.5106091640092,-9.72375846149842,-28.4939925820559));
#1237=CARTESIAN_POINT('',(23.5473566684992,-9.16331944481947,-28.2589185850746));
#1238=CARTESIAN_POINT('',(25.5821471114558,-7.99812627807879,-27.6854831314327));
#1239=CARTESIAN_POINT('',(26.5801738969761,-7.39331742879378,-27.347138177824));
#1240=CARTESIAN_POINT('',(27.5616533140442,-6.77101821795954,-26.9550937887017));
#1241=CARTESIAN_POINT('',(0.,-15.,-30.1381262112409));
#1242=CARTESIAN_POINT('',(1.24536868030015,-15.3869349031205,-30.2957811296097));
#1243=CARTESIAN_POINT('',(2.50707362202969,-15.6473289140775,-30.4386636741144));
#1244=CARTESIAN_POINT('',(5.05928626908744,-15.9392027194659,-30.7040260291819));
#1245=CARTESIAN_POINT('',(6.34982829227083,-15.9707204811963,-30.8262937691759));
#1246=CARTESIAN_POINT('',(8.95851877142409,-15.8254453950199,-31.0390980149896));
#1247=CARTESIAN_POINT('',(10.2414938842972,-15.6511386896827,-31.1263626936237));
#1248=CARTESIAN_POINT('',(12.7719237716112,-15.142125663363,-31.2461178886107));
#1249=CARTESIAN_POINT('',(14.0198266878323,-14.807161480571,-31.278498545567));
#1250=CARTESIAN_POINT('',(15.8711765745574,-14.2059632011738,-31.2703325992683));
#1251=CARTESIAN_POINT('',(16.4852448053065,-13.9888737998915,-31.2581194780987));
#1252=CARTESIAN_POINT('',(17.7056448280916,-13.5250407007538,-31.212071808905));
#1253=CARTESIAN_POINT('',(18.306958318564,-13.280241562904,-31.1784324483626));
#1254=CARTESIAN_POINT('',(20.0867295493907,-12.5126583108462,-31.0434894610106));
#1255=CARTESIAN_POINT('',(21.2411205671286,-11.9569135492992,-30.9080703011023));
#1256=CARTESIAN_POINT('',(23.4955967076061,-10.7794735660211,-30.5368075676022));
#1257=CARTESIAN_POINT('',(24.5956332999539,-10.1576841137589,-30.3009724677737));
#1258=CARTESIAN_POINT('',(26.7484453042404,-8.86381318472506,-29.7221381724014));
#1259=CARTESIAN_POINT('',(27.801195440627,-8.19167793394307,-29.3791536261722));
#1260=CARTESIAN_POINT('',(28.833,-7.50022313960825,-28.9804179075412));
#1261=CARTESIAN_POINT('',(52.567,0.000131004886898586,-23.9459969894977));
#1262=CARTESIAN_POINT('',(52.567,0.000131004886898614,-23.9459969894977));
#1263=CARTESIAN_POINT('',(52.567,2.2501310048869,-23.9459969894977));
#1264=CARTESIAN_POINT('',(52.567,0.000131004886898614,-23.9459969894977));
#1265=CARTESIAN_POINT('',(52.567,-3.99986899472837,-23.9460524679209));
#1266=CARTESIAN_POINT('',(57.567,0.000131004886898614,-23.9459969894977));
#1267=CARTESIAN_POINT('',(57.567,0.000131004886898614,-23.9459969894977));
#1268=CARTESIAN_POINT('',(57.567,2.2501310048869,-23.9459969894977));
#1269=CARTESIAN_POINT('',(57.567,0.000131004886898614,-23.9459969894977));
#1270=CARTESIAN_POINT('',(52.567,0.000131004886898614,-23.9459969894977));
#1271=CARTESIAN_POINT('',(47.567,0.000131004886898614,-23.9459969894977));
#1272=CARTESIAN_POINT('',(47.567,-3.99986899472837,-23.9460524679209));
#1273=CARTESIAN_POINT('',(37.567,0.,0.));
#1274=CARTESIAN_POINT('',(37.567,-4.41765796070545,-22.8078726854144));
#1275=CARTESIAN_POINT('',(37.567,-4.41765796070545,-22.8078726854144));
#1276=CARTESIAN_POINT('',(37.567,4.41762861553174,-22.8077501434726));
#1277=CARTESIAN_POINT('',(37.567,4.41762861553174,-22.8077501434726));
#1278=CARTESIAN_POINT('',(37.567,5.00000045109436,-25.2340786471532));
#1279=CARTESIAN_POINT('',(37.567,6.95154016152255E-6,-4.40262291780114));
#1280=CARTESIAN_POINT('',(37.567,-5.00000000000216,-25.2340754183847));
#1281=CARTESIAN_POINT('',(37.567,-5.00000000000216,-25.2340754183847));
#1282=CARTESIAN_POINT('',(42.567,-5.00000000000216,-25.2340754183847));
#1283=CARTESIAN_POINT('',(42.567,-5.00000000000216,-25.2340754183847));
#1284=CARTESIAN_POINT('',(43.6982405988297,-5.00000000000216,-25.2340754183847));
#1285=CARTESIAN_POINT('',(43.6982405988297,-5.00000000000216,-25.2340754183847));
#1286=CARTESIAN_POINT('',(43.7558742653761,-4.94743019496289,-25.015054643563));
#1287=CARTESIAN_POINT('',(43.9057673500927,-4.84593978484233,-24.5922166999));
#1288=CARTESIAN_POINT('',(44.2295035997127,-4.70137604746206,-23.9899230115652));
#1289=CARTESIAN_POINT('',(44.6174712130422,-4.56981037919212,-23.4417829797944));
#1290=CARTESIAN_POINT('',(44.8811542446466,-4.47184376833938,-23.0336261871338));
#1291=CARTESIAN_POINT('',(44.8477247459918,-4.41765796070545,-22.8078726854144));
#1292=CARTESIAN_POINT('',(44.8477247459918,-4.41765796070545,-22.8078726854144));
#1293=CARTESIAN_POINT('',(42.567,-4.41765796070545,-22.8078726854144));
#1294=CARTESIAN_POINT('',(42.567,4.41762861553174,-22.8077501434726));
#1295=CARTESIAN_POINT('',(42.567,4.41762861553174,-22.8077501434726));
#1296=CARTESIAN_POINT('',(44.8479700008823,4.41762861553174,-22.8077501434726));
#1297=CARTESIAN_POINT('',(44.8479700008823,4.41762861553174,-22.8077501434726));
#1298=CARTESIAN_POINT('',(44.8814995888161,4.47181108844883,-23.033489903555));
#1299=CARTESIAN_POINT('',(44.6177730483281,4.56977946548321,-23.4416543290002));
#1300=CARTESIAN_POINT('',(44.2297060949841,4.70133653185288,-23.9897588912425));
#1301=CARTESIAN_POINT('',(43.9058442636454,4.84592641365458,-24.5921619096171));
#1302=CARTESIAN_POINT('',(43.7559166260254,4.94742700576705,-25.0150425586187));
#1303=CARTESIAN_POINT('',(43.6982707158388,5.00000045109436,-25.2340786471532));
#1304=CARTESIAN_POINT('',(43.6982707158388,5.00000045109436,-25.2340786471532));
#1305=CARTESIAN_POINT('',(42.567,5.00000045109436,-25.2340786471532));
#1306=CARTESIAN_POINT('',(44.8450689451593,-4.41376851885291,-22.7916681633027));
#1307=CARTESIAN_POINT('',(46.4247744175345,-4.34937735350984,-22.5233962358232));
#1308=CARTESIAN_POINT('',(47.567,-3.22566136334096,-22.587960319491));
#1309=CARTESIAN_POINT('',(44.8552953272263,-4.42743467457126,-22.8486052588851));
#1310=CARTESIAN_POINT('',(46.4158899632509,-4.40293496042452,-22.7465324744911));
#1311=CARTESIAN_POINT('',(47.5669998293333,-3.36357705644731,-22.9155559178958));
#1312=CARTESIAN_POINT('',(44.8559165428081,-4.4551439219594,-22.96404987254));
#1313=CARTESIAN_POINT('',(46.4153984224655,-4.51731779877769,-23.223083944747));
#1314=CARTESIAN_POINT('',(47.5670000791962,-3.54541653303052,-23.6613110745718));
#1315=CARTESIAN_POINT('',(44.8005212125028,-4.49462474804983,-23.1285382345278));
#1316=CARTESIAN_POINT('',(46.4641814750218,-4.66742752617101,-23.8484838064612));
#1317=CARTESIAN_POINT('',(47.5669999788133,-3.46383504645191,-24.6447579358272));
#1318=CARTESIAN_POINT('',(44.7173921817486,-4.53111448147718,-23.2805648528941));
#1319=CARTESIAN_POINT('',(46.5351376959114,-4.7824142581546,-24.3275512695127));
#1320=CARTESIAN_POINT('',(47.5670000055506,-3.23474047244192,-25.3271445911722));
#1321=CARTESIAN_POINT('',(44.5918268937063,-4.57754790330148,-23.4740197081666));
#1322=CARTESIAN_POINT('',(46.6403704980321,-4.90184699971594,-24.8251420742777));
#1323=CARTESIAN_POINT('',(47.5669999967958,-2.90048547476915,-25.9473845617498));
#1324=CARTESIAN_POINT('',(44.4257862153532,-4.63427753902699,-23.710371521963));
#1325=CARTESIAN_POINT('',(46.7737729408377,-5.00322137603965,-25.2474965881075));
#1326=CARTESIAN_POINT('',(47.5670000010855,-2.5326047088932,-26.3787702495607));
#1327=CARTESIAN_POINT('',(44.2358457359417,-4.7037237054014,-23.9997040229368));
#1328=CARTESIAN_POINT('',(46.9201879429653,-5.08358825761835,-25.582327897834));
#1329=CARTESIAN_POINT('',(47.5669999997202,-2.21131169938823,-26.666506168514));
#1330=CARTESIAN_POINT('',(44.0630075260747,-4.77561534397033,-24.2992250573177));
#1331=CARTESIAN_POINT('',(47.0523999474836,-5.13852676846532,-25.811217375439));
#1332=CARTESIAN_POINT('',(47.5670000000337,-1.97395050480996,-26.8394686193458));
#1333=CARTESIAN_POINT('',(43.8637522039701,-4.87393348815484,-24.7088464379227));
#1334=CARTESIAN_POINT('',(47.2089597957902,-5.18916521447537,-26.0221915586744));
#1335=CARTESIAN_POINT('',(47.5670000001822,-1.73938139491957,-26.9873983513757));
#1336=CARTESIAN_POINT('',(43.7511664561387,-4.95090136606395,-25.0295165306392));
#1337=CARTESIAN_POINT('',(47.3042414789043,-5.20939778386886,-26.1064862031249));
#1338=CARTESIAN_POINT('',(47.5669999989881,-1.62406273036462,-27.0471368573367));
#1339=CARTESIAN_POINT('',(43.6941539559679,-5.00375792259263,-25.2497319938061));
#1340=CARTESIAN_POINT('',(47.3609867636528,-5.21920402382241,-26.1473417906925));
#1341=CARTESIAN_POINT('',(47.567,-1.56030361495865,-27.0788940189559));
#1342=CARTESIAN_POINT('',(47.567,-3.08291874274761,-25.602742067538));
#1343=CARTESIAN_POINT('',(47.1108023726852,-3.67734633186874,-25.5163002850673));
#1344=CARTESIAN_POINT('',(45.9172727525942,-4.59232967960656,-25.3351277372365));
#1345=CARTESIAN_POINT('',(44.451641491103,-5.0000000000018,-25.2340754183848));
#1346=CARTESIAN_POINT('',(43.6982405988297,-5.00000000000215,-25.2340754183847));
#1347=CARTESIAN_POINT('',(47.567,-3.0829187427476,-25.602742067538));
#1348=CARTESIAN_POINT('',(47.567,-3.08291874274761,-25.602742067538));
#1349=CARTESIAN_POINT('',(47.567,-3.54186713638363,-24.7486814471495));
#1350=CARTESIAN_POINT('',(47.567,-3.62493345815217,-23.724726091884));
#1351=CARTESIAN_POINT('',(47.567,-3.30964815505803,-22.8078573177552));
#1352=CARTESIAN_POINT('',(47.567,-3.30964815505805,-22.8078573177552));
#1353=CARTESIAN_POINT('',(44.8477247459918,-4.41765796070545,-22.8078726854144));
#1354=CARTESIAN_POINT('',(45.8620573216164,-4.41765796070545,-22.8078726854144));
#1355=CARTESIAN_POINT('',(46.8418838717186,-4.01913478116012,-22.807867158055));
#1356=CARTESIAN_POINT('',(47.567,-3.30964815505804,-22.8078573177552));
#1357=CARTESIAN_POINT('',(47.567,3.22537186377021,-22.5866510430258));
#1358=CARTESIAN_POINT('',(46.4248684143764,4.34918334482059,-22.5225874671077));
#1359=CARTESIAN_POINT('',(44.8453060097991,4.41373816857954,-22.791541422934));
#1360=CARTESIAN_POINT('',(47.5669998296513,3.36350410853066,-22.9143889579366));
#1361=CARTESIAN_POINT('',(46.4159573176051,4.40277022278808,-22.7458458073918));
#1362=CARTESIAN_POINT('',(44.8555622424962,4.42740821308029,-22.8484947585752));
#1363=CARTESIAN_POINT('',(47.5670000790487,3.54565324407942,-23.6602677438513));
#1364=CARTESIAN_POINT('',(46.4154255249909,4.51717033848138,-23.2224695803506));
#1365=CARTESIAN_POINT('',(44.8562286562518,4.45511016296823,-22.9639090463484));
#1366=CARTESIAN_POINT('',(47.5669999788528,3.46419202891132,-24.6445396417183));
#1367=CARTESIAN_POINT('',(46.4642082231306,4.66738840034969,-23.8483212150312));
#1368=CARTESIAN_POINT('',(44.8008407353028,4.49460046580249,-23.1284370017451));
#1369=CARTESIAN_POINT('',(47.5670000055402,3.23500915067199,-25.32714487986));
#1370=CARTESIAN_POINT('',(46.5351737167324,4.78240166699725,-24.3274995511518));
#1371=CARTESIAN_POINT('',(44.7177064471624,4.53108412786149,-23.280438427238));
#1372=CARTESIAN_POINT('',(47.5669999968017,2.90059338933688,-25.9476491834259));
#1373=CARTESIAN_POINT('',(46.640436865306,4.9018802911417,-24.8252818504317));
#1374=CARTESIAN_POINT('',(44.5921057033112,4.57751915877413,-23.473900116476));
#1375=CARTESIAN_POINT('',(47.5670000010835,2.53259875582416,-26.3790437078547));
#1376=CARTESIAN_POINT('',(46.7738602468546,5.00326471307086,-25.2476785010497));
#1377=CARTESIAN_POINT('',(44.4260219031356,4.634247091556,-23.7102449941959));
#1378=CARTESIAN_POINT('',(47.5669999997208,2.21127215558765,-26.6667535253468));
#1379=CARTESIAN_POINT('',(46.9202759190336,5.08363253262292,-25.5825139437175));
#1380=CARTESIAN_POINT('',(44.2360419410175,4.70368994396654,-23.9995638827335));
#1381=CARTESIAN_POINT('',(47.5670000000336,1.97386987246425,-26.8397022815639));
#1382=CARTESIAN_POINT('',(47.0525016817738,5.13857540569019,-25.8114217494464));
#1383=CARTESIAN_POINT('',(44.063135659298,4.77559322882387,-24.2991336402391));
#1384=CARTESIAN_POINT('',(47.5670000001822,1.73930082467414,-26.9875930672464));
#1385=CARTESIAN_POINT('',(47.2090585637038,5.18920934396829,-26.0223772939921));
#1386=CARTESIAN_POINT('',(43.863812365595,4.87392730878018,-24.7088216891996));
#1387=CARTESIAN_POINT('',(47.5669999989884,1.62401051153205,-27.0473008464618));
#1388=CARTESIAN_POINT('',(47.3043178625393,5.20943460825541,-26.1066415599316));
#1389=CARTESIAN_POINT('',(43.7512050570084,4.95090101243824,-25.0295162692165));
#1390=CARTESIAN_POINT('',(47.567,1.56027042670635,-27.0790410339511));
#1391=CARTESIAN_POINT('',(47.3610457176658,5.21923699998312,-26.1474811421477));
#1392=CARTESIAN_POINT('',(43.6941834130344,5.00375844117477,-25.2497355142815));
#1393=CARTESIAN_POINT('',(47.567,3.30987859246131,-22.8077655075287));
#1394=CARTESIAN_POINT('',(46.8420251602525,4.0190937328591,-22.8077556709943));
#1395=CARTESIAN_POINT('',(45.8621332558396,4.41762861553174,-22.8077501434726));
#1396=CARTESIAN_POINT('',(44.8479700008823,4.41762861553174,-22.8077501434726));
#1397=CARTESIAN_POINT('',(47.567,3.30987859246133,-22.8077655075287));
#1398=CARTESIAN_POINT('',(47.567,3.30987859246134,-22.8077655075288));
#1399=CARTESIAN_POINT('',(47.567,3.62519506855641,-23.7246422260261));
#1400=CARTESIAN_POINT('',(47.567,3.54214769058011,-24.7486209333783));
#1401=CARTESIAN_POINT('',(47.567,3.08320178495348,-25.6027029275264));
#1402=CARTESIAN_POINT('',(47.567,3.08320178495348,-25.6027029275264));
#1403=CARTESIAN_POINT('',(43.6982707158388,5.00000045109436,-25.2340786471532));
#1404=CARTESIAN_POINT('',(44.4516643316716,5.00000045109398,-25.2340786471533));
#1405=CARTESIAN_POINT('',(45.9105425907683,4.59600566434831,-25.3343749605154));
#1406=CARTESIAN_POINT('',(47.1114462405207,3.67664615072182,-25.5163964323804));
#1407=CARTESIAN_POINT('',(47.567,3.08320178495349,-25.6027029275264));
#1408=CARTESIAN_POINT('',(42.567,-4.41765796070545,-22.8078726854144));
#1409=CARTESIAN_POINT('',(47.567,-4.41765796070545,-22.8078726854144));
#1410=CARTESIAN_POINT('',(42.567,6.95154016152255E-6,-4.40262291780114));
#1411=CARTESIAN_POINT('',(47.567,6.95154016152255E-6,-4.40262291780114));
#1412=CARTESIAN_POINT('',(47.567,0.000131004886898586,-23.9459969894977));
#1413=MECHANICAL_DESIGN_GEOMETRIC_PRESENTATION_REPRESENTATION('',(#351,
#352,#353),#1414);
#1414=(
GEOMETRIC_REPRESENTATION_CONTEXT(3)
GLOBAL_UNCERTAINTY_ASSIGNED_CONTEXT((#1415))
GLOBAL_UNIT_ASSIGNED_CONTEXT((#1418,#1417,#1416))
REPRESENTATION_CONTEXT('Tool','TOP_LEVEL_ASSEMBLY_PART')
);
#1415=UNCERTAINTY_MEASURE_WITH_UNIT(LENGTH_MEASURE(0.005),#1418,
'DISTANCE_ACCURACY_VALUE','Maximum Tolerance applied to model');
#1416=(
NAMED_UNIT(*)
SI_UNIT($,.STERADIAN.)
SOLID_ANGLE_UNIT()
);
#1417=(
NAMED_UNIT(*)
PLANE_ANGLE_UNIT()
SI_UNIT($,.RADIAN.)
);
#1418=(
LENGTH_UNIT()
NAMED_UNIT(*)
SI_UNIT(.MILLI.,.METRE.)
);
#1419=PRODUCT_DEFINITION_SHAPE('','',#1420);
#1420=PRODUCT_DEFINITION('','',#1422,#1421);
#1421=PRODUCT_DEFINITION_CONTEXT('',#1428,'design');
#1422=PRODUCT_DEFINITION_FORMATION_WITH_SPECIFIED_SOURCE('','',#1424,
 .NOT_KNOWN.);
#1423=PRODUCT_RELATED_PRODUCT_CATEGORY('','',(#1424));
#1424=PRODUCT('Tool','Tool','Tool',(#1426));
#1425=PRODUCT_CATEGORY('','');
#1426=PRODUCT_CONTEXT('',#1428,'mechanical');
#1427=APPLICATION_PROTOCOL_DEFINITION('international standard',
'automotive_design',2010,#1428);
#1428=APPLICATION_CONTEXT(
'core data for automotive mechanical design processes');
ENDSEC;
END-ISO-10303-21;
